# Blender 5.1.0
# www.blender.org
mtllib Silla.mtl
o Leg_Leg_0
v 0.000000 0.000000 -0.248955
v 0.118324 0.000000 -0.248862
v 0.118324 -0.003539 -0.248010
v 0.000000 -0.003569 -0.248096
v 0.118324 -0.006540 -0.245584
v 0.000000 -0.006594 -0.245650
v 0.118324 -0.008544 -0.241954
v 0.000000 -0.008616 -0.241990
v 0.118324 -0.009248 -0.237671
v 0.000000 -0.009326 -0.237671
v 0.000000 -0.009326 -0.237671
v 0.118324 -0.009248 -0.237671
v 0.118324 -0.008544 -0.233389
v 0.000000 -0.008616 -0.233353
v 0.118324 -0.006540 -0.229758
v 0.000000 -0.006594 -0.229693
v 0.118324 -0.003539 -0.227333
v 0.000000 -0.003569 -0.227246
v 0.118324 0.000000 -0.226481
v 0.000000 0.000000 -0.226388
v 0.118324 0.003539 -0.227333
v 0.000000 0.003569 -0.227246
v 0.118324 0.006540 -0.229758
v 0.000000 0.006594 -0.229693
v 0.118324 0.008544 -0.233389
v 0.000000 0.008616 -0.233353
v 0.118324 0.009248 -0.237671
v 0.000000 0.009326 -0.237671
v 0.118324 0.008544 -0.241954
v 0.000000 0.008616 -0.241990
v 0.118324 0.006540 -0.245584
v 0.000000 0.006594 -0.245650
v 0.139416 -0.008748 -0.239803
v 0.138737 -0.009468 -0.235485
v 0.118324 0.003539 -0.248010
v 0.000000 0.003569 -0.248096
v 0.137096 0.003623 -0.225061
v 0.136961 0.000000 -0.224202
v 0.155002 0.000000 -0.218596
v 0.155268 0.003623 -0.219415
v 0.138057 0.008748 -0.231167
v 0.138737 0.009468 -0.235485
v 0.138737 -0.009468 -0.235485
v 0.138057 -0.008748 -0.231167
v 0.139416 0.008748 -0.239803
v 0.137481 -0.006695 -0.227507
v 0.139992 0.006695 -0.243463
v 0.137096 -0.003623 -0.225061
v 0.140513 0.000000 -0.246768
v 0.140377 -0.003623 -0.245909
v 0.140377 0.003623 -0.245909
v 0.139992 -0.006695 -0.243463
v 0.137481 0.006695 -0.227507
v 0.160973 0.006695 -0.236974
v 0.159839 0.008748 -0.233481
v 0.179007 0.008910 -0.223353
v 0.180697 0.006819 -0.226632
v 0.161732 -0.003623 -0.239308
v 0.160973 -0.006695 -0.236974
v 0.156027 0.006695 -0.221749
v 0.159839 -0.008748 -0.233481
v 0.157161 0.008748 -0.225242
v 0.158500 -0.009468 -0.229361
v 0.158500 0.009468 -0.229361
v 0.158500 -0.009468 -0.229361
v 0.157162 -0.008748 -0.225241
v 0.156027 -0.006695 -0.221749
v 0.155268 -0.003623 -0.219415
v 0.161732 0.003623 -0.239308
v 0.161998 0.000000 -0.240127
v 0.177014 -0.009644 -0.219486
v 0.179007 -0.008910 -0.223353
v 0.196278 -0.008910 -0.209580
v 0.193716 -0.009644 -0.206159
v 0.173331 -0.006819 -0.212340
v 0.172202 -0.003690 -0.210150
v 0.181826 0.003691 -0.228823
v 0.171806 0.000000 -0.209381
v 0.182222 0.000000 -0.229592
v 0.181826 -0.003690 -0.228823
v 0.172202 0.003691 -0.210150
v 0.180697 -0.006819 -0.226632
v 0.173331 0.006819 -0.212340
v 0.175021 0.008910 -0.215619
v 0.177014 0.009644 -0.219486
v 0.177014 -0.009644 -0.219486
v 0.175021 -0.008910 -0.215619
v 0.187530 0.003691 -0.197901
v 0.187020 0.000000 -0.197221
v 0.200119 0.000000 -0.182286
v 0.200726 0.003691 -0.182857
v 0.191154 0.008910 -0.202739
v 0.193716 0.009644 -0.206159
v 0.193716 -0.009644 -0.206159
v 0.191154 -0.008910 -0.202739
v 0.196278 0.008910 -0.209580
v 0.188982 -0.006819 -0.199839
v 0.198451 0.006819 -0.212480
v 0.187530 -0.003690 -0.197901
v 0.199902 0.003691 -0.214418
v 0.200412 0.000000 -0.215098
v 0.199902 -0.003690 -0.214418
v 0.198451 -0.006819 -0.212480
v 0.188982 0.006819 -0.199839
v 0.213741 0.006819 -0.195090
v 0.211152 0.008910 -0.192657
v 0.223177 0.008910 -0.173097
v 0.226103 0.006819 -0.174990
v 0.215471 -0.003690 -0.196716
v 0.213741 -0.006819 -0.195090
v 0.202456 0.006819 -0.184483
v 0.211152 -0.008910 -0.192657
v 0.205045 0.008910 -0.186916
v 0.208098 -0.009644 -0.189786
v 0.208098 0.009644 -0.189786
v 0.208098 -0.009644 -0.189786
v 0.205045 -0.008910 -0.186916
v 0.202456 -0.006819 -0.184483
v 0.200726 -0.003690 -0.182857
v 0.215471 0.003691 -0.196716
v 0.216078 0.000000 -0.197287
v 0.219724 0.009644 -0.170864
v 0.216272 0.008910 -0.168631
v 0.224495 0.008910 -0.148441
v 0.228240 0.009644 -0.149968
v 0.213346 -0.006819 -0.166739
v 0.211390 -0.003690 -0.165474
v 0.228059 0.003691 -0.176254
v 0.210703 0.000000 -0.165030
v 0.228745 0.000000 -0.176699
v 0.228059 -0.003690 -0.176254
v 0.211390 0.003691 -0.165474
v 0.226103 -0.006819 -0.174990
v 0.213346 0.006819 -0.166739
v 0.223177 -0.008910 -0.173097
v 0.219724 -0.009644 -0.170864
v 0.219724 -0.009644 -0.170864
v 0.216272 -0.008910 -0.168631
v 0.235162 -0.006819 -0.152790
v 0.237284 -0.003690 -0.153655
v 0.242866 -0.003690 -0.129605
v 0.240642 -0.006819 -0.129165
v 0.228240 -0.009644 -0.149968
v 0.224495 -0.008910 -0.148441
v 0.231986 0.008910 -0.151495
v 0.221319 -0.006819 -0.147146
v 0.235162 0.006819 -0.152790
v 0.219197 -0.003690 -0.146281
v 0.237284 0.003691 -0.153655
v 0.218452 0.000000 -0.145977
v 0.238029 0.000000 -0.153959
v 0.219197 0.003691 -0.146281
v 0.221319 0.006819 -0.147146
v 0.231986 -0.008910 -0.151495
v 0.228240 -0.009644 -0.149968
v 0.223911 -0.003690 -0.125860
v 0.226134 -0.006819 -0.126300
v 0.227645 -0.006819 -0.104834
v 0.225387 -0.003690 -0.104834
v 0.223911 0.003691 -0.125860
v 0.226134 0.006819 -0.126300
v 0.237314 -0.008910 -0.128508
v 0.229462 0.008910 -0.126957
v 0.233388 -0.009644 -0.127732
v 0.233388 0.009644 -0.127733
v 0.233388 -0.009644 -0.127732
v 0.229462 -0.008910 -0.126957
v 0.237314 0.008910 -0.128508
v 0.240642 0.006819 -0.129165
v 0.242866 0.003691 -0.129605
v 0.223130 0.000000 -0.125706
v 0.243646 0.000000 -0.129759
v 0.235011 0.009644 -0.104834
v 0.231024 0.008910 -0.104834
v 0.230992 0.008984 0.160095
v 0.235011 0.009724 0.160095
v 0.242376 0.006819 -0.104834
v 0.244634 0.003691 -0.104834
v 0.224594 0.000000 -0.104834
v 0.245427 0.000000 -0.104834
v 0.244634 -0.003690 -0.104834
v 0.225387 0.003691 -0.104834
v 0.242376 -0.006819 -0.104834
v 0.227645 0.006819 -0.104834
v 0.238997 -0.008910 -0.104834
v 0.235011 -0.009644 -0.104834
v 0.235011 -0.009644 -0.104834
v 0.231025 -0.008910 -0.104834
v 0.238997 0.008910 -0.104834
v 0.235011 -0.009724 0.160095
v 0.230992 -0.008984 0.160095
v 0.239031 0.008984 0.160095
v 0.227584 -0.006876 0.160095
v 0.242438 0.006876 0.160095
v 0.225307 -0.003721 0.160095
v 0.244715 0.003722 0.160095
v 0.224508 0.000000 0.160095
v 0.245515 0.000000 0.160095
v 0.244715 -0.003721 0.160095
v 0.225307 0.003722 0.160095
v 0.242438 -0.006876 0.160095
v 0.227584 0.006876 0.160095
v 0.239031 -0.008984 0.160095
v 0.235011 -0.009724 0.160095
v 0.225307 0.005312 0.182065
v 0.227584 0.008419 0.181402
v 0.244715 0.005312 0.182065
v 0.242438 0.008419 0.181402
v 0.242438 0.012996 0.202061
v 0.244715 0.010032 0.203366
v 0.242438 -0.005124 0.184291
v 0.239031 -0.007200 0.184734
v 0.230992 0.010495 0.180959
v 0.235011 -0.007929 0.184890
v 0.235011 0.011224 0.180804
v 0.235011 -0.007929 0.184890
v 0.230992 -0.007200 0.184734
v 0.239031 0.010495 0.180959
v 0.227584 -0.005124 0.184292
v 0.225307 -0.002017 0.183629
v 0.224508 0.001648 0.182847
v 0.245515 0.001648 0.182847
v 0.244715 -0.002017 0.183629
v 0.239031 0.014977 0.201188
v 0.235011 0.015673 0.200882
v 0.235011 0.022935 0.219721
v 0.239031 0.022294 0.220169
v 0.225307 0.003038 0.206446
v 0.224508 0.006535 0.204906
v 0.245515 0.006535 0.204906
v 0.244715 0.003038 0.206446
v 0.225307 0.010032 0.203366
v 0.242438 0.000074 0.207752
v 0.227584 0.012996 0.202061
v 0.239031 -0.001907 0.208624
v 0.230992 0.014977 0.201188
v 0.235011 -0.002603 0.208931
v 0.235011 -0.002603 0.208931
v 0.230992 -0.001907 0.208624
v 0.227584 0.000074 0.207752
v 0.239031 0.006734 0.231039
v 0.242438 0.008559 0.229764
v 0.241763 0.020554 0.249172
v 0.238665 0.019086 0.250663
v 0.230992 0.006734 0.231039
v 0.227584 0.008559 0.229764
v 0.242438 0.020469 0.221444
v 0.225307 0.011291 0.227855
v 0.244715 0.017737 0.223353
v 0.224508 0.014514 0.225604
v 0.245515 0.014514 0.225604
v 0.244715 0.011291 0.227855
v 0.225307 0.017737 0.223353
v 0.227584 0.020469 0.221444
v 0.230992 0.022294 0.220169
v 0.235011 0.006093 0.231487
v 0.235011 0.006093 0.231487
v 0.225463 0.025342 0.244310
v 0.226190 0.022751 0.246942
v 0.226190 0.036516 0.263593
v 0.225463 0.038690 0.260458
v 0.228259 0.030131 0.239449
v 0.231357 0.031599 0.237958
v 0.235011 0.018570 0.251186
v 0.235011 0.032114 0.237435
v 0.235011 0.018570 0.251186
v 0.231357 0.019086 0.250663
v 0.238665 0.031599 0.237958
v 0.228259 0.020554 0.249172
v 0.241763 0.030131 0.239449
v 0.243833 0.027934 0.241679
v 0.244560 0.025342 0.244310
v 0.243833 0.022751 0.246942
v 0.226190 0.027934 0.241679
v 0.238665 0.043940 0.252887
v 0.235011 0.044373 0.252264
v 0.235011 0.058573 0.264292
v 0.238665 0.058237 0.264997
v 0.244560 0.038690 0.260458
v 0.243833 0.036516 0.263593
v 0.243833 0.040865 0.257322
v 0.226190 0.040865 0.257322
v 0.241763 0.034672 0.266252
v 0.228259 0.042708 0.254664
v 0.238665 0.033441 0.268028
v 0.231357 0.043940 0.252887
v 0.235011 0.033008 0.268652
v 0.235011 0.033008 0.268652
v 0.231357 0.033441 0.268028
v 0.228259 0.034672 0.266252
v 0.241763 0.042708 0.254664
v 0.238665 0.050069 0.282113
v 0.241763 0.051027 0.280105
v 0.241763 0.069122 0.290312
v 0.238665 0.068467 0.292491
v 0.231357 0.050069 0.282113
v 0.228259 0.051028 0.280105
v 0.241763 0.057278 0.267005
v 0.226190 0.052461 0.277100
v 0.243833 0.055844 0.270010
v 0.225463 0.054153 0.273555
v 0.244560 0.054153 0.273555
v 0.243833 0.052461 0.277100
v 0.226190 0.055844 0.270010
v 0.228259 0.057278 0.267005
v 0.231357 0.058237 0.264997
v 0.235011 0.049733 0.282818
v 0.235011 0.049733 0.282818
v 0.225463 0.071260 0.283204
v 0.226190 0.070103 0.287051
v 0.226190 0.088905 0.293144
v 0.225463 0.089493 0.289113
v 0.228259 0.073398 0.276097
v 0.231357 0.074054 0.273918
v 0.235011 0.068237 0.293256
v 0.235011 0.074284 0.273153
v 0.235011 0.068237 0.293256
v 0.231357 0.068467 0.292491
v 0.238665 0.074054 0.273918
v 0.228259 0.069122 0.290312
v 0.241763 0.073398 0.276097
v 0.243833 0.072417 0.279358
v 0.244560 0.071260 0.283204
v 0.243833 0.070103 0.287051
v 0.226190 0.072417 0.279358
v 0.238665 0.090911 0.279381
v 0.235011 0.091028 0.278579
v 0.235011 0.108296 0.280404
v 0.238665 0.108296 0.281218
v 0.244560 0.089493 0.289113
v 0.243833 0.088905 0.293144
v 0.243833 0.090080 0.285082
v 0.226190 0.090080 0.285082
v 0.241763 0.088407 0.296561
v 0.228259 0.090578 0.281664
v 0.238665 0.088074 0.298845
v 0.231357 0.090911 0.279381
v 0.235011 0.087958 0.299647
v 0.235011 0.087958 0.299647
v 0.231357 0.088074 0.298845
v 0.228259 0.088407 0.296561
v 0.241763 0.090578 0.281664
v 0.231357 0.108296 0.281218
v 0.228259 0.108296 0.283537
v 0.228260 0.327245 0.283536
v 0.231358 0.327245 0.281217
v 0.231357 0.108296 0.300983
v 0.228259 0.108296 0.298664
v 0.241763 0.108296 0.283537
v 0.226190 0.108296 0.295194
v 0.243833 0.108296 0.287007
v 0.225463 0.108296 0.291100
v 0.244560 0.108296 0.291100
v 0.243833 0.108296 0.295194
v 0.226190 0.108296 0.287007
v 0.241763 0.108296 0.298664
v 0.238665 0.108296 0.300983
v 0.235011 0.108296 0.301797
v 0.235011 0.108296 0.301797
v 0.228260 0.344914 0.281853
v 0.231358 0.344581 0.279570
v 0.238666 0.327245 0.300982
v 0.235012 0.327245 0.301796
v 0.235012 0.327245 0.280403
v 0.235012 0.327245 0.301796
v 0.231358 0.327245 0.300982
v 0.238666 0.327245 0.281217
v 0.228260 0.327245 0.298663
v 0.241764 0.327245 0.283536
v 0.226190 0.327245 0.295193
v 0.243834 0.327245 0.287006
v 0.225463 0.327245 0.291100
v 0.244560 0.327245 0.291100
v 0.243834 0.327245 0.295193
v 0.226190 0.327245 0.287006
v 0.241764 0.327245 0.298663
v 0.243834 0.346587 0.293333
v 0.244560 0.346000 0.289302
v 0.244560 0.364211 0.283590
v 0.243834 0.365368 0.287437
v 0.238666 0.347418 0.299034
v 0.235012 0.347535 0.299836
v 0.235012 0.344465 0.278768
v 0.235012 0.347535 0.299836
v 0.231358 0.347418 0.299034
v 0.238666 0.344581 0.279570
v 0.228260 0.347085 0.296750
v 0.241764 0.344914 0.281853
v 0.226190 0.346587 0.293333
v 0.243834 0.345412 0.285271
v 0.225463 0.346000 0.289302
v 0.226190 0.345412 0.285271
v 0.241764 0.347085 0.296750
v 0.228260 0.366349 0.290698
v 0.231358 0.367005 0.292877
v 0.231358 0.385410 0.282698
v 0.228260 0.384452 0.280690
v 0.243834 0.363054 0.279744
v 0.225463 0.364211 0.283590
v 0.226190 0.363054 0.279744
v 0.241764 0.366349 0.290698
v 0.228260 0.362073 0.276483
v 0.238666 0.367005 0.292877
v 0.231358 0.361418 0.274304
v 0.235012 0.367235 0.293642
v 0.235012 0.361188 0.273539
v 0.235012 0.367235 0.293642
v 0.238666 0.361418 0.274304
v 0.241764 0.362073 0.276483
v 0.226190 0.365368 0.287437
v 0.231358 0.377243 0.265581
v 0.228260 0.378201 0.267589
v 0.228260 0.392807 0.255442
v 0.231358 0.391575 0.253666
v 0.238666 0.377243 0.265581
v 0.241764 0.378201 0.267589
v 0.226190 0.383018 0.277684
v 0.243834 0.379635 0.270595
v 0.225463 0.381326 0.274140
v 0.244560 0.381326 0.274140
v 0.243834 0.383018 0.277684
v 0.226190 0.379635 0.270594
v 0.241764 0.384452 0.280690
v 0.238666 0.385410 0.282698
v 0.235012 0.385746 0.283403
v 0.235012 0.376906 0.264876
v 0.235012 0.385746 0.283403
v 0.244560 0.396825 0.261236
v 0.243834 0.394651 0.258100
v 0.243834 0.407645 0.242641
v 0.244560 0.410237 0.245272
v 0.238666 0.402075 0.268806
v 0.235012 0.402507 0.269430
v 0.235012 0.391143 0.253042
v 0.235012 0.402507 0.269430
v 0.231358 0.402075 0.268806
v 0.238666 0.391575 0.253666
v 0.228260 0.400843 0.267030
v 0.241764 0.392807 0.255442
v 0.226190 0.399000 0.264372
v 0.225463 0.396825 0.261236
v 0.243834 0.399000 0.264372
v 0.226190 0.394651 0.258100
v 0.241764 0.400843 0.267030
v 0.241764 0.405448 0.240410
v 0.238666 0.403980 0.238920
v 0.238666 0.414081 0.221791
v 0.241764 0.415740 0.222951
v 0.225463 0.410237 0.245272
v 0.226190 0.407645 0.242641
v 0.243834 0.412828 0.247903
v 0.241764 0.415025 0.250134
v 0.228260 0.405448 0.240410
v 0.238666 0.416493 0.251624
v 0.231358 0.403980 0.238920
v 0.235012 0.417009 0.252147
v 0.235012 0.403465 0.238396
v 0.235012 0.417009 0.252147
v 0.231358 0.416493 0.251624
v 0.228260 0.415025 0.250134
v 0.226190 0.412828 0.247903
v 0.235012 0.428809 0.232081
v 0.238666 0.428227 0.231674
v 0.238666 0.436919 0.209561
v 0.235012 0.437551 0.209839
v 0.228260 0.426567 0.230514
v 0.226190 0.424083 0.228779
v 0.243834 0.418224 0.224686
v 0.225463 0.421153 0.226732
v 0.244560 0.421153 0.226732
v 0.243834 0.424083 0.228779
v 0.226190 0.418224 0.224686
v 0.241764 0.426567 0.230514
v 0.228260 0.415740 0.222951
v 0.231358 0.414081 0.221791
v 0.235012 0.413498 0.221384
v 0.235012 0.428809 0.232081
v 0.231358 0.428227 0.231674
v 0.226190 0.426065 0.204781
v 0.225463 0.429244 0.206181
v 0.225463 0.434262 0.184242
v 0.226190 0.430930 0.183531
v 0.231358 0.421569 0.202801
v 0.235012 0.420937 0.202522
v 0.235012 0.437551 0.209839
v 0.231358 0.436919 0.209561
v 0.238666 0.421569 0.202801
v 0.228260 0.435118 0.208768
v 0.241764 0.423370 0.203594
v 0.226190 0.432423 0.207581
v 0.243834 0.426065 0.204781
v 0.244560 0.429244 0.206181
v 0.243834 0.432423 0.207581
v 0.241764 0.435118 0.208768
v 0.228260 0.423370 0.203594
v 0.241764 0.428106 0.182928
v 0.238666 0.426219 0.182526
v 0.238666 0.427888 0.161581
v 0.241764 0.429804 0.161581
v 0.243834 0.437593 0.184952
v 0.241764 0.440418 0.185555
v 0.228260 0.428106 0.182928
v 0.238666 0.442305 0.185958
v 0.231358 0.426219 0.182526
v 0.235012 0.442968 0.186099
v 0.235012 0.425556 0.182384
v 0.235012 0.442968 0.186099
v 0.231358 0.442305 0.185958
v 0.228260 0.440418 0.185555
v 0.226190 0.437593 0.184952
v 0.243834 0.430930 0.183531
v 0.244560 0.434262 0.184242
v 0.235012 0.444895 0.161581
v 0.238666 0.444222 0.161581
v 0.238666 0.444221 -0.103348
v 0.235012 0.444894 -0.103348
v 0.228260 0.442306 0.161581
v 0.226190 0.439438 0.161581
v 0.243834 0.432672 0.161581
v 0.225463 0.436055 0.161581
v 0.244560 0.436055 0.161581
v 0.243834 0.439438 0.161581
v 0.226190 0.432672 0.161581
v 0.241764 0.442306 0.161581
v 0.228260 0.429804 0.161581
v 0.231358 0.427888 0.161581
v 0.235012 0.427215 0.161581
v 0.235012 0.444895 0.161581
v 0.231358 0.444222 0.161581
v 0.238666 0.427887 -0.103348
v 0.235012 0.427214 -0.103348
v 0.233450 0.427214 -0.126242
v 0.237048 0.427887 -0.126953
v 0.231358 0.427887 -0.103348
v 0.235012 0.444894 -0.103348
v 0.231358 0.444221 -0.103348
v 0.228260 0.442305 -0.103348
v 0.241764 0.429803 -0.103348
v 0.226191 0.439437 -0.103348
v 0.243834 0.432671 -0.103348
v 0.225464 0.436054 -0.103348
v 0.244561 0.436054 -0.103348
v 0.243834 0.439437 -0.103348
v 0.226191 0.432671 -0.103348
v 0.241764 0.442305 -0.103348
v 0.228260 0.429803 -0.103348
v 0.229851 0.427887 -0.125531
v 0.226800 0.429803 -0.124929
v 0.222017 0.429803 -0.145898
v 0.224928 0.427887 -0.147085
v 0.229851 0.444221 -0.125531
v 0.226800 0.442305 -0.124929
v 0.240099 0.429803 -0.127556
v 0.224762 0.439437 -0.124526
v 0.242138 0.432671 -0.127958
v 0.224046 0.436054 -0.124385
v 0.242853 0.436054 -0.128100
v 0.242137 0.439437 -0.127958
v 0.224762 0.432671 -0.124526
v 0.240099 0.442305 -0.127556
v 0.237048 0.444221 -0.126953
v 0.233450 0.444894 -0.126242
v 0.233450 0.444894 -0.126242
v 0.236652 0.439437 -0.151865
v 0.237335 0.436054 -0.152143
v 0.228173 0.436054 -0.174748
v 0.227544 0.439437 -0.174342
v 0.231796 0.444221 -0.149885
v 0.228362 0.444894 -0.148485
v 0.228362 0.427214 -0.148485
v 0.228362 0.444894 -0.148485
v 0.224928 0.444221 -0.147085
v 0.231796 0.427887 -0.149885
v 0.222017 0.442305 -0.145898
v 0.234707 0.429803 -0.151072
v 0.220072 0.439437 -0.145105
v 0.236652 0.432671 -0.151865
v 0.219389 0.436054 -0.144827
v 0.220072 0.432671 -0.145105
v 0.234707 0.442305 -0.151072
v 0.214056 0.442305 -0.165619
v 0.216739 0.444221 -0.167354
v 0.205533 0.444221 -0.185721
v 0.203160 0.442305 -0.183491
v 0.227544 0.432671 -0.174341
v 0.211635 0.436054 -0.164052
v 0.212264 0.432671 -0.164459
v 0.225751 0.442305 -0.173182
v 0.214056 0.429803 -0.165619
v 0.223068 0.444221 -0.171447
v 0.216739 0.427887 -0.167354
v 0.219904 0.444894 -0.169400
v 0.219904 0.427214 -0.169400
v 0.219904 0.444894 -0.169400
v 0.223068 0.427887 -0.171447
v 0.225751 0.429803 -0.173182
v 0.212264 0.439437 -0.164459
v 0.205533 0.427887 -0.185721
v 0.203160 0.429803 -0.183491
v 0.189658 0.429803 -0.198971
v 0.191649 0.427887 -0.201630
v 0.211131 0.427887 -0.190984
v 0.213504 0.429803 -0.193214
v 0.201574 0.439437 -0.182000
v 0.215090 0.432671 -0.194705
v 0.201017 0.436054 -0.181477
v 0.215647 0.436054 -0.195228
v 0.215090 0.439437 -0.194705
v 0.201574 0.432671 -0.182000
v 0.213504 0.442305 -0.193214
v 0.211131 0.444221 -0.190984
v 0.208332 0.444894 -0.188352
v 0.208332 0.427214 -0.188352
v 0.208332 0.444894 -0.188352
v 0.199668 0.439437 -0.212336
v 0.200136 0.436054 -0.212959
v 0.182112 0.436054 -0.227404
v 0.181749 0.439437 -0.226699
v 0.196347 0.444221 -0.207901
v 0.193998 0.444894 -0.204766
v 0.193998 0.427214 -0.204766
v 0.193998 0.444894 -0.204766
v 0.191649 0.444221 -0.201630
v 0.196347 0.427887 -0.207901
v 0.189658 0.442305 -0.198971
v 0.198338 0.429803 -0.210559
v 0.188328 0.439437 -0.197195
v 0.199669 0.432671 -0.212336
v 0.187860 0.436054 -0.196571
v 0.188328 0.432671 -0.197195
v 0.198338 0.442305 -0.210560
v 0.173962 0.442305 -0.211591
v 0.175511 0.444221 -0.214596
v 0.157607 0.444221 -0.224226
v 0.156548 0.442305 -0.220965
v 0.181749 0.432671 -0.226699
v 0.172563 0.436054 -0.208877
v 0.172927 0.432671 -0.209583
v 0.180713 0.442305 -0.224691
v 0.173962 0.429803 -0.211591
v 0.179165 0.444221 -0.221686
v 0.175511 0.427887 -0.214596
v 0.177338 0.444894 -0.218141
v 0.177338 0.427214 -0.218141
v 0.177338 0.444894 -0.218141
v 0.179165 0.427887 -0.221686
v 0.180714 0.429803 -0.224691
v 0.172927 0.439437 -0.209583
v 0.157607 0.427887 -0.224226
v 0.156548 0.429803 -0.220965
v 0.137945 0.429803 -0.226809
v 0.138483 0.427887 -0.230227
v 0.160107 0.427887 -0.231919
v 0.161166 0.429803 -0.235180
v 0.155840 0.439437 -0.218786
v 0.161874 0.432671 -0.237359
v 0.155591 0.436054 -0.218021
v 0.162123 0.436054 -0.238124
v 0.161874 0.439437 -0.237359
v 0.155840 0.432671 -0.218786
v 0.161166 0.442305 -0.235180
v 0.160107 0.444221 -0.231919
v 0.158857 0.444894 -0.228072
v 0.158857 0.427214 -0.228072
v 0.158857 0.444894 -0.228072
v 0.140776 0.436054 -0.244792
v 0.140650 0.432671 -0.243990
v 0.118720 0.432671 -0.246392
v 0.118720 0.436054 -0.247206
v 0.139752 0.444221 -0.238289
v 0.139118 0.444894 -0.234258
v 0.139118 0.427214 -0.234258
v 0.139118 0.444894 -0.234258
v 0.138483 0.444221 -0.230227
v 0.139752 0.427887 -0.238289
v 0.137945 0.442305 -0.226809
v 0.140290 0.429803 -0.241707
v 0.137586 0.439437 -0.224526
v 0.137460 0.436054 -0.223724
v 0.140650 0.439437 -0.243990
v 0.137586 0.432671 -0.224526
v 0.140290 0.442305 -0.241707
v 0.118720 0.429803 -0.244073
v 0.118720 0.427887 -0.240603
v 0.000000 0.427886 -0.240605
v 0.000000 0.429802 -0.244075
v 0.118720 0.436054 -0.225813
v 0.118719 0.432671 -0.226627
v 0.118720 0.439437 -0.246392
v 0.118719 0.442305 -0.244073
v 0.118719 0.429803 -0.228946
v 0.118720 0.444221 -0.240603
v 0.118720 0.427887 -0.232416
v 0.118719 0.444894 -0.236510
v 0.118720 0.427214 -0.236510
v 0.118719 0.444894 -0.236510
v 0.118719 0.444221 -0.232416
v 0.118719 0.442305 -0.228946
v 0.118719 0.439437 -0.226627
v 0.000000 0.442304 -0.228948
v 0.000000 0.439436 -0.226629
v 0.000000 0.432670 -0.246394
v 0.000000 0.436053 -0.225815
v 0.000000 0.436053 -0.247208
v 0.000000 0.439436 -0.246394
v 0.000000 0.432670 -0.226629
v 0.000000 0.442304 -0.244075
v 0.000000 0.429802 -0.228948
v 0.000000 0.444220 -0.240605
v 0.000000 0.427886 -0.232418
v 0.000000 0.444893 -0.236511
v 0.000000 0.427213 -0.236511
v 0.000000 0.444893 -0.236511
v 0.000000 0.444220 -0.232418
v 0.000000 0.000000 -0.248955
v 0.000000 -0.003569 -0.248096
v -0.118324 -0.003539 -0.248010
v -0.118324 0.000000 -0.248862
v 0.000000 -0.006594 -0.245650
v -0.118324 -0.006540 -0.245584
v 0.000000 -0.008616 -0.241990
v -0.118324 -0.008544 -0.241954
v 0.000000 -0.009326 -0.237671
v -0.118324 -0.009248 -0.237671
v 0.000000 -0.009326 -0.237671
v 0.000000 -0.008616 -0.233353
v -0.118324 -0.008544 -0.233389
v -0.118324 -0.009248 -0.237671
v 0.000000 -0.006594 -0.229693
v -0.118324 -0.006540 -0.229758
v 0.000000 -0.003569 -0.227246
v -0.118324 -0.003539 -0.227333
v 0.000000 0.000000 -0.226388
v -0.118324 0.000000 -0.226481
v 0.000000 0.003569 -0.227246
v -0.118324 0.003539 -0.227333
v 0.000000 0.006594 -0.229693
v -0.118324 0.006540 -0.229758
v 0.000000 0.008616 -0.233353
v -0.118324 0.008544 -0.233389
v 0.000000 0.009326 -0.237671
v -0.118324 0.009248 -0.237671
v 0.000000 0.008616 -0.241990
v -0.118324 0.008544 -0.241954
v 0.000000 0.006594 -0.245650
v -0.118324 0.006540 -0.245584
v -0.138737 -0.009468 -0.235485
v -0.139416 -0.008748 -0.239803
v 0.000000 0.003569 -0.248096
v -0.118324 0.003539 -0.248010
v -0.137096 0.003623 -0.225061
v -0.155268 0.003623 -0.219415
v -0.155002 0.000000 -0.218596
v -0.136961 0.000000 -0.224202
v -0.138737 0.009468 -0.235485
v -0.138057 0.008748 -0.231167
v -0.138057 -0.008748 -0.231167
v -0.138737 -0.009468 -0.235485
v -0.139416 0.008748 -0.239803
v -0.137481 -0.006695 -0.227507
v -0.139992 0.006695 -0.243463
v -0.137096 -0.003623 -0.225061
v -0.140377 -0.003623 -0.245909
v -0.140513 0.000000 -0.246768
v -0.140377 0.003623 -0.245909
v -0.139992 -0.006695 -0.243463
v -0.137481 0.006695 -0.227507
v -0.160973 0.006695 -0.236974
v -0.180697 0.006819 -0.226632
v -0.179007 0.008910 -0.223353
v -0.159839 0.008748 -0.233481
v -0.160973 -0.006695 -0.236974
v -0.161732 -0.003623 -0.239308
v -0.156027 0.006695 -0.221749
v -0.159839 -0.008748 -0.233481
v -0.157161 0.008748 -0.225242
v -0.158500 -0.009468 -0.229361
v -0.158500 0.009468 -0.229361
v -0.157162 -0.008748 -0.225241
v -0.158500 -0.009468 -0.229361
v -0.156027 -0.006695 -0.221749
v -0.155268 -0.003623 -0.219415
v -0.161732 0.003623 -0.239308
v -0.161998 0.000000 -0.240127
v -0.177014 -0.009644 -0.219486
v -0.193716 -0.009644 -0.206159
v -0.196278 -0.008910 -0.209580
v -0.179007 -0.008910 -0.223353
v -0.172202 -0.003690 -0.210150
v -0.173331 -0.006819 -0.212340
v -0.181826 0.003691 -0.228823
v -0.171806 0.000000 -0.209381
v -0.181826 -0.003690 -0.228823
v -0.182222 0.000000 -0.229592
v -0.172202 0.003691 -0.210150
v -0.180697 -0.006819 -0.226632
v -0.173331 0.006819 -0.212340
v -0.175021 0.008910 -0.215619
v -0.177014 0.009644 -0.219486
v -0.175021 -0.008910 -0.215619
v -0.177014 -0.009644 -0.219486
v -0.187530 0.003691 -0.197901
v -0.200726 0.003691 -0.182857
v -0.200119 0.000000 -0.182286
v -0.187020 0.000000 -0.197221
v -0.193716 0.009644 -0.206159
v -0.191154 0.008910 -0.202739
v -0.191154 -0.008910 -0.202739
v -0.193716 -0.009644 -0.206159
v -0.196278 0.008910 -0.209580
v -0.188982 -0.006819 -0.199839
v -0.198451 0.006819 -0.212480
v -0.187530 -0.003690 -0.197901
v -0.199902 0.003691 -0.214418
v -0.199902 -0.003690 -0.214418
v -0.200412 0.000000 -0.215098
v -0.198451 -0.006819 -0.212480
v -0.188982 0.006819 -0.199839
v -0.213741 0.006819 -0.195090
v -0.226103 0.006819 -0.174990
v -0.223177 0.008910 -0.173097
v -0.211152 0.008910 -0.192657
v -0.213741 -0.006819 -0.195090
v -0.215471 -0.003690 -0.196716
v -0.202456 0.006819 -0.184483
v -0.211152 -0.008910 -0.192657
v -0.205045 0.008910 -0.186916
v -0.208098 -0.009644 -0.189786
v -0.208098 0.009644 -0.189786
v -0.205045 -0.008910 -0.186916
v -0.208098 -0.009644 -0.189786
v -0.202456 -0.006819 -0.184483
v -0.200726 -0.003690 -0.182857
v -0.215471 0.003691 -0.196716
v -0.216078 0.000000 -0.197287
v -0.219724 0.009644 -0.170864
v -0.228240 0.009644 -0.149968
v -0.224495 0.008910 -0.148441
v -0.216272 0.008910 -0.168631
v -0.211390 -0.003690 -0.165474
v -0.213346 -0.006819 -0.166739
v -0.228059 0.003691 -0.176254
v -0.210703 0.000000 -0.165030
v -0.228059 -0.003690 -0.176254
v -0.228745 0.000000 -0.176699
v -0.211390 0.003691 -0.165474
v -0.226103 -0.006819 -0.174990
v -0.213346 0.006819 -0.166739
v -0.223177 -0.008910 -0.173097
v -0.219724 -0.009644 -0.170864
v -0.216272 -0.008910 -0.168631
v -0.219724 -0.009644 -0.170864
v -0.235162 -0.006819 -0.152790
v -0.240642 -0.006819 -0.129165
v -0.242866 -0.003690 -0.129605
v -0.237284 -0.003690 -0.153655
v -0.224495 -0.008910 -0.148441
v -0.228240 -0.009644 -0.149968
v -0.231986 0.008910 -0.151495
v -0.221319 -0.006819 -0.147146
v -0.235162 0.006819 -0.152790
v -0.219197 -0.003690 -0.146281
v -0.237284 0.003691 -0.153655
v -0.218452 0.000000 -0.145977
v -0.238029 0.000000 -0.153959
v -0.219197 0.003691 -0.146281
v -0.221319 0.006819 -0.147146
v -0.231986 -0.008910 -0.151495
v -0.228240 -0.009644 -0.149968
v -0.223911 -0.003690 -0.125860
v -0.225387 -0.003690 -0.104834
v -0.227645 -0.006819 -0.104834
v -0.226134 -0.006819 -0.126300
v -0.226134 0.006819 -0.126300
v -0.223911 0.003691 -0.125860
v -0.237314 -0.008910 -0.128508
v -0.229462 0.008910 -0.126957
v -0.233388 -0.009644 -0.127732
v -0.233388 0.009644 -0.127733
v -0.229462 -0.008910 -0.126957
v -0.233388 -0.009644 -0.127732
v -0.237314 0.008910 -0.128508
v -0.240642 0.006819 -0.129165
v -0.242866 0.003691 -0.129605
v -0.223130 0.000000 -0.125706
v -0.243646 0.000000 -0.129759
v -0.235011 0.009644 -0.104834
v -0.235011 0.009724 0.160095
v -0.230992 0.008984 0.160095
v -0.231024 0.008910 -0.104834
v -0.244634 0.003691 -0.104834
v -0.242376 0.006819 -0.104834
v -0.224594 0.000000 -0.104834
v -0.244634 -0.003690 -0.104834
v -0.245427 0.000000 -0.104834
v -0.225387 0.003691 -0.104834
v -0.242376 -0.006819 -0.104834
v -0.227645 0.006819 -0.104834
v -0.238997 -0.008910 -0.104834
v -0.235011 -0.009644 -0.104834
v -0.231025 -0.008910 -0.104834
v -0.235011 -0.009644 -0.104834
v -0.238997 0.008910 -0.104834
v -0.230992 -0.008984 0.160095
v -0.235011 -0.009724 0.160095
v -0.239031 0.008984 0.160095
v -0.227584 -0.006876 0.160095
v -0.242438 0.006876 0.160095
v -0.225307 -0.003721 0.160095
v -0.244715 0.003722 0.160095
v -0.224508 0.000000 0.160095
v -0.244715 -0.003721 0.160095
v -0.245515 0.000000 0.160095
v -0.225307 0.003722 0.160095
v -0.242438 -0.006876 0.160095
v -0.227584 0.006876 0.160095
v -0.239031 -0.008984 0.160095
v -0.235011 -0.009724 0.160095
v -0.227584 0.008419 0.181402
v -0.225307 0.005312 0.182065
v -0.244715 0.005312 0.182065
v -0.244715 0.010032 0.203366
v -0.242438 0.012996 0.202061
v -0.242438 0.008419 0.181402
v -0.239031 -0.007200 0.184734
v -0.242438 -0.005124 0.184291
v -0.230992 0.010495 0.180959
v -0.235011 -0.007929 0.184890
v -0.235011 0.011224 0.180804
v -0.230992 -0.007200 0.184734
v -0.235011 -0.007929 0.184890
v -0.239031 0.010495 0.180959
v -0.227584 -0.005124 0.184292
v -0.225307 -0.002017 0.183629
v -0.224508 0.001648 0.182847
v -0.244715 -0.002017 0.183629
v -0.245515 0.001648 0.182847
v -0.239031 0.014977 0.201188
v -0.239031 0.022294 0.220169
v -0.235011 0.022935 0.219721
v -0.235011 0.015673 0.200882
v -0.224508 0.006535 0.204906
v -0.225307 0.003038 0.206446
v -0.244715 0.003038 0.206446
v -0.245515 0.006535 0.204906
v -0.225307 0.010032 0.203366
v -0.242438 0.000074 0.207752
v -0.227584 0.012996 0.202061
v -0.239031 -0.001907 0.208624
v -0.230992 0.014977 0.201188
v -0.235011 -0.002603 0.208931
v -0.230992 -0.001907 0.208624
v -0.235011 -0.002603 0.208931
v -0.227584 0.000074 0.207752
v -0.239031 0.006734 0.231039
v -0.238665 0.019086 0.250663
v -0.241763 0.020554 0.249172
v -0.242438 0.008559 0.229764
v -0.227584 0.008559 0.229764
v -0.230992 0.006734 0.231039
v -0.242438 0.020469 0.221444
v -0.225307 0.011291 0.227855
v -0.244715 0.017737 0.223353
v -0.224508 0.014514 0.225604
v -0.244715 0.011291 0.227855
v -0.245515 0.014514 0.225604
v -0.225307 0.017737 0.223353
v -0.227584 0.020469 0.221444
v -0.230992 0.022294 0.220169
v -0.235011 0.006093 0.231487
v -0.235011 0.006093 0.231487
v -0.225463 0.025342 0.244310
v -0.225463 0.038690 0.260458
v -0.226190 0.036516 0.263593
v -0.226190 0.022751 0.246942
v -0.231357 0.031599 0.237958
v -0.228259 0.030131 0.239449
v -0.235011 0.018570 0.251186
v -0.235011 0.032114 0.237435
v -0.231357 0.019086 0.250663
v -0.235011 0.018570 0.251186
v -0.238665 0.031599 0.237958
v -0.228259 0.020554 0.249172
v -0.241763 0.030131 0.239449
v -0.243833 0.027934 0.241679
v -0.243833 0.022751 0.246942
v -0.244560 0.025342 0.244310
v -0.226190 0.027934 0.241679
v -0.238665 0.043940 0.252887
v -0.238665 0.058237 0.264997
v -0.235011 0.058573 0.264292
v -0.235011 0.044373 0.252264
v -0.243833 0.036516 0.263593
v -0.244560 0.038690 0.260458
v -0.243833 0.040865 0.257322
v -0.226190 0.040865 0.257322
v -0.241763 0.034672 0.266252
v -0.228259 0.042708 0.254664
v -0.238665 0.033441 0.268028
v -0.231357 0.043940 0.252887
v -0.235011 0.033008 0.268652
v -0.231357 0.033441 0.268028
v -0.235011 0.033008 0.268652
v -0.228259 0.034672 0.266252
v -0.241763 0.042708 0.254664
v -0.238665 0.050069 0.282113
v -0.238665 0.068467 0.292491
v -0.241763 0.069122 0.290312
v -0.241763 0.051027 0.280105
v -0.228259 0.051028 0.280105
v -0.231357 0.050069 0.282113
v -0.241763 0.057278 0.267005
v -0.226190 0.052461 0.277100
v -0.243833 0.055844 0.270010
v -0.225463 0.054153 0.273555
v -0.243833 0.052461 0.277100
v -0.244560 0.054153 0.273555
v -0.226190 0.055844 0.270010
v -0.228259 0.057278 0.267005
v -0.231357 0.058237 0.264997
v -0.235011 0.049733 0.282818
v -0.235011 0.049733 0.282818
v -0.225463 0.071260 0.283204
v -0.225463 0.089493 0.289113
v -0.226190 0.088905 0.293144
v -0.226190 0.070103 0.287051
v -0.231357 0.074054 0.273918
v -0.228259 0.073398 0.276097
v -0.235011 0.068237 0.293256
v -0.235011 0.074284 0.273153
v -0.231357 0.068467 0.292491
v -0.235011 0.068237 0.293256
v -0.238665 0.074054 0.273918
v -0.228259 0.069122 0.290312
v -0.241763 0.073398 0.276097
v -0.243833 0.072417 0.279358
v -0.243833 0.070103 0.287051
v -0.244560 0.071260 0.283204
v -0.226190 0.072417 0.279358
v -0.238665 0.090911 0.279381
v -0.238665 0.108296 0.281218
v -0.235011 0.108296 0.280404
v -0.235011 0.091028 0.278579
v -0.243833 0.088905 0.293144
v -0.244560 0.089493 0.289113
v -0.243833 0.090080 0.285082
v -0.226190 0.090080 0.285082
v -0.241763 0.088407 0.296561
v -0.228259 0.090578 0.281664
v -0.238665 0.088074 0.298845
v -0.231357 0.090911 0.279381
v -0.235011 0.087958 0.299647
v -0.231357 0.088074 0.298845
v -0.235011 0.087958 0.299647
v -0.228259 0.088407 0.296561
v -0.241763 0.090578 0.281664
v -0.231357 0.108296 0.281218
v -0.231358 0.327245 0.281217
v -0.228260 0.327245 0.283536
v -0.228259 0.108296 0.283537
v -0.228259 0.108296 0.298664
v -0.231357 0.108296 0.300983
v -0.241763 0.108296 0.283537
v -0.226190 0.108296 0.295194
v -0.243833 0.108296 0.287007
v -0.225463 0.108296 0.291100
v -0.243833 0.108296 0.295194
v -0.244560 0.108296 0.291100
v -0.226190 0.108296 0.287007
v -0.241763 0.108296 0.298664
v -0.238665 0.108296 0.300983
v -0.235011 0.108296 0.301797
v -0.235011 0.108296 0.301797
v -0.231358 0.344581 0.279570
v -0.228260 0.344914 0.281853
v -0.235012 0.327245 0.301796
v -0.238666 0.327245 0.300982
v -0.235012 0.327245 0.280403
v -0.231358 0.327245 0.300982
v -0.235012 0.327245 0.301796
v -0.238666 0.327245 0.281217
v -0.228260 0.327245 0.298663
v -0.241764 0.327245 0.283536
v -0.226190 0.327245 0.295193
v -0.243834 0.327245 0.287006
v -0.225463 0.327245 0.291100
v -0.243834 0.327245 0.295193
v -0.244560 0.327245 0.291100
v -0.226190 0.327245 0.287006
v -0.241764 0.327245 0.298663
v -0.243834 0.346587 0.293333
v -0.243834 0.365368 0.287437
v -0.244560 0.364211 0.283590
v -0.244560 0.346000 0.289302
v -0.235012 0.347535 0.299836
v -0.238666 0.347418 0.299034
v -0.235012 0.344465 0.278768
v -0.231358 0.347418 0.299034
v -0.235012 0.347535 0.299836
v -0.238666 0.344581 0.279570
v -0.228260 0.347085 0.296750
v -0.241764 0.344914 0.281853
v -0.226190 0.346587 0.293333
v -0.243834 0.345412 0.285271
v -0.225463 0.346000 0.289302
v -0.226190 0.345412 0.285271
v -0.241764 0.347085 0.296750
v -0.228260 0.366349 0.290698
v -0.228260 0.384452 0.280690
v -0.231358 0.385410 0.282698
v -0.231358 0.367005 0.292877
v -0.243834 0.363054 0.279744
v -0.226190 0.363054 0.279744
v -0.225463 0.364211 0.283590
v -0.241764 0.366349 0.290698
v -0.228260 0.362073 0.276483
v -0.238666 0.367005 0.292877
v -0.231358 0.361418 0.274304
v -0.235012 0.367235 0.293642
v -0.235012 0.361188 0.273539
v -0.235012 0.367235 0.293642
v -0.238666 0.361418 0.274304
v -0.241764 0.362073 0.276483
v -0.226190 0.365368 0.287437
v -0.231358 0.377243 0.265581
v -0.231358 0.391575 0.253666
v -0.228260 0.392807 0.255442
v -0.228260 0.378201 0.267589
v -0.241764 0.378201 0.267589
v -0.238666 0.377243 0.265581
v -0.226190 0.383018 0.277684
v -0.243834 0.379635 0.270595
v -0.225463 0.381326 0.274140
v -0.243834 0.383018 0.277684
v -0.244560 0.381326 0.274140
v -0.226190 0.379635 0.270594
v -0.241764 0.384452 0.280690
v -0.238666 0.385410 0.282698
v -0.235012 0.385746 0.283403
v -0.235012 0.376906 0.264876
v -0.235012 0.385746 0.283403
v -0.244560 0.396825 0.261236
v -0.244560 0.410237 0.245272
v -0.243834 0.407645 0.242641
v -0.243834 0.394651 0.258100
v -0.235012 0.402507 0.269430
v -0.238666 0.402075 0.268806
v -0.235012 0.391143 0.253042
v -0.231358 0.402075 0.268806
v -0.235012 0.402507 0.269430
v -0.238666 0.391575 0.253666
v -0.228260 0.400843 0.267030
v -0.241764 0.392807 0.255442
v -0.226190 0.399000 0.264372
v -0.225463 0.396825 0.261236
v -0.243834 0.399000 0.264372
v -0.226190 0.394651 0.258100
v -0.241764 0.400843 0.267030
v -0.241764 0.405448 0.240410
v -0.241764 0.415740 0.222951
v -0.238666 0.414081 0.221791
v -0.238666 0.403980 0.238920
v -0.226190 0.407645 0.242641
v -0.225463 0.410237 0.245272
v -0.241764 0.415025 0.250134
v -0.243834 0.412828 0.247903
v -0.228260 0.405448 0.240410
v -0.238666 0.416493 0.251624
v -0.231358 0.403980 0.238920
v -0.235012 0.417009 0.252147
v -0.235012 0.403465 0.238396
v -0.231358 0.416493 0.251624
v -0.235012 0.417009 0.252147
v -0.228260 0.415025 0.250134
v -0.226190 0.412828 0.247903
v -0.235012 0.428809 0.232081
v -0.235012 0.437551 0.209839
v -0.238666 0.436919 0.209561
v -0.238666 0.428227 0.231674
v -0.226190 0.424083 0.228779
v -0.228260 0.426567 0.230514
v -0.243834 0.418224 0.224686
v -0.225463 0.421153 0.226732
v -0.243834 0.424083 0.228779
v -0.244560 0.421153 0.226732
v -0.226190 0.418224 0.224686
v -0.241764 0.426567 0.230514
v -0.228260 0.415740 0.222951
v -0.231358 0.414081 0.221791
v -0.235012 0.413498 0.221384
v -0.231358 0.428227 0.231674
v -0.235012 0.428809 0.232081
v -0.226190 0.426065 0.204781
v -0.226190 0.430930 0.183531
v -0.225463 0.434262 0.184242
v -0.225463 0.429244 0.206181
v -0.235012 0.420937 0.202522
v -0.231358 0.421569 0.202801
v -0.231358 0.436919 0.209561
v -0.235012 0.437551 0.209839
v -0.238666 0.421569 0.202801
v -0.228260 0.435118 0.208768
v -0.241764 0.423370 0.203594
v -0.226190 0.432423 0.207581
v -0.243834 0.426065 0.204781
v -0.243834 0.432423 0.207581
v -0.244560 0.429244 0.206181
v -0.241764 0.435118 0.208768
v -0.228260 0.423370 0.203594
v -0.241764 0.428106 0.182928
v -0.241764 0.429804 0.161581
v -0.238666 0.427888 0.161581
v -0.238666 0.426219 0.182526
v -0.241764 0.440418 0.185555
v -0.243834 0.437593 0.184952
v -0.228260 0.428106 0.182928
v -0.238666 0.442305 0.185958
v -0.231358 0.426219 0.182526
v -0.235012 0.442968 0.186099
v -0.235012 0.425556 0.182384
v -0.231358 0.442305 0.185958
v -0.235012 0.442968 0.186099
v -0.228260 0.440418 0.185555
v -0.226190 0.437593 0.184952
v -0.243834 0.430930 0.183531
v -0.244560 0.434262 0.184242
v -0.235012 0.444895 0.161581
v -0.235012 0.444894 -0.103348
v -0.238666 0.444221 -0.103348
v -0.238666 0.444222 0.161581
v -0.226190 0.439438 0.161581
v -0.228260 0.442306 0.161581
v -0.243834 0.432672 0.161581
v -0.225463 0.436055 0.161581
v -0.243834 0.439438 0.161581
v -0.244560 0.436055 0.161581
v -0.226190 0.432672 0.161581
v -0.241764 0.442306 0.161581
v -0.228260 0.429804 0.161581
v -0.231358 0.427888 0.161581
v -0.235012 0.427215 0.161581
v -0.231358 0.444222 0.161581
v -0.235012 0.444895 0.161581
v -0.238666 0.427887 -0.103348
v -0.237048 0.427887 -0.126953
v -0.233450 0.427214 -0.126242
v -0.235012 0.427214 -0.103348
v -0.231358 0.427887 -0.103348
v -0.231358 0.444221 -0.103348
v -0.235012 0.444894 -0.103348
v -0.228260 0.442305 -0.103348
v -0.241764 0.429803 -0.103348
v -0.226191 0.439437 -0.103348
v -0.243834 0.432671 -0.103348
v -0.225464 0.436054 -0.103348
v -0.243834 0.439437 -0.103348
v -0.244561 0.436054 -0.103348
v -0.226191 0.432671 -0.103348
v -0.241764 0.442305 -0.103348
v -0.228260 0.429803 -0.103348
v -0.229851 0.427887 -0.125531
v -0.224928 0.427887 -0.147085
v -0.222017 0.429803 -0.145898
v -0.226800 0.429803 -0.124929
v -0.226800 0.442305 -0.124929
v -0.229851 0.444221 -0.125531
v -0.240099 0.429803 -0.127556
v -0.224762 0.439437 -0.124526
v -0.242138 0.432671 -0.127958
v -0.224046 0.436054 -0.124385
v -0.242137 0.439437 -0.127958
v -0.242853 0.436054 -0.128100
v -0.224762 0.432671 -0.124526
v -0.240099 0.442305 -0.127556
v -0.237048 0.444221 -0.126953
v -0.233450 0.444894 -0.126242
v -0.233450 0.444894 -0.126242
v -0.236652 0.439437 -0.151865
v -0.227544 0.439437 -0.174342
v -0.228173 0.436054 -0.174748
v -0.237335 0.436054 -0.152143
v -0.228362 0.444894 -0.148485
v -0.231796 0.444221 -0.149885
v -0.228362 0.427214 -0.148485
v -0.224928 0.444221 -0.147085
v -0.228362 0.444894 -0.148485
v -0.231796 0.427887 -0.149885
v -0.222017 0.442305 -0.145898
v -0.234707 0.429803 -0.151072
v -0.220072 0.439437 -0.145105
v -0.236652 0.432671 -0.151865
v -0.219389 0.436054 -0.144827
v -0.220072 0.432671 -0.145105
v -0.234707 0.442305 -0.151072
v -0.214056 0.442305 -0.165619
v -0.203160 0.442305 -0.183491
v -0.205533 0.444221 -0.185721
v -0.216739 0.444221 -0.167354
v -0.227544 0.432671 -0.174341
v -0.212264 0.432671 -0.164459
v -0.211635 0.436054 -0.164052
v -0.225751 0.442305 -0.173182
v -0.214056 0.429803 -0.165619
v -0.223068 0.444221 -0.171447
v -0.216739 0.427887 -0.167354
v -0.219904 0.444894 -0.169400
v -0.219904 0.427214 -0.169400
v -0.219904 0.444894 -0.169400
v -0.223068 0.427887 -0.171447
v -0.225751 0.429803 -0.173182
v -0.212264 0.439437 -0.164459
v -0.205533 0.427887 -0.185721
v -0.191649 0.427887 -0.201630
v -0.189658 0.429803 -0.198971
v -0.203160 0.429803 -0.183491
v -0.213504 0.429803 -0.193214
v -0.211131 0.427887 -0.190984
v -0.201574 0.439437 -0.182000
v -0.215090 0.432671 -0.194705
v -0.201017 0.436054 -0.181477
v -0.215090 0.439437 -0.194705
v -0.215647 0.436054 -0.195228
v -0.201574 0.432671 -0.182000
v -0.213504 0.442305 -0.193214
v -0.211131 0.444221 -0.190984
v -0.208332 0.444894 -0.188352
v -0.208332 0.427214 -0.188352
v -0.208332 0.444894 -0.188352
v -0.199668 0.439437 -0.212336
v -0.181749 0.439437 -0.226699
v -0.182112 0.436054 -0.227404
v -0.200136 0.436054 -0.212959
v -0.193998 0.444894 -0.204766
v -0.196347 0.444221 -0.207901
v -0.193998 0.427214 -0.204766
v -0.191649 0.444221 -0.201630
v -0.193998 0.444894 -0.204766
v -0.196347 0.427887 -0.207901
v -0.189658 0.442305 -0.198971
v -0.198338 0.429803 -0.210559
v -0.188328 0.439437 -0.197195
v -0.199669 0.432671 -0.212336
v -0.187860 0.436054 -0.196571
v -0.188328 0.432671 -0.197195
v -0.198338 0.442305 -0.210560
v -0.173962 0.442305 -0.211591
v -0.156548 0.442305 -0.220965
v -0.157607 0.444221 -0.224226
v -0.175511 0.444221 -0.214596
v -0.181749 0.432671 -0.226699
v -0.172927 0.432671 -0.209583
v -0.172563 0.436054 -0.208877
v -0.180713 0.442305 -0.224691
v -0.173962 0.429803 -0.211591
v -0.179165 0.444221 -0.221686
v -0.175511 0.427887 -0.214596
v -0.177338 0.444894 -0.218141
v -0.177338 0.427214 -0.218141
v -0.177338 0.444894 -0.218141
v -0.179165 0.427887 -0.221686
v -0.180714 0.429803 -0.224691
v -0.172927 0.439437 -0.209583
v -0.157607 0.427887 -0.224226
v -0.138483 0.427887 -0.230227
v -0.137945 0.429803 -0.226809
v -0.156548 0.429803 -0.220965
v -0.161166 0.429803 -0.235180
v -0.160107 0.427887 -0.231919
v -0.155840 0.439437 -0.218786
v -0.161874 0.432671 -0.237359
v -0.155591 0.436054 -0.218021
v -0.161874 0.439437 -0.237359
v -0.162123 0.436054 -0.238124
v -0.155840 0.432671 -0.218786
v -0.161166 0.442305 -0.235180
v -0.160107 0.444221 -0.231919
v -0.158857 0.444894 -0.228072
v -0.158857 0.427214 -0.228072
v -0.158857 0.444894 -0.228072
v -0.140776 0.436054 -0.244792
v -0.118720 0.436054 -0.247206
v -0.118720 0.432671 -0.246392
v -0.140650 0.432671 -0.243990
v -0.139118 0.444894 -0.234258
v -0.139752 0.444221 -0.238289
v -0.139118 0.427214 -0.234258
v -0.138483 0.444221 -0.230227
v -0.139118 0.444894 -0.234258
v -0.139752 0.427887 -0.238289
v -0.137945 0.442305 -0.226809
v -0.140290 0.429803 -0.241707
v -0.137586 0.439437 -0.224526
v -0.137460 0.436054 -0.223724
v -0.140650 0.439437 -0.243990
v -0.137586 0.432671 -0.224526
v -0.140290 0.442305 -0.241707
v -0.118720 0.429803 -0.244073
v 0.000000 0.429802 -0.244075
v 0.000000 0.427886 -0.240605
v -0.118720 0.427887 -0.240603
v -0.118719 0.432671 -0.226627
v -0.118720 0.436054 -0.225813
v -0.118719 0.442305 -0.244073
v -0.118720 0.439437 -0.246392
v -0.118719 0.429803 -0.228946
v -0.118720 0.444221 -0.240603
v -0.118720 0.427887 -0.232416
v -0.118719 0.444894 -0.236510
v -0.118720 0.427214 -0.236510
v -0.118719 0.444221 -0.232416
v -0.118719 0.444894 -0.236510
v -0.118719 0.442305 -0.228946
v -0.118719 0.439437 -0.226627
v 0.000000 0.439436 -0.226629
v 0.000000 0.442304 -0.228948
v 0.000000 0.432670 -0.246394
v 0.000000 0.436053 -0.225815
v 0.000000 0.439436 -0.246394
v 0.000000 0.436053 -0.247208
v 0.000000 0.432670 -0.226629
v 0.000000 0.442304 -0.244075
v 0.000000 0.429802 -0.228948
v 0.000000 0.444220 -0.240605
v 0.000000 0.427886 -0.232418
v 0.000000 0.444893 -0.236511
v 0.000000 0.427213 -0.236511
v 0.000000 0.444220 -0.232418
v 0.000000 0.444893 -0.236511
v 0.000000 0.439436 -0.246394
v 0.000000 0.442304 -0.244075
v 0.000000 0.444220 -0.240605
v 0.000000 0.444893 -0.236511
v 0.000000 0.444220 -0.232418
v 0.000000 0.442304 -0.228948
v 0.000000 0.439436 -0.226629
v 0.000000 0.436053 -0.225815
v 0.000000 0.432670 -0.226629
v 0.000000 0.429802 -0.228948
v 0.000000 0.427886 -0.232418
v 0.000000 0.427213 -0.236511
v 0.000000 0.427886 -0.240605
v 0.000000 0.429802 -0.244075
v 0.000000 0.432670 -0.246394
v 0.000000 0.436053 -0.247208
vn -0.0000 -0.0000 -1.0000
vn 0.0470 -0.0000 -0.9989
vn 0.0420 -0.4384 -0.8978
vn 0.0001 -0.4422 -0.8969
vn 0.0294 -0.7622 -0.6467
vn -0.0000 -0.7663 -0.6425
vn 0.0132 -0.9426 -0.3337
vn -0.0000 -0.9448 -0.3276
vn -0.0043 -1.0000 -0.0072
vn -0.0000 -1.0000 -0.0000
vn -0.0043 -1.0000 -0.0071
vn -0.0222 -0.9470 0.3206
vn -0.0000 -0.9448 0.3276
vn -0.0400 -0.7701 0.6367
vn -0.0000 -0.7663 0.6425
vn -0.0547 -0.4455 0.8936
vn 0.0001 -0.4422 0.8969
vn -0.0609 -0.0000 0.9981
vn -0.0000 -0.0000 1.0000
vn -0.0548 0.4459 0.8934
vn -0.0000 0.4422 0.8969
vn -0.0400 0.7701 0.6367
vn -0.0000 0.7663 0.6425
vn -0.0223 0.9469 0.3206
vn -0.0000 0.9448 0.3276
vn -0.0044 1.0000 -0.0068
vn -0.0000 1.0000 -0.0000
vn 0.0131 0.9426 -0.3338
vn -0.0000 0.9448 -0.3276
vn 0.0293 0.7622 -0.6467
vn -0.0000 0.7663 -0.6425
vn 0.0643 -0.9406 -0.3334
vn -0.0017 -0.9999 -0.0121
vn 0.0420 0.4384 -0.8978
vn -0.0000 0.4422 -0.8969
vn -0.1885 0.4473 0.8743
vn -0.2108 -0.0000 0.9775
vn -0.3921 -0.0000 0.9199
vn -0.3512 0.4439 0.8244
vn -0.0690 0.9481 0.3104
vn -0.0017 0.9999 -0.0121
vn -0.0017 -0.9999 -0.0120
vn -0.0690 -0.9481 0.3104
vn 0.0643 0.9407 -0.3331
vn -0.1347 -0.7720 0.6212
vn 0.1261 0.7585 -0.6394
vn -0.1886 -0.4473 0.8742
vn 0.1931 -0.0000 -0.9812
vn 0.1741 -0.4350 -0.8834
vn 0.1742 0.4350 -0.8834
vn 0.1260 -0.7585 -0.6394
vn -0.1346 0.7720 0.6212
vn 0.2478 0.7563 -0.6055
vn 0.1292 0.9399 -0.3160
vn 0.1875 0.9389 -0.2887
vn 0.3572 0.7536 -0.5518
vn 0.3401 -0.4332 -0.8347
vn 0.2478 -0.7565 -0.6052
vn -0.2505 0.7689 0.5882
vn 0.1292 -0.9399 -0.3160
vn -0.1263 0.9472 0.2949
vn 0.0025 -0.9999 -0.0114
vn 0.0025 0.9999 -0.0114
vn -0.1262 -0.9472 0.2949
vn -0.2504 -0.7689 0.5883
vn -0.3511 -0.4440 0.8244
vn 0.3401 0.4332 -0.8347
vn 0.3765 -0.0000 -0.9264
vn 0.0043 -0.9999 -0.0091
vn 0.1874 -0.9389 -0.2887
vn 0.2419 -0.9374 -0.2504
vn 0.0089 -0.9999 -0.0050
vn -0.3585 -0.7639 0.5366
vn -0.4996 -0.4387 0.7469
vn 0.4889 0.4300 -0.7590
vn -0.5563 -0.0000 0.8310
vn 0.5406 -0.0000 -0.8413
vn 0.4889 -0.4300 -0.7590
vn -0.4996 0.4387 0.7470
vn 0.3574 -0.7534 -0.5520
vn -0.3584 0.7639 0.5366
vn -0.1811 0.9454 0.2709
vn 0.0045 0.9999 -0.0093
vn 0.0042 -1.0000 -0.0090
vn -0.1812 -0.9454 0.2708
vn -0.6236 0.4330 0.6509
vn -0.6923 -0.0000 0.7216
vn -0.8062 -0.0000 0.5916
vn -0.7288 0.4270 0.5354
vn -0.2269 0.9437 0.2408
vn 0.0089 0.9999 -0.0050
vn 0.0089 -0.9999 -0.0049
vn -0.2270 -0.9437 0.2409
vn 0.2420 0.9374 -0.2504
vn -0.4496 -0.7587 0.4715
vn 0.4570 0.7490 -0.4798
vn -0.6236 -0.4330 0.6509
vn 0.6216 0.4255 -0.6577
vn 0.6860 -0.0000 -0.7276
vn 0.6217 -0.4255 -0.6577
vn 0.4570 -0.7490 -0.4798
vn -0.4496 0.7587 0.4715
vn 0.5368 0.7445 -0.3969
vn 0.2845 0.9360 -0.2074
vn 0.3181 0.9346 -0.1592
vn 0.5996 0.7402 -0.3045
vn 0.7277 -0.4206 -0.5418
vn 0.5368 -0.7445 -0.3969
vn -0.5295 0.7530 0.3906
vn 0.2845 -0.9360 -0.2074
vn -0.2696 0.9417 0.2013
vn 0.0089 -1.0000 -0.0029
vn 0.0090 1.0000 -0.0030
vn -0.2696 -0.9417 0.2013
vn -0.5295 -0.7530 0.3906
vn -0.7287 -0.4270 0.5353
vn 0.7277 0.4206 -0.5418
vn 0.8015 -0.0000 -0.5981
vn 0.0085 1.0000 -0.0015
vn -0.3038 0.9399 0.1557
vn -0.3287 0.9385 0.1054
vn 0.0080 1.0000 -0.0005
vn -0.5923 -0.7479 0.2997
vn -0.8097 -0.4217 0.4081
vn 0.8098 0.4160 -0.4138
vn -0.8932 -0.0000 0.4497
vn 0.8901 -0.0000 -0.4558
vn 0.8098 -0.4159 -0.4138
vn -0.8097 0.4216 0.4081
vn 0.5996 -0.7402 -0.3045
vn -0.5923 0.7479 0.2997
vn 0.3181 -0.9346 -0.1592
vn 0.0085 -1.0000 -0.0014
vn -0.3039 -0.9399 0.1557
vn 0.6445 -0.7366 -0.2051
vn 0.8677 -0.4121 -0.2778
vn 0.9019 -0.4096 -0.1370
vn 0.6712 -0.7343 -0.1013
vn 0.0079 -1.0000 -0.0005
vn -0.3288 -0.9385 0.1054
vn 0.3422 0.9335 -0.1073
vn -0.6371 -0.7439 0.2017
vn 0.6445 0.7366 -0.2051
vn -0.8666 -0.4175 0.2733
vn 0.8677 0.4121 -0.2778
vn -0.9538 -0.0000 0.3005
vn 0.9522 -0.0000 -0.3054
vn -0.8666 0.4175 0.2733
vn -0.6371 0.7439 0.2017
vn 0.3421 -0.9335 -0.1073
vn -0.8999 -0.4149 0.1341
vn -0.6637 -0.7414 0.0993
vn -0.6739 -0.7385 0.0235
vn -0.9106 -0.4120 0.0319
vn -0.8999 0.4149 0.1341
vn -0.6637 0.7414 0.0993
vn 0.3565 -0.9328 -0.0529
vn -0.3437 0.9376 0.0522
vn 0.0075 -1.0000 -0.0001
vn 0.0075 1.0000 -0.0001
vn 0.0074 -1.0000 -0.0000
vn -0.3437 -0.9376 0.0522
vn 0.3565 0.9328 -0.0529
vn 0.6712 0.7343 -0.1013
vn 0.9019 0.4096 -0.1370
vn -0.9891 -0.0000 0.1472
vn 0.9886 -0.0000 -0.1504
vn 0.0033 1.0000 -0.0004
vn -0.3519 0.9360 0.0122
vn -0.3562 0.9338 -0.0340
vn -0.0000 0.9993 -0.0365
vn 0.6774 0.7352 -0.0243
vn 0.9115 0.4100 -0.0326
vn -0.9994 -0.0000 0.0350
vn 0.9994 -0.0000 -0.0357
vn 0.9115 -0.4100 -0.0326
vn -0.9105 0.4124 0.0319
vn 0.6774 -0.7353 -0.0243
vn -0.6739 0.7385 0.0236
vn 0.3576 -0.9338 -0.0129
vn 0.0033 -1.0000 -0.0004
vn 0.0032 -1.0000 -0.0004
vn -0.3519 -0.9360 0.0122
vn 0.3576 0.9338 -0.0130
vn -0.0000 -0.9994 0.0358
vn -0.3529 -0.9351 0.0335
vn 0.3563 0.9338 -0.0340
vn -0.6731 -0.7390 0.0266
vn 0.6780 0.7345 -0.0267
vn -0.9095 -0.4154 0.0150
vn 0.9132 0.4073 -0.0148
vn -1.0000 -0.0049 0.0002
vn 1.0000 -0.0049 0.0002
vn 0.9095 -0.4154 0.0150
vn -0.9132 0.4073 -0.0148
vn 0.6731 -0.7390 0.0266
vn -0.6781 0.7345 -0.0267
vn 0.3529 -0.9350 0.0335
vn -0.9158 0.3974 -0.0585
vn -0.6824 0.7233 -0.1057
vn 0.9158 0.3974 -0.0585
vn 0.6824 0.7233 -0.1057
vn 0.6873 0.6954 -0.2097
vn 0.9179 0.3798 -0.1153
vn 0.6725 -0.7323 0.1068
vn 0.3528 -0.9258 0.1357
vn -0.3595 0.9234 -0.1345
vn 0.0001 -0.9894 0.1453
vn -0.0000 0.9896 -0.1440
vn -0.0000 -0.9894 0.1453
vn -0.3528 -0.9258 0.1357
vn 0.3595 0.9234 -0.1345
vn -0.6725 -0.7323 0.1068
vn -0.9084 -0.4137 0.0599
vn -1.0000 -0.0098 0.0008
vn 1.0000 -0.0098 0.0008
vn 0.9084 -0.4137 0.0599
vn 0.3637 0.8921 -0.2682
vn -0.0000 0.9578 -0.2876
vn -0.0000 0.9125 -0.4092
vn 0.3681 0.8488 -0.3795
vn -0.9104 -0.3965 0.1184
vn -0.9999 -0.0100 0.0017
vn 0.9999 -0.0100 0.0017
vn 0.9104 -0.3965 0.1184
vn -0.9179 0.3798 -0.1153
vn 0.6772 -0.7046 0.2121
vn -0.6874 0.6954 -0.2097
vn 0.3567 -0.8942 0.2705
vn -0.3637 0.8921 -0.2682
vn -0.0000 -0.9570 0.2900
vn -0.3567 -0.8942 0.2705
vn -0.6772 -0.7046 0.2121
vn 0.3641 -0.8307 0.4211
vn 0.6866 -0.6470 0.3316
vn 0.6949 -0.5790 0.4266
vn 0.3717 -0.7500 0.5470
vn -0.3644 -0.8306 0.4210
vn -0.6866 -0.6470 0.3316
vn 0.6919 0.6608 -0.2910
vn -0.9151 -0.3550 0.1914
vn 0.9187 0.3649 -0.1511
vn -0.9998 0.0042 0.0202
vn 0.9998 0.0041 0.0202
vn 0.9150 -0.3551 0.1914
vn -0.9187 0.3649 -0.1510
vn -0.6919 0.6607 -0.2910
vn -0.3679 0.8489 -0.3795
vn -0.0000 -0.8923 0.4514
vn -0.9998 0.0044 0.0217
vn -0.9178 -0.3143 0.2424
vn -0.9213 -0.2781 0.2718
vn -0.9999 -0.0094 0.0064
vn -0.7041 0.5962 -0.3858
vn -0.3783 0.7743 -0.5073
vn -0.0000 -0.8084 0.5886
vn 0.0001 0.8359 -0.5489
vn -0.3717 -0.7500 0.5470
vn 0.3783 0.7743 -0.5073
vn -0.6948 -0.5790 0.4266
vn 0.7041 0.5962 -0.3858
vn 0.9242 0.3255 -0.1998
vn 0.9998 0.0044 0.0217
vn 0.9178 -0.3144 0.2423
vn -0.9242 0.3255 -0.1998
vn 0.3890 0.6565 -0.6463
vn -0.0000 0.7132 -0.7010
vn -0.0000 0.5734 -0.8193
vn 0.3993 0.5252 -0.7515
vn 0.9999 -0.0094 0.0064
vn 0.9213 -0.2781 0.2718
vn 0.9293 0.2619 -0.2604
vn -0.9293 0.2618 -0.2604
vn 0.7042 -0.5058 0.4983
vn -0.7162 0.4965 -0.4905
vn 0.3801 -0.6571 0.6509
vn -0.3890 0.6565 -0.6463
vn -0.0000 -0.7096 0.7046
vn -0.0001 -0.7096 0.7046
vn -0.3801 -0.6571 0.6509
vn -0.7042 -0.5058 0.4983
vn 0.7162 0.4965 -0.4905
vn 0.3893 -0.5254 0.7566
vn 0.7145 -0.4007 0.5736
vn 0.7232 -0.2783 0.6321
vn 0.3973 -0.3680 0.8407
vn -0.3893 -0.5254 0.7566
vn -0.7145 -0.4007 0.5736
vn 0.7272 0.3923 -0.5633
vn -0.9253 -0.2183 0.3101
vn 0.9334 0.2041 -0.2951
vn -0.9999 -0.0081 0.0084
vn 0.9999 -0.0081 0.0084
vn 0.9253 -0.2183 0.3101
vn -0.9334 0.2041 -0.2951
vn -0.7272 0.3922 -0.5633
vn -0.3993 0.5252 -0.7515
vn -0.0000 -0.5694 0.8221
vn -0.9999 -0.0060 0.0101
vn -0.9286 -0.1505 0.3392
vn -0.9308 -0.0768 0.3573
vn -0.9999 -0.0032 0.0113
vn -0.7366 0.2718 -0.6193
vn -0.4084 0.3679 -0.8354
vn 0.0001 -0.4000 0.9165
vn -0.0000 0.4037 -0.9149
vn -0.0000 -0.4000 0.9165
vn -0.3972 -0.3680 0.8407
vn 0.4084 0.3679 -0.8354
vn -0.7232 -0.2783 0.6321
vn 0.7366 0.2718 -0.6193
vn 0.9368 0.1398 -0.3208
vn 0.9999 -0.0060 0.0101
vn 0.9286 -0.1505 0.3392
vn -0.9368 0.1398 -0.3208
vn 0.4147 0.1898 -0.8899
vn -0.0000 0.2089 -0.9779
vn -0.0000 0.0531 -0.9986
vn 0.4133 0.0482 -0.9093
vn 0.9999 -0.0032 0.0113
vn 0.9308 -0.0768 0.3573
vn 0.9390 0.0710 -0.3365
vn -0.9390 0.0710 -0.3365
vn 0.7291 -0.1428 0.6694
vn -0.7430 0.1391 -0.6547
vn 0.4027 -0.1898 0.8954
vn -0.4147 0.1898 -0.8899
vn 0.0001 -0.2068 0.9784
vn -0.0000 -0.2067 0.9784
vn -0.4027 -0.1898 0.8954
vn -0.7291 -0.1428 0.6694
vn 0.7430 0.1391 -0.6547
vn -0.4134 0.0482 -0.9093
vn -0.7413 0.0353 -0.6703
vn -0.7406 -0.0317 -0.6711
vn -0.4131 -0.0434 -0.9097
vn -0.4072 -0.0479 0.9121
vn -0.7342 -0.0359 0.6780
vn 0.7412 0.0353 -0.6703
vn -0.9335 -0.0192 0.3581
vn 0.9376 0.0181 -0.3473
vn -1.0000 -0.0006 0.0059
vn 1.0000 -0.0006 0.0059
vn 0.9335 -0.0192 0.3581
vn -0.9376 0.0181 -0.3473
vn 0.7342 -0.0359 0.6780
vn 0.4072 -0.0479 0.9121
vn -0.0000 -0.0522 0.9986
vn -0.0000 -0.0521 0.9986
vn -0.7432 -0.1324 -0.6558
vn -0.4149 -0.1804 -0.8918
vn 0.4075 0.0437 0.9121
vn -0.0000 0.0477 0.9989
vn -0.0000 -0.0477 -0.9989
vn -0.0001 0.0477 0.9989
vn -0.4075 0.0438 0.9121
vn 0.4131 -0.0433 -0.9097
vn -0.7346 0.0328 0.6777
vn 0.7410 -0.0318 -0.6708
vn -0.9337 0.0174 0.3576
vn 0.9374 -0.0164 -0.3478
vn -1.0000 0.0005 0.0054
vn 1.0000 0.0005 0.0053
vn 0.9337 0.0174 0.3576
vn -0.9374 -0.0164 -0.3478
vn 0.7346 0.0327 0.6777
vn 0.9309 0.0733 0.3579
vn 0.9999 0.0030 0.0114
vn 0.9999 0.0058 0.0102
vn 0.9287 0.1473 0.3402
vn 0.4028 0.1818 0.8970
vn -0.0000 0.1982 0.9802
vn -0.0000 -0.1985 -0.9801
vn -0.0001 0.1982 0.9802
vn -0.4028 0.1818 0.8970
vn 0.4149 -0.1804 -0.8918
vn -0.7293 0.1366 0.6705
vn 0.7432 -0.1324 -0.6559
vn -0.9309 0.0734 0.3579
vn 0.9390 -0.0677 -0.3370
vn -0.9999 0.0030 0.0114
vn -0.9391 -0.0677 -0.3370
vn 0.7293 0.1366 0.6705
vn -0.7235 0.2726 0.6342
vn -0.3975 0.3608 0.8437
vn -0.3896 0.5192 0.7607
vn -0.7149 0.3956 0.5766
vn 0.9369 -0.1367 -0.3218
vn -0.9999 0.0058 0.0102
vn -0.9369 -0.1367 -0.3218
vn 0.7235 0.2726 0.6342
vn -0.7370 -0.2655 -0.6215
vn 0.3975 0.3608 0.8437
vn -0.4088 -0.3594 -0.8389
vn -0.0000 0.3923 0.9199
vn -0.0000 -0.3943 -0.9190
vn -0.0001 0.3923 0.9198
vn 0.4088 -0.3594 -0.8389
vn 0.7370 -0.2655 -0.6215
vn -0.9287 0.1473 0.3402
vn -0.3998 -0.5178 -0.7563
vn -0.7277 -0.3867 -0.5665
vn -0.7167 -0.4918 -0.4944
vn -0.3895 -0.6505 -0.6520
vn 0.3998 -0.5178 -0.7563
vn 0.7277 -0.3867 -0.5665
vn -0.9255 0.2154 0.3117
vn 0.9336 -0.2013 -0.2966
vn -0.9999 0.0079 0.0085
vn 0.9999 0.0079 0.0084
vn 0.9255 0.2154 0.3116
vn -0.9336 -0.2012 -0.2966
vn 0.7149 0.3956 0.5766
vn 0.3896 0.5192 0.7607
vn -0.0000 0.5628 0.8266
vn -0.0000 -0.5655 -0.8248
vn -0.0001 0.5628 0.8266
vn 0.9999 0.0093 0.0065
vn 0.9295 -0.2593 -0.2623
vn 0.9252 -0.3091 -0.2201
vn 0.9999 0.0099 0.0047
vn 0.3805 0.6521 0.6558
vn -0.0000 0.7043 0.7099
vn -0.0000 -0.7068 -0.7074
vn -0.3805 0.6520 0.6558
vn 0.3896 -0.6505 -0.6520
vn -0.7047 0.5015 0.5019
vn 0.7167 -0.4918 -0.4944
vn -0.9215 0.2755 0.2737
vn -0.9999 0.0093 0.0065
vn 0.9215 0.2755 0.2737
vn -0.9295 -0.2593 -0.2622
vn 0.7047 0.5015 0.5019
vn 0.7056 -0.5785 -0.4093
vn 0.3795 -0.7560 -0.5334
vn 0.3707 -0.8352 -0.4063
vn 0.6955 -0.6457 -0.3150
vn -0.9999 0.0099 0.0047
vn -0.9252 -0.3091 -0.2200
vn 0.9174 0.3262 0.2281
vn 0.6943 0.5883 0.4146
vn -0.7056 -0.5785 -0.4093
vn 0.3713 0.7578 0.5365
vn -0.3795 -0.7560 -0.5334
vn -0.0000 0.8156 0.5787
vn -0.0000 -0.8174 -0.5760
vn -0.0000 0.8156 0.5786
vn -0.3713 0.7578 0.5365
vn -0.6943 0.5883 0.4146
vn -0.9174 0.3262 0.2281
vn -0.0000 0.8983 0.4393
vn 0.3632 0.8373 0.4087
vn 0.3569 0.8924 0.2762
vn 0.0001 0.9551 0.2961
vn -0.6849 0.6554 0.3185
vn -0.9136 0.3663 0.1767
vn 0.9212 -0.3493 -0.1714
vn -0.9999 0.0101 0.0031
vn 0.9999 0.0100 0.0031
vn 0.9136 0.3663 0.1767
vn -0.9212 -0.3492 -0.1714
vn 0.6849 0.6554 0.3185
vn -0.6956 -0.6457 -0.3150
vn -0.3707 -0.8352 -0.4063
vn -0.0000 -0.8994 -0.4371
vn -0.0001 0.8983 0.4393
vn -0.3632 0.8373 0.4087
vn -0.9180 -0.3787 -0.1179
vn -0.9999 0.0100 0.0019
vn -1.0000 0.0098 0.0009
vn -0.9159 -0.3968 -0.0612
vn -0.3639 -0.8900 -0.2749
vn -0.0000 -0.9555 -0.2948
vn -0.0000 0.9551 0.2961
vn -0.3569 0.8924 0.2762
vn 0.3639 -0.8899 -0.2749
vn -0.6774 0.7029 0.2167
vn 0.6877 -0.6936 -0.2147
vn -0.9105 0.3954 0.1210
vn 0.9180 -0.3787 -0.1179
vn 0.9999 0.0099 0.0019
vn 0.9105 0.3954 0.1210
vn 0.6774 0.7030 0.2167
vn -0.6877 -0.6935 -0.2147
vn 0.6826 -0.7224 -0.1109
vn 0.3597 -0.9223 -0.1413
vn 0.3564 -0.9336 -0.0373
vn 0.6783 -0.7342 -0.0291
vn 0.9085 0.4132 0.0626
vn 0.6727 0.7315 0.1115
vn -0.6826 -0.7223 -0.1108
vn 0.3529 0.9249 0.1415
vn -0.3597 -0.9223 -0.1413
vn -0.0000 0.9885 0.1514
vn -0.0000 -0.9885 -0.1513
vn -0.3529 0.9249 0.1415
vn -0.6727 0.7315 0.1115
vn -0.9085 0.4132 0.0626
vn 0.9158 -0.3968 -0.0612
vn 1.0000 0.0098 0.0009
vn -0.0000 0.9992 0.0390
vn 0.3528 0.9350 0.0366
vn 0.3575 0.9338 -0.0124
vn 0.0032 1.0000 -0.0002
vn -0.6729 0.7392 0.0291
vn -0.9096 0.4152 0.0165
vn 0.9133 -0.4069 -0.0160
vn -1.0000 0.0053 0.0004
vn 1.0000 0.0053 0.0004
vn 0.9093 0.4158 0.0165
vn -0.9133 -0.4069 -0.0160
vn 0.6732 0.7389 0.0290
vn -0.6783 -0.7342 -0.0292
vn -0.3564 -0.9336 -0.0373
vn -0.0000 -0.9992 -0.0400
vn -0.3528 0.9350 0.0366
vn 0.3575 -0.9338 -0.0123
vn 0.0032 -1.0000 -0.0002
vn 0.0074 -1.0000 -0.0001
vn 0.3567 -0.9328 -0.0520
vn -0.3523 -0.9358 0.0119
vn 0.0031 1.0000 -0.0002
vn -0.3520 0.9359 0.0119
vn -0.6740 0.7384 0.0228
vn 0.6773 -0.7353 -0.0232
vn -0.9105 0.4124 0.0308
vn 0.9115 -0.4101 -0.0313
vn -0.9994 -0.0000 0.0338
vn 0.9994 -0.0000 -0.0343
vn 0.9115 0.4101 -0.0313
vn -0.9105 -0.4124 0.0307
vn 0.6773 0.7353 -0.0233
vn -0.6740 -0.7384 0.0228
vn -0.3439 -0.9376 0.0513
vn -0.6640 -0.7414 0.0975
vn -0.6377 -0.7439 0.2000
vn -0.3291 -0.9385 0.1046
vn -0.3439 0.9376 0.0513
vn -0.6640 0.7414 0.0975
vn 0.6715 -0.7343 -0.0996
vn -0.9003 0.4148 0.1316
vn 0.9022 -0.4096 -0.1347
vn -0.9895 -0.0000 0.1444
vn 0.9890 -0.0000 -0.1480
vn 0.9022 0.4096 -0.1348
vn -0.9003 -0.4149 0.1316
vn 0.6715 0.7343 -0.0996
vn 0.3567 0.9328 -0.0520
vn 0.0075 1.0000 -0.0000
vn 0.0074 1.0000 -0.0000
vn 0.8685 0.4121 -0.2756
vn 0.9530 -0.0000 -0.3030
vn 0.8913 -0.0000 -0.4535
vn 0.8109 0.4159 -0.4118
vn 0.3425 0.9335 -0.1064
vn 0.0079 1.0000 -0.0005
vn -0.3291 0.9385 0.1046
vn 0.3425 -0.9335 -0.1064
vn -0.6377 0.7438 0.2000
vn 0.6450 -0.7366 -0.2034
vn -0.8674 0.4174 0.2709
vn 0.8685 -0.4121 -0.2756
vn -0.9546 -0.0000 0.2978
vn -0.8674 -0.4174 0.2709
vn 0.6450 0.7366 -0.2035
vn -0.5932 0.7478 0.2981
vn -0.3043 0.9399 0.1549
vn -0.2702 0.9417 0.2006
vn -0.5308 0.7529 0.3892
vn 0.8109 -0.4159 -0.4117
vn -0.8945 -0.0000 0.4471
vn -0.8109 -0.4216 0.4058
vn 0.6004 0.7401 -0.3029
vn -0.5932 -0.7478 0.2981
vn 0.3186 0.9346 -0.1584
vn -0.3044 -0.9399 0.1549
vn 0.0085 1.0000 -0.0014
vn 0.3185 -0.9346 -0.1583
vn 0.6004 -0.7401 -0.3029
vn -0.8110 0.4215 0.4058
vn -0.2703 -0.9417 0.2006
vn -0.5308 -0.7529 0.3891
vn -0.4512 -0.7585 0.4702
vn -0.2277 -0.9436 0.2402
vn 0.2851 -0.9359 -0.2066
vn 0.5380 -0.7444 -0.3955
vn -0.7304 0.4269 0.5332
vn 0.7292 -0.4206 -0.5399
vn -0.8080 -0.0000 0.5891
vn 0.8030 -0.0000 -0.5959
vn 0.7292 0.4206 -0.5399
vn -0.7304 -0.4269 0.5332
vn 0.5380 0.7444 -0.3955
vn 0.2852 0.9359 -0.2066
vn 0.0090 1.0000 -0.0029
vn 0.0089 1.0000 -0.0029
vn 0.6235 0.4254 -0.6560
vn 0.6880 -0.0000 -0.7257
vn 0.5470 -0.0000 -0.8371
vn 0.4950 0.4298 -0.7551
vn 0.2428 0.9374 -0.2497
vn 0.0089 0.9999 -0.0049
vn -0.2277 0.9436 0.2402
vn 0.2427 -0.9374 -0.2497
vn -0.4512 0.7585 0.4702
vn 0.4584 -0.7490 -0.4785
vn -0.6257 0.4328 0.6490
vn 0.6235 -0.4254 -0.6560
vn -0.6946 -0.0000 0.7194
vn -0.6257 -0.4329 0.6490
vn 0.4584 0.7489 -0.4785
vn -0.3560 0.7641 0.5379
vn -0.1781 0.9456 0.2724
vn -0.1230 0.9472 0.2961
vn -0.2480 0.7689 0.5893
vn 0.4950 -0.4298 -0.7552
vn -0.5545 -0.0000 0.8322
vn -0.4977 -0.4388 0.7482
vn 0.3628 0.7531 -0.5488
vn -0.3560 -0.7641 0.5379
vn 0.1920 0.9387 -0.2862
vn -0.1781 -0.9455 0.2724
vn 0.0081 0.9999 -0.0074
vn 0.0081 -0.9999 -0.0073
vn 0.0081 0.9999 -0.0073
vn 0.1920 -0.9387 -0.2862
vn 0.3628 -0.7531 -0.5488
vn -0.4977 0.4388 0.7482
vn -0.1230 -0.9472 0.2961
vn -0.2480 -0.7689 0.5893
vn -0.1306 -0.7723 0.6218
vn -0.0644 -0.9483 0.3107
vn 0.1341 -0.9398 -0.3143
vn 0.2535 -0.7564 -0.6031
vn -0.3491 0.4440 0.8252
vn 0.3465 -0.4331 -0.8321
vn -0.3903 -0.0000 0.9207
vn 0.3831 -0.0000 -0.9237
vn 0.3464 0.4331 -0.8321
vn -0.3491 -0.4440 0.8252
vn 0.2535 0.7563 -0.6031
vn 0.1341 0.9398 -0.3143
vn 0.0064 0.9999 -0.0098
vn 0.0064 -0.9999 -0.0097
vn 0.0064 0.9999 -0.0097
vn 0.2019 -0.0000 -0.9794
vn 0.1826 -0.4350 -0.8817
vn 0.0487 -0.4381 -0.8976
vn 0.0539 -0.0000 -0.9985
vn 0.0707 0.9405 -0.3324
vn 0.0037 0.9999 -0.0116
vn 0.0037 -0.9999 -0.0116
vn 0.0036 0.9999 -0.0115
vn -0.0644 0.9483 0.3106
vn 0.0707 -0.9405 -0.3323
vn -0.1306 0.7722 0.6218
vn 0.1335 -0.7584 -0.6379
vn -0.1849 0.4475 0.8749
vn -0.2072 -0.0000 0.9783
vn 0.1826 0.4350 -0.8817
vn -0.1849 -0.4476 0.8749
vn 0.1335 0.7584 -0.6380
vn 0.0355 -0.7619 -0.6467
vn 0.0186 -0.9425 -0.3336
vn 0.3457 -0.8866 -0.3074
vn 0.3420 -0.7201 -0.6037
vn -0.0560 -0.0000 0.9984
vn -0.0499 -0.4456 0.8939
vn 0.0487 0.4381 -0.8976
vn 0.0354 0.7622 -0.6464
vn -0.0352 -0.7700 0.6371
vn 0.0187 0.9424 -0.3339
vn -0.0174 -0.9469 0.3209
vn 0.0007 1.0000 -0.0070
vn 0.0008 -1.0000 -0.0069
vn 0.0007 1.0000 -0.0069
vn -0.0175 0.9469 0.3209
vn -0.0353 0.7700 0.6371
vn -0.0499 0.4455 0.8939
vn 0.3421 0.7201 0.6037
vn 0.3375 0.4162 0.8443
vn 0.3375 -0.4163 -0.8443
vn 0.3353 -0.0000 0.9421
vn 0.3353 -0.0000 -0.9421
vn 0.3375 0.4162 -0.8443
vn 0.3375 -0.4162 0.8443
vn 0.3421 0.7201 -0.6037
vn 0.3421 -0.7201 0.6037
vn 0.3457 0.8866 -0.3074
vn 0.3457 -0.8866 0.3074
vn 0.3470 0.9379 -0.0000
vn 0.3470 -0.9379 -0.0000
vn 0.3457 0.8866 0.3074
vn -0.0001 -0.4422 -0.8969
vn -0.0420 -0.4384 -0.8978
vn -0.0470 -0.0000 -0.9989
vn 0.0001 -0.7663 -0.6425
vn -0.0294 -0.7622 -0.6467
vn -0.0132 -0.9426 -0.3337
vn 0.0043 -1.0000 -0.0072
vn 0.0222 -0.9470 0.3205
vn 0.0043 -1.0000 -0.0071
vn 0.0400 -0.7699 0.6369
vn -0.0001 -0.4422 0.8969
vn 0.0548 -0.4458 0.8934
vn 0.0609 -0.0000 0.9981
vn 0.0548 0.4459 0.8934
vn 0.0400 0.7702 0.6366
vn 0.0222 0.9470 0.3205
vn 0.0044 1.0000 -0.0068
vn -0.0131 0.9426 -0.3338
vn -0.0293 0.7622 -0.6467
vn 0.0017 -0.9999 -0.0121
vn -0.0643 -0.9406 -0.3334
vn -0.0420 0.4384 -0.8978
vn 0.1885 0.4473 0.8743
vn 0.3512 0.4439 0.8244
vn 0.3921 -0.0000 0.9199
vn 0.2108 -0.0000 0.9775
vn 0.0017 0.9999 -0.0121
vn 0.0690 0.9481 0.3104
vn 0.0690 -0.9481 0.3104
vn 0.0017 -0.9999 -0.0120
vn -0.0643 0.9407 -0.3331
vn 0.1347 -0.7720 0.6212
vn -0.1261 0.7585 -0.6394
vn 0.1886 -0.4473 0.8742
vn -0.1741 -0.4350 -0.8834
vn -0.1931 -0.0000 -0.9812
vn -0.1742 0.4350 -0.8834
vn -0.1260 -0.7585 -0.6394
vn 0.1346 0.7720 0.6212
vn -0.2477 0.7565 -0.6052
vn -0.3572 0.7536 -0.5518
vn -0.1875 0.9389 -0.2887
vn -0.1292 0.9399 -0.3160
vn -0.2478 -0.7565 -0.6052
vn -0.3401 -0.4332 -0.8347
vn 0.2505 0.7689 0.5882
vn -0.1292 -0.9399 -0.3160
vn 0.1263 0.9472 0.2949
vn -0.0025 -0.9999 -0.0114
vn -0.0023 0.9999 -0.0112
vn 0.1262 -0.9472 0.2949
vn 0.2504 -0.7689 0.5883
vn 0.3511 -0.4440 0.8244
vn -0.3402 0.4329 -0.8348
vn -0.3765 -0.0000 -0.9264
vn -0.0042 -0.9999 -0.0091
vn -0.0089 -0.9999 -0.0050
vn -0.2419 -0.9374 -0.2504
vn -0.1874 -0.9389 -0.2887
vn 0.4996 -0.4387 0.7469
vn 0.3585 -0.7639 0.5366
vn -0.4889 0.4300 -0.7590
vn 0.5563 -0.0000 0.8310
vn -0.4889 -0.4300 -0.7590
vn -0.5406 -0.0000 -0.8413
vn 0.4996 0.4387 0.7470
vn -0.3573 -0.7536 -0.5518
vn 0.3584 0.7639 0.5366
vn 0.1811 0.9454 0.2709
vn -0.0045 0.9999 -0.0093
vn 0.1812 -0.9454 0.2708
vn -0.0042 -1.0000 -0.0090
vn 0.6236 0.4330 0.6509
vn 0.7288 0.4270 0.5354
vn 0.8062 -0.0000 0.5916
vn 0.6923 -0.0000 0.7216
vn -0.0089 0.9999 -0.0050
vn 0.2269 0.9437 0.2408
vn 0.2270 -0.9437 0.2409
vn -0.2420 0.9374 -0.2504
vn 0.4496 -0.7587 0.4715
vn -0.4570 0.7490 -0.4798
vn 0.6236 -0.4330 0.6509
vn -0.6216 0.4255 -0.6577
vn -0.6217 -0.4255 -0.6577
vn -0.6860 -0.0000 -0.7276
vn -0.4570 -0.7490 -0.4798
vn 0.4496 0.7587 0.4715
vn -0.5368 0.7445 -0.3969
vn -0.5996 0.7402 -0.3045
vn -0.3181 0.9346 -0.1592
vn -0.2845 0.9360 -0.2074
vn -0.5368 -0.7445 -0.3969
vn -0.7277 -0.4206 -0.5418
vn 0.5295 0.7530 0.3906
vn -0.2845 -0.9360 -0.2074
vn 0.2696 0.9417 0.2013
vn -0.0089 -1.0000 -0.0029
vn -0.0090 1.0000 -0.0030
vn 0.2696 -0.9417 0.2013
vn 0.5295 -0.7530 0.3906
vn 0.7287 -0.4270 0.5353
vn -0.7277 0.4206 -0.5418
vn -0.8015 -0.0000 -0.5981
vn -0.0085 1.0000 -0.0015
vn -0.0080 1.0000 -0.0005
vn 0.3287 0.9385 0.1054
vn 0.3038 0.9399 0.1557
vn 0.8097 -0.4217 0.4081
vn 0.5923 -0.7479 0.2997
vn -0.8098 0.4160 -0.4138
vn 0.8932 -0.0000 0.4497
vn -0.8098 -0.4159 -0.4138
vn -0.8901 -0.0000 -0.4558
vn 0.8097 0.4216 0.4081
vn -0.5996 -0.7402 -0.3045
vn 0.5923 0.7479 0.2997
vn -0.3181 -0.9346 -0.1592
vn -0.0085 -1.0000 -0.0015
vn 0.3039 -0.9399 0.1557
vn -0.0084 -1.0000 -0.0014
vn -0.6445 -0.7366 -0.2051
vn -0.6712 -0.7343 -0.1013
vn -0.9019 -0.4096 -0.1370
vn -0.8677 -0.4121 -0.2778
vn 0.3288 -0.9385 0.1054
vn -0.0079 -1.0000 -0.0005
vn -0.3422 0.9335 -0.1073
vn 0.6371 -0.7439 0.2017
vn -0.6445 0.7366 -0.2051
vn 0.8666 -0.4175 0.2733
vn -0.8677 0.4121 -0.2778
vn 0.9538 -0.0000 0.3005
vn -0.9522 -0.0000 -0.3054
vn 0.8666 0.4175 0.2733
vn 0.6371 0.7439 0.2017
vn -0.3421 -0.9335 -0.1073
vn 0.8999 -0.4149 0.1341
vn 0.9106 -0.4120 0.0319
vn 0.6739 -0.7385 0.0235
vn 0.6637 -0.7414 0.0993
vn 0.6637 0.7414 0.0993
vn 0.8999 0.4149 0.1341
vn -0.3565 -0.9328 -0.0529
vn 0.3437 0.9376 0.0522
vn -0.0075 -1.0000 -0.0001
vn -0.0075 1.0000 -0.0001
vn 0.3437 -0.9376 0.0522
vn -0.0074 -1.0000 -0.0001
vn -0.3565 0.9328 -0.0529
vn -0.6712 0.7343 -0.1013
vn -0.9019 0.4096 -0.1370
vn 0.9891 -0.0000 0.1472
vn -0.9886 -0.0000 -0.1504
vn -0.0033 1.0000 -0.0004
vn 0.3562 0.9338 -0.0340
vn 0.3519 0.9360 0.0122
vn -0.9115 0.4100 -0.0326
vn -0.6774 0.7352 -0.0243
vn 0.9994 -0.0000 0.0350
vn -0.9115 -0.4100 -0.0326
vn -0.9994 -0.0000 -0.0357
vn 0.9105 0.4124 0.0319
vn -0.6774 -0.7353 -0.0243
vn 0.6739 0.7385 0.0236
vn -0.3576 -0.9338 -0.0129
vn -0.0033 -1.0000 -0.0004
vn 0.3519 -0.9360 0.0122
vn -0.0032 -1.0000 -0.0004
vn -0.3576 0.9338 -0.0130
vn 0.3529 -0.9351 0.0335
vn -0.3563 0.9338 -0.0340
vn -0.6780 0.7345 -0.0267
vn 0.6781 0.7345 -0.0267
vn -0.3529 -0.9350 0.0335
vn -0.6873 0.6954 -0.2097
vn -0.0001 -0.9894 0.1453
vn -0.3682 0.8488 -0.3794
vn 0.6874 0.6954 -0.2097
vn -0.3641 -0.8307 0.4211
vn 0.3642 -0.8307 0.4210
vn -0.6919 0.6608 -0.2909
vn 0.9151 -0.3550 0.1914
vn -0.9187 0.3649 -0.1511
vn 0.9998 0.0042 0.0202
vn -0.9998 0.0041 0.0202
vn 0.9187 0.3649 -0.1510
vn 0.3679 0.8489 -0.3795
vn 0.9178 -0.3143 0.2424
vn -0.0001 0.8359 -0.5489
vn 0.3717 -0.7501 0.5470
vn -0.3784 0.7743 -0.5073
vn 0.6948 -0.5790 0.4266
vn -0.9242 0.3256 -0.1998
vn -0.9178 -0.3144 0.2423
vn -0.9293 0.2619 -0.2604
vn 0.9293 0.2618 -0.2604
vn 0.0001 -0.7096 0.7046
vn -0.3973 -0.3680 0.8407
vn -0.7272 0.3923 -0.5633
vn 0.7272 0.3922 -0.5633
vn -0.0001 -0.4000 0.9165
vn 0.3972 -0.3680 0.8407
vn -0.4133 0.0482 -0.9093
vn -0.0001 -0.2067 0.9784
vn -0.0000 -0.2068 0.9784
vn 0.4134 0.0482 -0.9093
vn 0.4131 -0.0434 -0.9097
vn 0.7410 -0.0319 -0.6708
vn 0.7413 0.0353 -0.6703
vn -0.7412 0.0353 -0.6703
vn 0.7432 -0.1324 -0.6558
vn -0.4075 0.0437 0.9121
vn 0.4075 0.0438 0.9121
vn 0.0001 0.0477 0.9989
vn -0.4131 -0.0433 -0.9097
vn 0.7346 0.0328 0.6777
vn -0.7410 -0.0318 -0.6708
vn 1.0000 0.0005 0.0054
vn -1.0000 0.0005 0.0053
vn -0.7346 0.0327 0.6777
vn -0.9309 0.0733 0.3579
vn 0.0001 0.1982 0.9802
vn -0.7432 -0.1324 -0.6559
vn 0.9309 0.0734 0.3579
vn -0.9390 -0.0677 -0.3370
vn 0.9391 -0.0677 -0.3370
vn -0.0000 0.3923 0.9198
vn 0.0001 0.3922 0.9199
vn 0.3895 -0.6505 -0.6520
vn 0.9255 0.2154 0.3117
vn -0.9336 -0.2013 -0.2966
vn 0.9999 0.0079 0.0085
vn -0.9255 0.2154 0.3116
vn -0.9999 0.0079 0.0084
vn 0.9336 -0.2012 -0.2966
vn 0.0001 0.5628 0.8266
vn -0.9252 -0.3091 -0.2201
vn -0.9295 -0.2593 -0.2623
vn -0.3805 0.6521 0.6558
vn 0.3805 0.6520 0.6558
vn -0.3896 -0.6505 -0.6520
vn 0.9295 -0.2593 -0.2622
vn -0.6955 -0.6457 -0.3150
vn 0.9252 -0.3091 -0.2200
vn -0.0001 0.9551 0.2961
vn -0.9212 -0.3493 -0.1714
vn 0.9999 0.0101 0.0031
vn -0.9999 0.0100 0.0031
vn 0.9212 -0.3492 -0.1714
vn 0.6956 -0.6457 -0.3150
vn 0.0001 0.8983 0.4393
vn 0.9159 -0.3968 -0.0612
vn 0.9999 0.0100 0.0019
vn 0.3639 -0.8900 -0.2749
vn -0.3639 -0.8899 -0.2749
vn 0.6774 0.7029 0.2167
vn -0.6877 -0.6936 -0.2147
vn -0.9999 0.0099 0.0019
vn -0.6774 0.7030 0.2167
vn 0.6877 -0.6935 -0.2147
vn -0.6826 -0.7224 -0.1109
vn -0.6783 -0.7342 -0.0291
vn 0.6826 -0.7223 -0.1108
vn -0.9158 -0.3968 -0.0612
vn -0.0032 1.0000 -0.0002
vn -0.3575 0.9338 -0.0124
vn 0.9096 0.4152 0.0165
vn 0.6729 0.7392 0.0291
vn -0.9093 0.4158 0.0165
vn -0.6732 0.7389 0.0290
vn 0.6783 -0.7342 -0.0292
vn -0.3575 -0.9338 -0.0123
vn -0.3567 -0.9328 -0.0520
vn -0.0032 -1.0000 -0.0002
vn 0.3520 -0.9359 0.0119
vn 0.3520 0.9359 0.0119
vn -0.0031 1.0000 -0.0002
vn 0.6740 0.7384 0.0228
vn -0.6773 -0.7353 -0.0232
vn 0.9105 0.4124 0.0308
vn -0.9115 -0.4101 -0.0313
vn 0.9994 -0.0000 0.0338
vn -0.9115 0.4101 -0.0313
vn -0.9994 -0.0000 -0.0343
vn 0.9105 -0.4124 0.0307
vn -0.6773 0.7353 -0.0233
vn 0.6742 -0.7382 0.0228
vn 0.3439 -0.9376 0.0513
vn 0.3291 -0.9385 0.1046
vn 0.6377 -0.7439 0.2000
vn 0.6640 -0.7414 0.0975
vn 0.6640 0.7414 0.0975
vn 0.3439 0.9376 0.0513
vn -0.6715 -0.7343 -0.0996
vn 0.9003 0.4148 0.1316
vn -0.9022 -0.4096 -0.1347
vn 0.9895 -0.0000 0.1444
vn -0.9022 0.4096 -0.1348
vn -0.9890 -0.0000 -0.1480
vn 0.9003 -0.4149 0.1316
vn -0.6715 0.7343 -0.0996
vn -0.3567 0.9328 -0.0520
vn -0.0075 1.0000 -0.0000
vn -0.0074 1.0000 -0.0000
vn -0.8685 0.4121 -0.2756
vn -0.8109 0.4159 -0.4118
vn -0.8913 -0.0000 -0.4535
vn -0.9530 -0.0000 -0.3030
vn -0.3425 0.9335 -0.1064
vn 0.3291 0.9385 0.1046
vn -0.0079 1.0000 -0.0005
vn -0.3425 -0.9335 -0.1064
vn 0.6377 0.7438 0.2000
vn -0.6450 -0.7366 -0.2034
vn 0.8674 0.4174 0.2709
vn -0.8685 -0.4121 -0.2756
vn 0.9546 -0.0000 0.2978
vn 0.8674 -0.4174 0.2709
vn -0.6450 0.7366 -0.2035
vn 0.5932 0.7478 0.2981
vn 0.5308 0.7529 0.3892
vn 0.2702 0.9417 0.2006
vn 0.3043 0.9399 0.1549
vn -0.8109 -0.4159 -0.4117
vn 0.8109 -0.4216 0.4058
vn 0.8945 -0.0000 0.4471
vn -0.6004 0.7401 -0.3029
vn 0.5932 -0.7478 0.2981
vn -0.3186 0.9346 -0.1584
vn 0.3044 -0.9399 0.1549
vn -0.0085 1.0000 -0.0014
vn -0.0085 -1.0000 -0.0014
vn -0.3185 -0.9346 -0.1583
vn -0.6004 -0.7401 -0.3029
vn 0.8110 0.4215 0.4058
vn 0.2703 -0.9417 0.2006
vn 0.2277 -0.9436 0.2402
vn 0.4512 -0.7585 0.4702
vn 0.5308 -0.7529 0.3891
vn -0.5380 -0.7444 -0.3955
vn -0.2851 -0.9359 -0.2066
vn 0.7304 0.4269 0.5332
vn -0.7292 -0.4206 -0.5399
vn 0.8080 -0.0000 0.5891
vn -0.7292 0.4206 -0.5399
vn -0.8030 -0.0000 -0.5959
vn 0.7304 -0.4269 0.5332
vn -0.5380 0.7444 -0.3955
vn -0.2852 0.9359 -0.2066
vn -0.0090 1.0000 -0.0029
vn -0.0089 1.0000 -0.0029
vn -0.6235 0.4254 -0.6560
vn -0.4950 0.4298 -0.7551
vn -0.5470 -0.0000 -0.8371
vn -0.6880 -0.0000 -0.7257
vn -0.0089 0.9999 -0.0049
vn -0.2428 0.9374 -0.2497
vn -0.0089 -0.9999 -0.0049
vn 0.2277 0.9436 0.2402
vn -0.2427 -0.9374 -0.2497
vn 0.4512 0.7585 0.4702
vn -0.4584 -0.7490 -0.4785
vn 0.6257 0.4328 0.6490
vn -0.6235 -0.4254 -0.6560
vn 0.6946 -0.0000 0.7194
vn 0.6257 -0.4329 0.6490
vn -0.4584 0.7489 -0.4785
vn 0.3560 0.7641 0.5379
vn 0.2480 0.7689 0.5893
vn 0.1230 0.9472 0.2961
vn 0.1781 0.9456 0.2724
vn -0.4950 -0.4298 -0.7552
vn 0.4977 -0.4388 0.7482
vn 0.5545 -0.0000 0.8322
vn -0.3628 0.7531 -0.5488
vn 0.3560 -0.7641 0.5379
vn -0.1920 0.9387 -0.2862
vn 0.1781 -0.9455 0.2724
vn -0.0082 0.9999 -0.0074
vn -0.0081 -0.9999 -0.0073
vn -0.0081 0.9999 -0.0073
vn -0.1920 -0.9387 -0.2862
vn -0.3628 -0.7531 -0.5488
vn 0.4977 0.4388 0.7482
vn 0.1230 -0.9472 0.2961
vn 0.0644 -0.9483 0.3107
vn 0.1306 -0.7723 0.6218
vn 0.2480 -0.7689 0.5893
vn -0.2535 -0.7564 -0.6031
vn -0.1341 -0.9398 -0.3143
vn 0.3491 0.4440 0.8252
vn -0.3465 -0.4331 -0.8321
vn 0.3903 -0.0000 0.9207
vn -0.3464 0.4331 -0.8321
vn -0.3831 -0.0000 -0.9237
vn 0.3491 -0.4440 0.8252
vn -0.2535 0.7563 -0.6031
vn -0.1341 0.9398 -0.3143
vn -0.0064 0.9999 -0.0098
vn -0.0064 -0.9999 -0.0097
vn -0.0064 0.9999 -0.0097
vn -0.2019 -0.0000 -0.9794
vn -0.0539 -0.0000 -0.9985
vn -0.0487 -0.4381 -0.8976
vn -0.1826 -0.4350 -0.8817
vn -0.0037 0.9999 -0.0116
vn -0.0707 0.9405 -0.3324
vn -0.0037 -0.9999 -0.0116
vn 0.0644 0.9483 0.3106
vn -0.0037 0.9999 -0.0115
vn -0.0707 -0.9405 -0.3323
vn 0.1306 0.7722 0.6218
vn -0.1335 -0.7584 -0.6379
vn 0.1849 0.4475 0.8749
vn 0.2072 -0.0000 0.9783
vn -0.1826 0.4350 -0.8817
vn 0.1849 -0.4476 0.8749
vn -0.1335 0.7584 -0.6380
vn -0.0355 -0.7619 -0.6467
vn 0.3421 -0.7201 -0.6037
vn -0.0186 -0.9425 -0.3336
vn 0.0499 -0.4456 0.8939
vn 0.0560 -0.0000 0.9984
vn -0.0354 0.7621 -0.6465
vn -0.0487 0.4381 -0.8976
vn 0.0352 -0.7700 0.6371
vn -0.0187 0.9424 -0.3339
vn 0.0174 -0.9469 0.3209
vn -0.0008 1.0000 -0.0070
vn -0.0008 -1.0000 -0.0069
vn 0.0175 0.9469 0.3209
vn -0.0008 1.0000 -0.0069
vn 0.0353 0.7700 0.6371
vn 0.0499 0.4455 0.8939
vn 0.3376 -0.4162 0.8443
vn 0.3376 0.4163 0.8443
vn 0.3354 -0.0000 0.9421
vn 0.3457 -0.8866 0.3073
vn 0.3457 0.8865 0.3074
vn 0.3470 -0.9379 -0.0001
vn 0.3457 0.8866 -0.3073
vn 0.3376 -0.4163 -0.8442
vn 0.3376 0.4162 -0.8443
vn 0.3354 -0.0000 -0.9421
vt 0.053360 0.999771
vt 0.052014 0.939189
vt 0.049794 0.939198
vt 0.051017 0.999817
vt 0.047420 0.939125
vt 0.048537 0.999863
vt 0.044835 0.938981
vt 0.045876 0.999911
vt 0.042078 0.938793
vt 0.043097 0.999958
vt 0.084030 0.999086
vt 0.082719 0.937735
vt 0.079960 0.937545
vt 0.081252 0.999146
vt 0.077266 0.937378
vt 0.078603 0.999204
vt 0.074721 0.937280
vt 0.076143 0.999258
vt 0.072305 0.937283
vt 0.073826 0.999310
vt 0.069889 0.937406
vt 0.071508 0.999363
vt 0.067344 0.937640
vt 0.069051 0.999420
vt 0.064644 0.937957
vt 0.066404 0.999481
vt 0.061868 0.938308
vt 0.063630 0.999545
vt 0.059148 0.938640
vt 0.060847 0.999609
vt 0.056588 0.938910
vt 0.058185 0.999668
vt 0.044967 0.928270
vt 0.042242 0.927921
vt 0.054230 0.939095
vt 0.055703 0.999722
vt 0.069486 0.926692
vt 0.072084 0.926570
vt 0.071897 0.915315
vt 0.069270 0.915470
vt 0.064029 0.927344
vt 0.061261 0.927757
vt 0.082903 0.927375
vt 0.080139 0.927057
vt 0.058612 0.928142
vt 0.077368 0.926778
vt 0.056164 0.928451
vt 0.074682 0.926599
vt 0.051828 0.928745
vt 0.049721 0.928698
vt 0.053928 0.928656
vt 0.047461 0.928537
vt 0.066800 0.926966
vt 0.056135 0.917979
vt 0.058549 0.917542
vt 0.058654 0.906336
vt 0.056259 0.906891
vt 0.049673 0.918256
vt 0.047434 0.917971
vt 0.066586 0.915857
vt 0.045005 0.917520
vt 0.063853 0.916398
vt 0.042393 0.916946
vt 0.061143 0.916991
vt 0.082645 0.916703
vt 0.079943 0.916182
vt 0.077210 0.915715
vt 0.074524 0.915400
vt 0.053905 0.918259
vt 0.051790 0.918357
vt 0.042447 0.905505
vt 0.044986 0.906246
vt 0.045043 0.894157
vt 0.042608 0.893347
vt 0.077047 0.904088
vt 0.074385 0.903673
vt 0.054000 0.907242
vt 0.071751 0.903547
vt 0.051824 0.907357
vt 0.049647 0.907215
vt 0.069121 0.903735
vt 0.047385 0.906835
vt 0.066471 0.904213
vt 0.063810 0.904889
vt 0.061184 0.905637
vt 0.082369 0.905390
vt 0.079724 0.904702
vt 0.068976 0.891485
vt 0.071599 0.891288
vt 0.071453 0.878363
vt 0.068840 0.878549
vt 0.063792 0.892713
vt 0.061267 0.893521
vt 0.081974 0.893279
vt 0.079435 0.892531
vt 0.058817 0.894283
vt 0.076844 0.891870
vt 0.056450 0.894893
vt 0.074226 0.891424
vt 0.054162 0.895278
vt 0.051921 0.895400
vt 0.049682 0.895238
vt 0.047399 0.894812
vt 0.066368 0.891991
vt 0.056648 0.881830
vt 0.058982 0.881233
vt 0.059107 0.867258
vt 0.056806 0.867775
vt 0.049737 0.882173
vt 0.047434 0.881758
vt 0.066272 0.879029
vt 0.045114 0.881125
vt 0.063776 0.879716
vt 0.042764 0.880350
vt 0.061351 0.880493
vt 0.081587 0.880275
vt 0.079151 0.879552
vt 0.076644 0.878919
vt 0.074069 0.878494
vt 0.054336 0.882210
vt 0.052035 0.882331
vt 0.061404 0.866622
vt 0.063745 0.865960
vt 0.063705 0.851579
vt 0.061427 0.852060
vt 0.076468 0.865283
vt 0.073927 0.864925
vt 0.054478 0.868107
vt 0.071319 0.864816
vt 0.052130 0.868215
vt 0.049784 0.868081
vt 0.068713 0.864973
vt 0.047463 0.867725
vt 0.066177 0.865378
vt 0.045172 0.867185
vt 0.042888 0.866528
vt 0.081254 0.866436
vt 0.078906 0.865819
vt 0.047481 0.852876
vt 0.049814 0.853136
vt 0.049833 0.837583
vt 0.047492 0.837446
vt 0.080984 0.851908
vt 0.078703 0.851464
vt 0.059185 0.852525
vt 0.076316 0.851080
vt 0.056910 0.852905
vt 0.073801 0.850826
vt 0.054573 0.853151
vt 0.071202 0.850751
vt 0.052193 0.853233
vt 0.068603 0.850865
vt 0.066090 0.851158
vt 0.045212 0.852483
vt 0.042976 0.852006
vt 0.073689 0.836384
vt 0.076177 0.836506
vt 0.075889 0.821910
vt 0.073491 0.821977
vt 0.068526 0.836411
vt 0.066034 0.836561
vt 0.045232 0.837242
vt 0.063682 0.836777
vt 0.043025 0.836996
vt 0.061441 0.837024
vt 0.080763 0.836915
vt 0.078527 0.836695
vt 0.059232 0.837264
vt 0.056972 0.837462
vt 0.054631 0.837591
vt 0.071108 0.836352
vt 0.052232 0.837635
vt 0.061612 0.821737
vt 0.063888 0.821830
vt 0.064267 0.686412
vt 0.061938 0.686393
vt 0.057037 0.821596
vt 0.054674 0.821560
vt 0.071054 0.822001
vt 0.052275 0.821545
vt 0.049875 0.821546
vt 0.068616 0.821983
vt 0.047509 0.821570
vt 0.066220 0.821922
vt 0.045196 0.821615
vt 0.042924 0.821688
vt 0.080497 0.821720
vt 0.078221 0.821817
vt 0.059345 0.821655
vt 0.080790 0.687115
vt 0.078541 0.687060
vt 0.059607 0.686415
vt 0.076243 0.686958
vt 0.057238 0.686474
vt 0.073879 0.686826
vt 0.054825 0.686566
vt 0.071465 0.686688
vt 0.052391 0.686687
vt 0.049972 0.686824
vt 0.069038 0.686566
vt 0.047601 0.686954
vt 0.066631 0.686474
vt 0.045300 0.687051
vt 0.043050 0.687106
vt 0.069278 0.671628
vt 0.066749 0.671744
vt 0.054597 0.671618
vt 0.057127 0.671738
vt 0.057096 0.656880
vt 0.054526 0.656610
vt 0.047124 0.671259
vt 0.044870 0.671206
vt 0.064308 0.671823
vt 0.042716 0.671210
vt 0.061939 0.671847
vt 0.081151 0.671238
vt 0.078999 0.671231
vt 0.059569 0.671820
vt 0.076747 0.671280
vt 0.074353 0.671374
vt 0.071840 0.671497
vt 0.052033 0.671484
vt 0.049518 0.671357
vt 0.059565 0.657065
vt 0.061949 0.657129
vt 0.061963 0.642731
vt 0.059606 0.642630
vt 0.074535 0.656025
vt 0.071981 0.656319
vt 0.051918 0.656301
vt 0.049364 0.656002
vt 0.069372 0.656623
vt 0.046944 0.655758
vt 0.066803 0.656889
vt 0.044681 0.655601
vt 0.064334 0.657069
vt 0.042534 0.655553
vt 0.081363 0.655590
vt 0.079217 0.655633
vt 0.076955 0.655786
vt 0.044686 0.640385
vt 0.046943 0.640652
vt 0.047389 0.625906
vt 0.045277 0.625635
vt 0.079243 0.640419
vt 0.076985 0.640681
vt 0.057151 0.642353
vt 0.074554 0.641056
vt 0.054575 0.641947
vt 0.071980 0.641503
vt 0.051948 0.641483
vt 0.049373 0.641032
vt 0.069351 0.641962
vt 0.066775 0.642362
vt 0.064319 0.642635
vt 0.042552 0.640254
vt 0.081376 0.640293
vt 0.071746 0.626800
vt 0.074246 0.626327
vt 0.074372 0.611963
vt 0.071829 0.612406
vt 0.066647 0.627723
vt 0.064254 0.628018
vt 0.043326 0.625514
vt 0.061977 0.628117
vt 0.080633 0.625552
vt 0.078682 0.625669
vt 0.059700 0.628013
vt 0.076569 0.625936
vt 0.057308 0.627714
vt 0.054784 0.627276
vt 0.052211 0.626780
vt 0.049711 0.626302
vt 0.069172 0.627291
vt 0.059735 0.613570
vt 0.061992 0.613672
vt 0.062006 0.599765
vt 0.059740 0.599674
vt 0.052157 0.612385
vt 0.049615 0.611937
vt 0.054778 0.612859
vt 0.069207 0.612874
vt 0.047271 0.611579
vt 0.066647 0.613289
vt 0.045164 0.611355
vt 0.064249 0.613575
vt 0.043231 0.611294
vt 0.080757 0.611332
vt 0.078825 0.611390
vt 0.076717 0.611609
vt 0.057337 0.613280
vt 0.044881 0.597756
vt 0.046998 0.597941
vt 0.046733 0.584839
vt 0.044603 0.584697
vt 0.079136 0.597792
vt 0.077018 0.597972
vt 0.057307 0.599416
vt 0.074634 0.598272
vt 0.054684 0.599045
vt 0.072026 0.598653
vt 0.051988 0.598632
vt 0.049382 0.598245
vt 0.069330 0.599060
vt 0.066707 0.599426
vt 0.064273 0.599679
vt 0.042965 0.597716
vt 0.081051 0.597756
vt 0.072221 0.585386
vt 0.074888 0.585098
vt 0.074981 0.572294
vt 0.072282 0.572487
vt 0.066771 0.585973
vt 0.064300 0.586164
vt 0.042694 0.584667
vt 0.062021 0.586227
vt 0.081349 0.584708
vt 0.079440 0.584735
vt 0.059742 0.586159
vt 0.077311 0.584871
vt 0.057271 0.585962
vt 0.054587 0.585679
vt 0.051822 0.585364
vt 0.049155 0.585070
vt 0.069455 0.585695
vt 0.059763 0.572969
vt 0.062036 0.573008
vt 0.062054 0.560311
vt 0.059790 0.560285
vt 0.051789 0.572464
vt 0.049090 0.572264
vt 0.054583 0.572670
vt 0.069488 0.572688
vt 0.046636 0.572100
vt 0.066786 0.572860
vt 0.044483 0.571991
vt 0.064309 0.572974
vt 0.042562 0.571949
vt 0.081507 0.571992
vt 0.079586 0.572030
vt 0.077434 0.572135
vt 0.057285 0.572850
vt 0.064316 0.560288
vt 0.066696 0.560205
vt 0.066912 0.424416
vt 0.064534 0.424335
vt 0.079194 0.559262
vt 0.076928 0.559411
vt 0.057408 0.560195
vt 0.074496 0.559617
vt 0.054900 0.560036
vt 0.071865 0.559844
vt 0.052237 0.559818
vt 0.049602 0.559582
vt 0.069201 0.560054
vt 0.047165 0.559368
vt 0.044895 0.559218
vt 0.042795 0.559160
vt 0.081298 0.559205
vt 0.067047 0.411829
vt 0.064569 0.411726
vt 0.045153 0.425299
vt 0.043045 0.425356
vt 0.062277 0.424312
vt 0.081525 0.425400
vt 0.079422 0.425344
vt 0.060022 0.424331
vt 0.077149 0.425198
vt 0.057648 0.424407
vt 0.074710 0.424992
vt 0.055146 0.424546
vt 0.072075 0.424767
vt 0.052487 0.424741
vt 0.049855 0.424958
vt 0.069417 0.424564
vt 0.047421 0.425156
vt 0.049344 0.412316
vt 0.052045 0.412144
vt 0.052106 0.399298
vt 0.049436 0.399559
vt 0.044732 0.412551
vt 0.042809 0.412588
vt 0.062296 0.411694
vt 0.081784 0.412631
vt 0.079861 0.412591
vt 0.060022 0.411721
vt 0.077706 0.412492
vt 0.057545 0.411818
vt 0.075249 0.412346
vt 0.054841 0.411969
vt 0.072547 0.412168
vt 0.069751 0.411986
vt 0.046887 0.412457
vt 0.077609 0.399797
vt 0.079740 0.399924
vt 0.079434 0.386925
vt 0.077318 0.386761
vt 0.054874 0.399017
vt 0.072515 0.399320
vt 0.069747 0.399034
vt 0.047011 0.399764
vt 0.067061 0.398776
vt 0.044880 0.399886
vt 0.064590 0.398597
vt 0.042970 0.399906
vt 0.062311 0.398535
vt 0.081650 0.399948
vt 0.060032 0.398592
vt 0.057560 0.398766
vt 0.075184 0.399587
vt 0.064586 0.385167
vt 0.067014 0.385406
vt 0.066953 0.371695
vt 0.064576 0.371429
vt 0.060065 0.385162
vt 0.057636 0.385396
vt 0.074934 0.386483
vt 0.055016 0.385733
vt 0.072328 0.386129
vt 0.052321 0.386108
vt 0.049714 0.386456
vt 0.069634 0.385749
vt 0.047329 0.386728
vt 0.045213 0.386888
vt 0.043298 0.386912
vt 0.062326 0.385083
vt 0.081349 0.386953
vt 0.052577 0.372486
vt 0.055186 0.372063
vt 0.055348 0.357970
vt 0.052825 0.358385
vt 0.045601 0.373378
vt 0.043674 0.373410
vt 0.062340 0.371336
vt 0.081003 0.373450
vt 0.079075 0.373414
vt 0.060105 0.371424
vt 0.076971 0.373225
vt 0.057727 0.371685
vt 0.074633 0.372908
vt 0.072101 0.372506
vt 0.050044 0.372882
vt 0.069493 0.372078
vt 0.047705 0.373193
vt 0.057814 0.357601
vt 0.060143 0.357349
vt 0.060180 0.342942
vt 0.057892 0.343155
vt 0.071884 0.358405
vt 0.069361 0.357985
vt 0.050365 0.358776
vt 0.048072 0.359087
vt 0.066896 0.357611
vt 0.045979 0.359273
vt 0.064568 0.357354
vt 0.044038 0.359309
vt 0.062356 0.357263
vt 0.080669 0.359348
vt 0.078727 0.359308
vt 0.076635 0.359117
vt 0.074342 0.358802
vt 0.044363 0.344616
vt 0.046316 0.344585
vt 0.046606 0.329408
vt 0.044647 0.329425
vt 0.076341 0.344454
vt 0.074090 0.344182
vt 0.055492 0.343467
vt 0.071697 0.343841
vt 0.053043 0.343821
vt 0.050650 0.344156
vt 0.069250 0.343482
vt 0.048398 0.344424
vt 0.066850 0.343165
vt 0.064563 0.342947
vt 0.062371 0.342870
vt 0.080375 0.344655
vt 0.078422 0.344620
vt 0.069158 0.328646
vt 0.071544 0.328899
vt 0.071404 0.313730
vt 0.069071 0.313621
vt 0.064561 0.328270
vt 0.062389 0.328215
vt 0.080124 0.329466
vt 0.078165 0.329445
vt 0.060216 0.328264
vt 0.076096 0.329330
vt 0.057965 0.328412
vt 0.073881 0.329139
vt 0.055618 0.328629
vt 0.053231 0.328877
vt 0.050892 0.329111
vt 0.048676 0.329298
vt 0.066812 0.328423
vt 0.058044 0.313510
vt 0.060261 0.313450
vt 0.060322 0.298804
vt 0.058168 0.298743
vt 0.051119 0.313797
vt 0.048934 0.313869
vt 0.066774 0.313524
vt 0.046878 0.313904
vt 0.064558 0.313457
vt 0.044913 0.313891
vt 0.062410 0.313432
vt 0.079892 0.313941
vt 0.077929 0.313949
vt 0.075876 0.313909
vt 0.073693 0.313831
vt 0.055745 0.313600
vt 0.053411 0.313702
vt 0.045257 0.298123
vt 0.047307 0.298175
vt 0.047979 0.175778
vt 0.045909 0.175712
vt 0.075451 0.298337
vt 0.073302 0.298453
vt 0.055974 0.298649
vt 0.071109 0.298575
vt 0.053760 0.298529
vt 0.051559 0.298397
vt 0.068902 0.298680
vt 0.049402 0.298272
vt 0.066714 0.298762
vt 0.064564 0.298813
vt 0.062444 0.298829
vt 0.079585 0.298200
vt 0.077541 0.298247
vt 0.060852 0.175777
vt 0.062913 0.175711
vt 0.062805 0.160558
vt 0.060797 0.160330
vt 0.064981 0.175635
vt 0.080075 0.175766
vt 0.078008 0.175682
vt 0.075885 0.175600
vt 0.058754 0.175824
vt 0.073705 0.175539
vt 0.056605 0.175850
vt 0.071489 0.175513
vt 0.054422 0.175856
vt 0.052238 0.175850
vt 0.069277 0.175518
vt 0.050085 0.175825
vt 0.067100 0.175565
vt 0.064838 0.160794
vt 0.066972 0.160999
vt 0.067057 0.146490
vt 0.064897 0.146100
vt 0.078301 0.160888
vt 0.076168 0.161063
vt 0.058741 0.160140
vt 0.073911 0.161175
vt 0.056608 0.160014
vt 0.071571 0.161203
vt 0.054421 0.159967
vt 0.052233 0.160009
vt 0.069230 0.161143
vt 0.050100 0.160130
vt 0.048043 0.160315
vt 0.046035 0.160539
vt 0.080333 0.160682
vt 0.052254 0.144634
vt 0.054425 0.144551
vt 0.054404 0.129736
vt 0.052263 0.129853
vt 0.048060 0.145225
vt 0.046027 0.145657
vt 0.062831 0.145654
vt 0.080544 0.145806
vt 0.078473 0.146216
vt 0.060795 0.145221
vt 0.076310 0.146569
vt 0.058725 0.144866
vt 0.074033 0.146801
vt 0.056596 0.144633
vt 0.071681 0.146869
vt 0.069331 0.146761
vt 0.050127 0.144868
vt 0.076460 0.132462
vt 0.078667 0.131971
vt 0.078897 0.118357
vt 0.076631 0.118936
vt 0.056546 0.129842
vt 0.071809 0.132887
vt 0.069456 0.132742
vt 0.050146 0.130175
vt 0.067164 0.132370
vt 0.048059 0.130666
vt 0.064965 0.131834
vt 0.045983 0.131262
vt 0.062845 0.131224
vt 0.080795 0.131404
vt 0.060760 0.130635
vt 0.058667 0.130154
vt 0.074163 0.132789
vt 0.065023 0.118197
vt 0.067278 0.118829
vt 0.067394 0.105978
vt 0.065067 0.105314
vt 0.060679 0.116797
vt 0.058557 0.116242
vt 0.074308 0.119323
vt 0.056449 0.115886
vt 0.071950 0.119441
vt 0.054348 0.115769
vt 0.052250 0.115909
vt 0.069594 0.119269
vt 0.050149 0.116287
vt 0.048038 0.116863
vt 0.045902 0.117568
vt 0.062829 0.117482
vt 0.081102 0.117693
vt 0.052213 0.102970
vt 0.054259 0.102821
vt 0.054153 0.090943
vt 0.052159 0.091081
vt 0.047987 0.103965
vt 0.045779 0.104705
vt 0.062781 0.104568
vt 0.081470 0.104820
vt 0.079172 0.105503
vt 0.060555 0.103862
vt 0.076833 0.106104
vt 0.058399 0.103295
vt 0.074473 0.106506
vt 0.056309 0.102936
vt 0.072108 0.106627
vt 0.069745 0.106444
vt 0.050130 0.103363
vt 0.077069 0.093993
vt 0.079492 0.093448
vt 0.079836 0.082138
vt 0.077335 0.082550
vt 0.056149 0.091045
vt 0.072287 0.094463
vt 0.069912 0.094285
vt 0.050092 0.091443
vt 0.067515 0.093843
vt 0.047910 0.092000
vt 0.065104 0.093221
vt 0.045614 0.092694
vt 0.062718 0.092530
vt 0.081889 0.092835
vt 0.060411 0.091883
vt 0.058221 0.091369
vt 0.074664 0.094359
vt 0.065168 0.081857
vt 0.067662 0.082365
vt 0.067894 0.071422
vt 0.065346 0.071069
vt 0.060305 0.080783
vt 0.058082 0.080373
vt 0.074886 0.082823
vt 0.056023 0.080115
vt 0.072495 0.082887
vt 0.054069 0.080029
vt 0.052113 0.080135
vt 0.070105 0.082731
vt 0.050049 0.080417
vt 0.047816 0.080858
vt 0.045420 0.081417
vt 0.062687 0.081300
vt 0.082321 0.081678
vt 0.054059 0.069776
vt 0.056008 0.069851
vt 0.056248 0.059619
vt 0.054182 0.059536
vt 0.047711 0.070272
vt 0.045210 0.070626
vt 0.062796 0.070684
vt 0.082679 0.071157
vt 0.080136 0.071422
vt 0.060349 0.070325
vt 0.077590 0.071653
vt 0.058082 0.070038
vt 0.075124 0.071795
vt 0.072742 0.071805
vt 0.052104 0.069830
vt 0.070360 0.071682
vt 0.050011 0.069999
vt 0.058447 0.059790
vt 0.060829 0.060043
vt 0.062536 0.000404
vt 0.060071 0.000346
vt 0.073031 0.061313
vt 0.070792 0.061193
vt 0.052110 0.059536
vt 0.049894 0.059616
vt 0.068434 0.060975
vt 0.047479 0.059766
vt 0.065933 0.060681
vt 0.044903 0.059961
vt 0.063361 0.060353
vt 0.082715 0.060974
vt 0.080141 0.061128
vt 0.077636 0.061260
vt 0.075274 0.061330
vt 0.078996 0.000792
vt 0.076713 0.000741
vt 0.057778 0.000292
vt 0.074565 0.000691
vt 0.055611 0.000243
vt 0.053440 0.000195
vt 0.072417 0.000640
vt 0.051142 0.000145
vt 0.070136 0.000585
vt 0.048677 0.000094
vt 0.067680 0.000526
vt 0.046103 0.000042
vt 0.065108 0.000465
vt 0.084030 0.000903
vt 0.081454 0.000847
vt 0.011322 0.000230
vt 0.008980 0.000183
vt 0.007757 0.060804
vt 0.009978 0.060814
vt 0.006499 0.000137
vt 0.005384 0.060878
vt 0.003838 0.000090
vt 0.002798 0.061021
vt 0.001059 0.000043
vt 0.000042 0.061210
vt 0.041994 0.000914
vt 0.039216 0.000854
vt 0.037923 0.062457
vt 0.040683 0.062267
vt 0.036566 0.000797
vt 0.035229 0.062624
vt 0.034107 0.000742
vt 0.032685 0.062722
vt 0.031789 0.000690
vt 0.030268 0.062719
vt 0.029472 0.000637
vt 0.027853 0.062596
vt 0.027014 0.000580
vt 0.025308 0.062363
vt 0.024367 0.000519
vt 0.022608 0.062046
vt 0.021593 0.000455
vt 0.019832 0.061694
vt 0.018810 0.000392
vt 0.017112 0.061362
vt 0.016147 0.000332
vt 0.014552 0.061092
vt 0.000206 0.072082
vt 0.002931 0.071732
vt 0.013665 0.000278
vt 0.012193 0.060907
vt 0.027450 0.073310
vt 0.027234 0.084532
vt 0.029861 0.084687
vt 0.030048 0.073432
vt 0.019225 0.072245
vt 0.021993 0.072659
vt 0.038103 0.072945
vt 0.040867 0.072627
vt 0.016576 0.071860
vt 0.035332 0.073224
vt 0.014128 0.071552
vt 0.032646 0.073403
vt 0.007685 0.071304
vt 0.009792 0.071258
vt 0.011892 0.071347
vt 0.005425 0.071466
vt 0.024764 0.073036
vt 0.014099 0.082023
vt 0.014223 0.093112
vt 0.016618 0.093667
vt 0.016512 0.082460
vt 0.005398 0.082032
vt 0.007637 0.081747
vt 0.024550 0.084145
vt 0.002969 0.082483
vt 0.021817 0.083604
vt 0.000357 0.083057
vt 0.019107 0.083011
vt 0.037907 0.083820
vt 0.040609 0.083299
vt 0.035174 0.084288
vt 0.032488 0.084603
vt 0.011868 0.081744
vt 0.009754 0.081645
vt 0.000411 0.094498
vt 0.000572 0.106656
vt 0.003007 0.105846
vt 0.002950 0.093757
vt 0.032349 0.096330
vt 0.035011 0.095914
vt 0.011964 0.092761
vt 0.029715 0.096455
vt 0.007611 0.092787
vt 0.009788 0.092645
vt 0.027085 0.096268
vt 0.005349 0.093167
vt 0.024435 0.095789
vt 0.021774 0.095114
vt 0.019149 0.094366
vt 0.037689 0.095301
vt 0.040333 0.094613
vt 0.026941 0.108518
vt 0.026804 0.121454
vt 0.029417 0.121640
vt 0.029564 0.108714
vt 0.019232 0.106482
vt 0.021756 0.107290
vt 0.037399 0.107471
vt 0.039939 0.106724
vt 0.016781 0.105720
vt 0.034808 0.108132
vt 0.014415 0.105110
vt 0.032190 0.108578
vt 0.012126 0.104724
vt 0.007646 0.104764
vt 0.009885 0.104602
vt 0.005363 0.105191
vt 0.024333 0.108011
vt 0.014612 0.118173
vt 0.014770 0.132228
vt 0.017071 0.132745
vt 0.016946 0.118770
vt 0.005398 0.118245
vt 0.007701 0.117829
vt 0.024237 0.120974
vt 0.003079 0.118878
vt 0.021740 0.120286
vt 0.000728 0.119653
vt 0.019315 0.119510
vt 0.037115 0.120450
vt 0.039552 0.119727
vt 0.034608 0.121084
vt 0.032033 0.121509
vt 0.012300 0.117793
vt 0.009999 0.117672
vt 0.019368 0.133381
vt 0.019391 0.147943
vt 0.021670 0.148424
vt 0.021709 0.134043
vt 0.031891 0.135078
vt 0.034432 0.134720
vt 0.012442 0.131896
vt 0.029283 0.135187
vt 0.007748 0.131921
vt 0.010094 0.131788
vt 0.026678 0.135030
vt 0.005427 0.132277
vt 0.024141 0.134625
vt 0.003136 0.132818
vt 0.000852 0.133475
vt 0.036871 0.134184
vt 0.039219 0.133567
vt 0.005445 0.147127
vt 0.005456 0.162557
vt 0.007797 0.162420
vt 0.007778 0.146867
vt 0.036668 0.148539
vt 0.038949 0.148095
vt 0.017149 0.147478
vt 0.034281 0.148923
vt 0.014874 0.147098
vt 0.031766 0.149177
vt 0.012537 0.146852
vt 0.029166 0.149252
vt 0.010157 0.146770
vt 0.026567 0.149138
vt 0.024054 0.148845
vt 0.003176 0.147520
vt 0.000941 0.147997
vt 0.031654 0.163619
vt 0.031456 0.178025
vt 0.033853 0.178093
vt 0.034142 0.163497
vt 0.023999 0.163442
vt 0.026490 0.163592
vt 0.003197 0.162761
vt 0.021646 0.163226
vt 0.000989 0.163007
vt 0.019406 0.162979
vt 0.036492 0.163308
vt 0.038727 0.163088
vt 0.017196 0.162739
vt 0.014937 0.162541
vt 0.012595 0.162412
vt 0.029072 0.163651
vt 0.010196 0.162368
vt 0.019577 0.178266
vt 0.019904 0.313611
vt 0.022233 0.313592
vt 0.021853 0.178173
vt 0.012639 0.178443
vt 0.015002 0.178408
vt 0.029019 0.178002
vt 0.007839 0.178457
vt 0.010240 0.178458
vt 0.026581 0.178020
vt 0.005473 0.178433
vt 0.024185 0.178081
vt 0.003160 0.178388
vt 0.000888 0.178315
vt 0.036186 0.178185
vt 0.038462 0.178282
vt 0.017310 0.178348
vt 0.036506 0.312944
vt 0.038755 0.312889
vt 0.017572 0.313589
vt 0.034208 0.313046
vt 0.015204 0.313530
vt 0.031844 0.313178
vt 0.012791 0.313437
vt 0.029431 0.313316
vt 0.007937 0.313180
vt 0.010357 0.313317
vt 0.027003 0.313438
vt 0.005567 0.313049
vt 0.024596 0.313530
vt 0.003265 0.312953
vt 0.001015 0.312898
vt 0.024715 0.328260
vt 0.027243 0.328376
vt 0.012563 0.328386
vt 0.012492 0.343394
vt 0.015061 0.343124
vt 0.015092 0.328266
vt 0.002835 0.328798
vt 0.005089 0.328745
vt 0.022274 0.328181
vt 0.000681 0.328794
vt 0.019904 0.328157
vt 0.036964 0.328773
vt 0.039116 0.328766
vt 0.017535 0.328184
vt 0.034712 0.328724
vt 0.032319 0.328630
vt 0.029806 0.328507
vt 0.007484 0.328647
vt 0.009999 0.328520
vt 0.017530 0.342939
vt 0.017572 0.357374
vt 0.019928 0.357274
vt 0.019915 0.342875
vt 0.029947 0.343686
vt 0.032500 0.343979
vt 0.007329 0.344002
vt 0.009883 0.343704
vt 0.027338 0.343381
vt 0.004909 0.344246
vt 0.024769 0.343115
vt 0.002647 0.344403
vt 0.022299 0.342935
vt 0.000500 0.344451
vt 0.037183 0.344371
vt 0.039329 0.344414
vt 0.034920 0.344218
vt 0.002651 0.359620
vt 0.003243 0.374369
vt 0.005355 0.374098
vt 0.004909 0.359353
vt 0.034951 0.359323
vt 0.037208 0.359585
vt 0.015116 0.357652
vt 0.032520 0.358948
vt 0.012541 0.358057
vt 0.029945 0.358501
vt 0.007339 0.358973
vt 0.009913 0.358521
vt 0.027317 0.358043
vt 0.024741 0.357642
vt 0.022285 0.357369
vt 0.000518 0.359750
vt 0.039342 0.359711
vt 0.029712 0.373205
vt 0.029795 0.387599
vt 0.032338 0.388042
vt 0.032212 0.373677
vt 0.022220 0.371986
vt 0.024613 0.372281
vt 0.001292 0.374491
vt 0.019943 0.371888
vt 0.036647 0.374335
vt 0.038599 0.374452
vt 0.017666 0.371991
vt 0.034535 0.374068
vt 0.015274 0.372291
vt 0.012750 0.372728
vt 0.007677 0.373702
vt 0.010176 0.373225
vt 0.027137 0.372713
vt 0.017701 0.386435
vt 0.017706 0.400331
vt 0.019972 0.400240
vt 0.019958 0.386333
vt 0.007581 0.388067
vt 0.010123 0.387619
vt 0.012744 0.387146
vt 0.027173 0.387131
vt 0.005237 0.388426
vt 0.024613 0.386715
vt 0.003129 0.388650
vt 0.022215 0.386430
vt 0.001197 0.388711
vt 0.036791 0.388614
vt 0.038723 0.388672
vt 0.034683 0.388395
vt 0.015303 0.386725
vt 0.002847 0.402249
vt 0.002569 0.415308
vt 0.004698 0.415166
vt 0.004963 0.402064
vt 0.034985 0.402033
vt 0.037102 0.402213
vt 0.015273 0.400588
vt 0.032600 0.401733
vt 0.012650 0.400960
vt 0.029993 0.401352
vt 0.007348 0.401760
vt 0.009954 0.401373
vt 0.027296 0.400944
vt 0.024673 0.400578
vt 0.022239 0.400326
vt 0.000931 0.402289
vt 0.039018 0.402249
vt 0.030187 0.414619
vt 0.030248 0.427518
vt 0.032947 0.427711
vt 0.032854 0.414907
vt 0.022266 0.413841
vt 0.024737 0.414032
vt 0.000660 0.415339
vt 0.019987 0.413778
vt 0.037407 0.415270
vt 0.039315 0.415297
vt 0.017708 0.413846
vt 0.035277 0.415133
vt 0.015237 0.414043
vt 0.012553 0.414326
vt 0.007121 0.414935
vt 0.009788 0.414641
vt 0.027421 0.414310
vt 0.017729 0.427036
vt 0.017757 0.439720
vt 0.020021 0.439694
vt 0.020002 0.426998
vt 0.007056 0.427741
vt 0.009755 0.427541
vt 0.012549 0.427335
vt 0.027455 0.427318
vt 0.004602 0.427905
vt 0.024752 0.427145
vt 0.002449 0.428014
vt 0.022275 0.427031
vt 0.000528 0.428057
vt 0.037553 0.427975
vt 0.039474 0.428013
vt 0.035401 0.427870
vt 0.015251 0.427155
vt 0.022282 0.439717
vt 0.022503 0.575670
vt 0.024880 0.575589
vt 0.024662 0.439801
vt 0.034895 0.440595
vt 0.037160 0.440743
vt 0.015374 0.439810
vt 0.032463 0.440388
vt 0.012866 0.439970
vt 0.029831 0.440161
vt 0.007568 0.440423
vt 0.010203 0.440187
vt 0.027167 0.439951
vt 0.005131 0.440637
vt 0.002861 0.440788
vt 0.000761 0.440845
vt 0.039265 0.440800
vt 0.022537 0.588279
vt 0.025016 0.588176
vt 0.001014 0.574650
vt 0.003121 0.574706
vt 0.020245 0.575693
vt 0.037390 0.574661
vt 0.039493 0.574605
vt 0.017990 0.575674
vt 0.035117 0.574807
vt 0.015616 0.575599
vt 0.032679 0.575013
vt 0.013114 0.575460
vt 0.030043 0.575238
vt 0.007824 0.575048
vt 0.010455 0.575264
vt 0.027385 0.575441
vt 0.005390 0.574849
vt 0.007312 0.587689
vt 0.007405 0.600446
vt 0.010074 0.600707
vt 0.010014 0.587861
vt 0.000778 0.587417
vt 0.002701 0.587453
vt 0.020264 0.588311
vt 0.037829 0.587414
vt 0.039753 0.587374
vt 0.017991 0.588284
vt 0.035674 0.587512
vt 0.015513 0.588187
vt 0.033217 0.587659
vt 0.012810 0.588037
vt 0.030515 0.587837
vt 0.027720 0.588019
vt 0.004856 0.587548
vt 0.035577 0.600208
vt 0.035287 0.613244
vt 0.037403 0.613080
vt 0.037708 0.600081
vt 0.012843 0.600987
vt 0.027715 0.600971
vt 0.030483 0.600684
vt 0.004979 0.600241
vt 0.025030 0.601229
vt 0.002849 0.600119
vt 0.022558 0.601408
vt 0.000939 0.600099
vt 0.020279 0.601469
vt 0.039618 0.600057
vt 0.018001 0.601413
vt 0.015529 0.601239
vt 0.033153 0.600418
vt 0.022554 0.614838
vt 0.022544 0.628575
vt 0.024921 0.628310
vt 0.024983 0.614599
vt 0.015605 0.614609
vt 0.018034 0.614842
vt 0.032903 0.613521
vt 0.012985 0.614272
vt 0.030297 0.613875
vt 0.007683 0.613548
vt 0.010289 0.613897
vt 0.027602 0.614256
vt 0.005298 0.613276
vt 0.003182 0.613116
vt 0.001267 0.613092
vt 0.020294 0.614921
vt 0.039318 0.613051
vt 0.010546 0.627519
vt 0.010793 0.641619
vt 0.013317 0.642035
vt 0.013154 0.627942
vt 0.001642 0.626594
vt 0.003570 0.626626
vt 0.020309 0.628669
vt 0.037043 0.626590
vt 0.038971 0.626554
vt 0.018073 0.628580
vt 0.034939 0.626780
vt 0.015696 0.628320
vt 0.032601 0.627096
vt 0.030069 0.627498
vt 0.008013 0.627123
vt 0.027462 0.627926
vt 0.005674 0.626811
vt 0.015783 0.642403
vt 0.015860 0.656849
vt 0.018148 0.657062
vt 0.018112 0.642655
vt 0.027329 0.642020
vt 0.029852 0.641599
vt 0.006040 0.640917
vt 0.008334 0.641228
vt 0.024864 0.642393
vt 0.003947 0.640731
vt 0.022536 0.642651
vt 0.002006 0.640695
vt 0.020324 0.642741
vt 0.036695 0.640696
vt 0.038637 0.640656
vt 0.034603 0.640887
vt 0.032310 0.641202
vt 0.002331 0.655388
vt 0.002615 0.670579
vt 0.004574 0.670595
vt 0.004284 0.655419
vt 0.032058 0.655822
vt 0.034309 0.655550
vt 0.013460 0.656537
vt 0.029665 0.656163
vt 0.008618 0.655847
vt 0.011011 0.656183
vt 0.027218 0.656522
vt 0.006366 0.655580
vt 0.024818 0.656839
vt 0.022531 0.657057
vt 0.020339 0.657134
vt 0.036390 0.655384
vt 0.038342 0.655349
vt 0.027126 0.671358
vt 0.027039 0.686383
vt 0.029371 0.686274
vt 0.029512 0.671105
vt 0.020357 0.671788
vt 0.022529 0.671734
vt 0.036133 0.670558
vt 0.038091 0.670538
vt 0.018184 0.671739
vt 0.034064 0.670674
vt 0.015933 0.671592
vt 0.031849 0.670865
vt 0.013586 0.671374
vt 0.008860 0.670892
vt 0.011199 0.671127
vt 0.006644 0.670706
vt 0.024780 0.671581
vt 0.016012 0.686493
vt 0.016136 0.701261
vt 0.018290 0.701200
vt 0.018229 0.686554
vt 0.006902 0.686134
vt 0.009086 0.686206
vt 0.024742 0.686480
vt 0.004846 0.686100
vt 0.022526 0.686547
vt 0.002881 0.686112
vt 0.020378 0.686571
vt 0.035897 0.686055
vt 0.037859 0.686063
vt 0.033843 0.686095
vt 0.031661 0.686172
vt 0.013713 0.686403
vt 0.011379 0.686301
vt 0.003225 0.701880
vt 0.003876 0.824291
vt 0.005946 0.824224
vt 0.005274 0.701828
vt 0.031269 0.701550
vt 0.033419 0.701667
vt 0.013941 0.701354
vt 0.029076 0.701428
vt 0.009527 0.701606
vt 0.011728 0.701474
vt 0.026870 0.701324
vt 0.007370 0.701732
vt 0.024681 0.701241
vt 0.022531 0.701190
vt 0.020412 0.701174
vt 0.035508 0.701756
vt 0.037553 0.701803
vt 0.018820 0.824225
vt 0.018764 0.839673
vt 0.020772 0.839444
vt 0.020880 0.824292
vt 0.022948 0.824368
vt 0.035975 0.824321
vt 0.038042 0.824237
vt 0.033852 0.824403
vt 0.016721 0.824178
vt 0.031672 0.824464
vt 0.014572 0.824153
vt 0.029456 0.824490
vt 0.010206 0.824152
vt 0.012389 0.824146
vt 0.027244 0.824484
vt 0.008052 0.824177
vt 0.025067 0.824438
vt 0.022805 0.839208
vt 0.022864 0.853902
vt 0.025024 0.853512
vt 0.024939 0.839003
vt 0.034135 0.838940
vt 0.036268 0.839115
vt 0.016708 0.839862
vt 0.031878 0.838827
vt 0.014575 0.839988
vt 0.029538 0.838800
vt 0.010200 0.839993
vt 0.012388 0.840036
vt 0.027197 0.838859
vt 0.008067 0.839872
vt 0.006010 0.839687
vt 0.004002 0.839463
vt 0.038300 0.839320
vt 0.010221 0.855368
vt 0.010230 0.870149
vt 0.012371 0.870266
vt 0.012392 0.855451
vt 0.003994 0.854345
vt 0.006027 0.854777
vt 0.020798 0.854349
vt 0.036440 0.853786
vt 0.038510 0.854196
vt 0.018762 0.854781
vt 0.034277 0.853433
vt 0.016692 0.855137
vt 0.032000 0.853201
vt 0.014563 0.855369
vt 0.029648 0.853134
vt 0.027298 0.853241
vt 0.008094 0.855134
vt 0.034426 0.867540
vt 0.034598 0.881066
vt 0.036863 0.881645
vt 0.036633 0.868031
vt 0.014513 0.870160
vt 0.027422 0.867260
vt 0.029775 0.867115
vt 0.008113 0.869827
vt 0.025131 0.867632
vt 0.006026 0.869336
vt 0.022932 0.868168
vt 0.003949 0.868740
vt 0.020812 0.868778
vt 0.038762 0.868599
vt 0.018727 0.869367
vt 0.016634 0.869848
vt 0.032130 0.867214
vt 0.022990 0.881805
vt 0.023034 0.894688
vt 0.025361 0.894024
vt 0.025245 0.881173
vt 0.016524 0.883760
vt 0.018646 0.883205
vt 0.032275 0.880679
vt 0.014416 0.884116
vt 0.029917 0.880561
vt 0.010217 0.884093
vt 0.012315 0.884233
vt 0.027561 0.880733
vt 0.008116 0.883715
vt 0.006004 0.883139
vt 0.003869 0.882434
vt 0.020796 0.882520
vt 0.039069 0.882309
vt 0.010179 0.897032
vt 0.010125 0.908921
vt 0.012120 0.909059
vt 0.012226 0.897181
vt 0.003746 0.895297
vt 0.005954 0.896037
vt 0.020748 0.895433
vt 0.037139 0.894499
vt 0.039437 0.895182
vt 0.018521 0.896140
vt 0.034799 0.893899
vt 0.016366 0.896707
vt 0.032440 0.893496
vt 0.014275 0.897066
vt 0.030074 0.893375
vt 0.027712 0.893558
vt 0.008097 0.896639
vt 0.035036 0.906009
vt 0.035301 0.917453
vt 0.037803 0.917864
vt 0.037459 0.906554
vt 0.014116 0.908957
vt 0.027878 0.905717
vt 0.030253 0.905539
vt 0.008059 0.908559
vt 0.025482 0.906159
vt 0.005876 0.908002
vt 0.023070 0.906781
vt 0.003581 0.907308
vt 0.020684 0.907472
vt 0.039855 0.907167
vt 0.018377 0.908119
vt 0.016187 0.908633
vt 0.032631 0.905643
vt 0.023134 0.918145
vt 0.023313 0.928933
vt 0.025860 0.928580
vt 0.025629 0.917637
vt 0.016048 0.919629
vt 0.018271 0.919219
vt 0.032852 0.917180
vt 0.013989 0.919887
vt 0.030461 0.917115
vt 0.010079 0.919867
vt 0.012035 0.919973
vt 0.028072 0.917271
vt 0.008015 0.919584
vt 0.005782 0.919143
vt 0.003387 0.918584
vt 0.020654 0.918702
vt 0.040287 0.918325
vt 0.012025 0.930226
vt 0.012148 0.940466
vt 0.014214 0.940383
vt 0.013974 0.930151
vt 0.003176 0.929375
vt 0.005677 0.929730
vt 0.020762 0.929318
vt 0.038103 0.928580
vt 0.040645 0.928845
vt 0.018315 0.929677
vt 0.035556 0.928349
vt 0.016048 0.929964
vt 0.033091 0.928207
vt 0.030708 0.928197
vt 0.010070 0.930171
vt 0.028326 0.928320
vt 0.007978 0.930003
vt 0.016413 0.940212
vt 0.018036 0.999654
vt 0.020501 0.999596
vt 0.018795 0.939959
vt 0.028758 0.938809
vt 0.030998 0.938689
vt 0.007860 0.940386
vt 0.010076 0.940466
vt 0.026400 0.939027
vt 0.005446 0.940236
vt 0.023899 0.939321
vt 0.002869 0.940040
vt 0.021327 0.939649
vt 0.038107 0.938875
vt 0.040681 0.939029
vt 0.035602 0.938742
vt 0.033239 0.938672
vt 0.034678 0.999260
vt 0.036960 0.999209
vt 0.015743 0.999708
vt 0.032530 0.999309
vt 0.011406 0.999806
vt 0.013576 0.999757
vt 0.030382 0.999360
vt 0.009107 0.999855
vt 0.028101 0.999415
vt 0.006643 0.999906
vt 0.025645 0.999474
vt 0.004069 0.999958
vt 0.023072 0.999535
vt 0.039418 0.999154
vt 0.041994 0.999098
vt 0.086484 0.987579
vt 0.090667 0.986891
vt 0.088493 0.986731
vt 0.084947 0.989304
vt 0.092676 0.988033
vt 0.084114 0.991644
vt 0.094213 0.989984
vt 0.084114 0.994243
vt 0.095045 0.992446
vt 0.095045 0.995045
vt 0.084946 0.996705
vt 0.086484 0.998656
vt 0.094213 0.997386
vt 0.088492 0.999798
vt 0.092675 0.999111
vt 0.090667 0.999958
s 1
usemtl material
f 1/1/1 2/2/2 3/3/3
f 1/1/1 3/3/3 4/4/4
f 4/4/4 3/3/3 5/5/5
f 4/4/4 5/5/5 6/6/6
f 6/6/6 5/5/5 7/7/7
f 6/6/6 7/7/7 8/8/8
f 8/8/8 7/7/7 9/9/9
f 8/8/8 9/9/9 10/10/10
f 11/11/10 12/12/11 13/13/12
f 11/11/10 13/13/12 14/14/13
f 14/14/13 13/13/12 15/15/14
f 14/14/13 15/15/14 16/16/15
f 16/16/15 15/15/14 17/17/16
f 16/16/15 17/17/16 18/18/17
f 18/18/17 17/17/16 19/19/18
f 18/18/17 19/19/18 20/20/19
f 20/20/19 19/19/18 21/21/20
f 20/20/19 21/21/20 22/22/21
f 22/22/21 21/21/20 23/23/22
f 22/22/21 23/23/22 24/24/23
f 24/24/23 23/23/22 25/25/24
f 24/24/23 25/25/24 26/26/25
f 26/26/25 25/25/24 27/27/26
f 26/26/25 27/27/26 28/28/27
f 28/28/27 27/27/26 29/29/28
f 28/28/27 29/29/28 30/30/29
f 30/30/29 29/29/28 31/31/30
f 30/30/29 31/31/30 32/32/31
f 9/9/9 7/7/7 33/33/32
f 9/9/9 33/33/32 34/34/33
f 32/32/31 31/31/30 35/35/34
f 32/32/31 35/35/34 36/36/35
f 36/36/35 35/35/34 2/2/2
f 36/36/35 2/2/2 1/1/1
f 37/37/36 38/38/37 39/39/38
f 37/37/36 39/39/38 40/40/39
f 27/27/26 25/25/24 41/41/40
f 27/27/26 41/41/40 42/42/41
f 13/13/12 12/12/11 43/43/42
f 13/13/12 43/43/42 44/44/43
f 29/29/28 27/27/26 42/42/41
f 29/29/28 42/42/41 45/45/44
f 15/15/14 13/13/12 44/44/43
f 15/15/14 44/44/43 46/46/45
f 31/31/30 29/29/28 45/45/44
f 31/31/30 45/45/44 47/47/46
f 17/17/16 15/15/14 46/46/45
f 17/17/16 46/46/45 48/48/47
f 3/3/3 2/2/2 49/49/48
f 3/3/3 49/49/48 50/50/49
f 35/35/34 31/31/30 47/47/46
f 35/35/34 47/47/46 51/51/50
f 19/19/18 17/17/16 48/48/47
f 19/19/18 48/48/47 38/38/37
f 2/2/2 35/35/34 51/51/50
f 2/2/2 51/51/50 49/49/48
f 21/21/20 19/19/18 38/38/37
f 21/21/20 38/38/37 37/37/36
f 5/5/5 3/3/3 50/50/49
f 5/5/5 50/50/49 52/52/51
f 23/23/22 21/21/20 37/37/36
f 23/23/22 37/37/36 53/53/52
f 7/7/7 5/5/5 52/52/51
f 7/7/7 52/52/51 33/33/32
f 25/25/24 23/23/22 53/53/52
f 25/25/24 53/53/52 41/41/40
f 54/54/53 55/55/54 56/56/55
f 54/54/53 56/56/55 57/57/56
f 52/52/51 50/50/49 58/58/57
f 52/52/51 58/58/57 59/59/58
f 53/53/52 37/37/36 40/40/39
f 53/53/52 40/40/39 60/60/59
f 33/33/32 52/52/51 59/59/58
f 33/33/32 59/59/58 61/61/60
f 41/41/40 53/53/52 60/60/59
f 41/41/40 60/60/59 62/62/61
f 34/34/33 33/33/32 61/61/60
f 34/34/33 61/61/60 63/63/62
f 42/42/41 41/41/40 62/62/61
f 42/42/41 62/62/61 64/64/63
f 44/44/43 43/43/42 65/65/62
f 44/44/43 65/65/62 66/66/64
f 45/45/44 42/42/41 64/64/63
f 45/45/44 64/64/63 55/55/54
f 46/46/45 44/44/43 66/66/64
f 46/46/45 66/66/64 67/67/65
f 47/47/46 45/45/44 55/55/54
f 47/47/46 55/55/54 54/54/53
f 48/48/47 46/46/45 67/67/65
f 48/48/47 67/67/65 68/68/66
f 51/51/50 47/47/46 54/54/53
f 51/51/50 54/54/53 69/69/67
f 38/38/37 48/48/47 68/68/66
f 38/38/37 68/68/66 39/39/38
f 50/50/49 49/49/48 70/70/68
f 50/50/49 70/70/68 58/58/57
f 49/49/48 51/51/50 69/69/67
f 49/49/48 69/69/67 70/70/68
f 71/71/69 72/72/70 73/73/71
f 71/71/69 73/73/71 74/74/72
f 68/68/66 67/67/65 75/75/73
f 68/68/66 75/75/73 76/76/74
f 69/69/67 54/54/53 57/57/56
f 69/69/67 57/57/56 77/77/75
f 39/39/38 68/68/66 76/76/74
f 39/39/38 76/76/74 78/78/76
f 58/58/57 70/70/68 79/79/77
f 58/58/57 79/79/77 80/80/78
f 70/70/68 69/69/67 77/77/75
f 70/70/68 77/77/75 79/79/77
f 40/40/39 39/39/38 78/78/76
f 40/40/39 78/78/76 81/81/79
f 59/59/58 58/58/57 80/80/78
f 59/59/58 80/80/78 82/82/80
f 60/60/59 40/40/39 81/81/79
f 60/60/59 81/81/79 83/83/81
f 61/61/60 59/59/58 82/82/80
f 61/61/60 82/82/80 72/72/70
f 62/62/61 60/60/59 83/83/81
f 62/62/61 83/83/81 84/84/82
f 63/63/62 61/61/60 72/72/70
f 63/63/62 72/72/70 71/71/69
f 64/64/63 62/62/61 84/84/82
f 64/64/63 84/84/82 85/85/83
f 66/66/64 65/65/62 86/86/84
f 66/66/64 86/86/84 87/87/85
f 55/55/54 64/64/63 85/85/83
f 55/55/54 85/85/83 56/56/55
f 67/67/65 66/66/64 87/87/85
f 67/67/65 87/87/85 75/75/73
f 88/88/86 89/89/87 90/90/88
f 88/88/86 90/90/88 91/91/89
f 85/85/83 84/84/82 92/92/90
f 85/85/83 92/92/90 93/93/91
f 87/87/85 86/86/84 94/94/92
f 87/87/85 94/94/92 95/95/93
f 56/56/55 85/85/83 93/93/91
f 56/56/55 93/93/91 96/96/94
f 75/75/73 87/87/85 95/95/93
f 75/75/73 95/95/93 97/97/95
f 57/57/56 56/56/55 96/96/94
f 57/57/56 96/96/94 98/98/96
f 76/76/74 75/75/73 97/97/95
f 76/76/74 97/97/95 99/99/97
f 77/77/75 57/57/56 98/98/96
f 77/77/75 98/98/96 100/100/98
f 78/78/76 76/76/74 99/99/97
f 78/78/76 99/99/97 89/89/87
f 80/80/78 79/79/77 101/101/99
f 80/80/78 101/101/99 102/102/100
f 79/79/77 77/77/75 100/100/98
f 79/79/77 100/100/98 101/101/99
f 81/81/79 78/78/76 89/89/87
f 81/81/79 89/89/87 88/88/86
f 82/82/80 80/80/78 102/102/100
f 82/82/80 102/102/100 103/103/101
f 83/83/81 81/81/79 88/88/86
f 83/83/81 88/88/86 104/104/102
f 72/72/70 82/82/80 103/103/101
f 72/72/70 103/103/101 73/73/71
f 84/84/82 83/83/81 104/104/102
f 84/84/82 104/104/102 92/92/90
f 105/105/103 106/106/104 107/107/105
f 105/105/103 107/107/105 108/108/106
f 103/103/101 102/102/100 109/109/107
f 103/103/101 109/109/107 110/110/108
f 104/104/102 88/88/86 91/91/89
f 104/104/102 91/91/89 111/111/109
f 73/73/71 103/103/101 110/110/108
f 73/73/71 110/110/108 112/112/110
f 92/92/90 104/104/102 111/111/109
f 92/92/90 111/111/109 113/113/111
f 74/74/72 73/73/71 112/112/110
f 74/74/72 112/112/110 114/114/112
f 93/93/91 92/92/90 113/113/111
f 93/93/91 113/113/111 115/115/113
f 95/95/93 94/94/92 116/116/112
f 95/95/93 116/116/112 117/117/114
f 96/96/94 93/93/91 115/115/113
f 96/96/94 115/115/113 106/106/104
f 97/97/95 95/95/93 117/117/114
f 97/97/95 117/117/114 118/118/115
f 98/98/96 96/96/94 106/106/104
f 98/98/96 106/106/104 105/105/103
f 99/99/97 97/97/95 118/118/115
f 99/99/97 118/118/115 119/119/116
f 100/100/98 98/98/96 105/105/103
f 100/100/98 105/105/103 120/120/117
f 89/89/87 99/99/97 119/119/116
f 89/89/87 119/119/116 90/90/88
f 102/102/100 101/101/99 121/121/118
f 102/102/100 121/121/118 109/109/107
f 101/101/99 100/100/98 120/120/117
f 101/101/99 120/120/117 121/121/118
f 122/122/119 123/123/120 124/124/121
f 122/122/119 124/124/121 125/125/122
f 119/119/116 118/118/115 126/126/123
f 119/119/116 126/126/123 127/127/124
f 120/120/117 105/105/103 108/108/106
f 120/120/117 108/108/106 128/128/125
f 90/90/88 119/119/116 127/127/124
f 90/90/88 127/127/124 129/129/126
f 109/109/107 121/121/118 130/130/127
f 109/109/107 130/130/127 131/131/128
f 121/121/118 120/120/117 128/128/125
f 121/121/118 128/128/125 130/130/127
f 91/91/89 90/90/88 129/129/126
f 91/91/89 129/129/126 132/132/129
f 110/110/108 109/109/107 131/131/128
f 110/110/108 131/131/128 133/133/130
f 111/111/109 91/91/89 132/132/129
f 111/111/109 132/132/129 134/134/131
f 112/112/110 110/110/108 133/133/130
f 112/112/110 133/133/130 135/135/132
f 113/113/111 111/111/109 134/134/131
f 113/113/111 134/134/131 123/123/120
f 114/114/112 112/112/110 135/135/132
f 114/114/112 135/135/132 136/136/133
f 115/115/113 113/113/111 123/123/120
f 115/115/113 123/123/120 122/122/119
f 117/117/114 116/116/112 137/137/133
f 117/117/114 137/137/133 138/138/134
f 106/106/104 115/115/113 122/122/119
f 106/106/104 122/122/119 107/107/105
f 118/118/115 117/117/114 138/138/134
f 118/118/115 138/138/134 126/126/123
f 139/139/135 140/140/136 141/141/137
f 139/139/135 141/141/137 142/142/138
f 138/138/134 137/137/133 143/143/139
f 138/138/134 143/143/139 144/144/140
f 107/107/105 122/122/119 125/125/122
f 107/107/105 125/125/122 145/145/141
f 126/126/123 138/138/134 144/144/140
f 126/126/123 144/144/140 146/146/142
f 108/108/106 107/107/105 145/145/141
f 108/108/106 145/145/141 147/147/143
f 127/127/124 126/126/123 146/146/142
f 127/127/124 146/146/142 148/148/144
f 128/128/125 108/108/106 147/147/143
f 128/128/125 147/147/143 149/149/145
f 129/129/126 127/127/124 148/148/144
f 129/129/126 148/148/144 150/150/146
f 131/131/128 130/130/127 151/151/147
f 131/131/128 151/151/147 140/140/136
f 130/130/127 128/128/125 149/149/145
f 130/130/127 149/149/145 151/151/147
f 132/132/129 129/129/126 150/150/146
f 132/132/129 150/150/146 152/152/148
f 133/133/130 131/131/128 140/140/136
f 133/133/130 140/140/136 139/139/135
f 134/134/131 132/132/129 152/152/148
f 134/134/131 152/152/148 153/153/149
f 135/135/132 133/133/130 139/139/135
f 135/135/132 139/139/135 154/154/150
f 123/123/120 134/134/131 153/153/149
f 123/123/120 153/153/149 124/124/121
f 136/136/133 135/135/132 154/154/150
f 136/136/133 154/154/150 155/155/139
f 156/156/151 157/157/152 158/158/153
f 156/156/151 158/158/153 159/159/154
f 153/153/149 152/152/148 160/160/155
f 153/153/149 160/160/155 161/161/156
f 154/154/150 139/139/135 142/142/138
f 154/154/150 142/142/138 162/162/157
f 124/124/121 153/153/149 161/161/156
f 124/124/121 161/161/156 163/163/158
f 155/155/139 154/154/150 162/162/157
f 155/155/139 162/162/157 164/164/159
f 125/125/122 124/124/121 163/163/158
f 125/125/122 163/163/158 165/165/160
f 144/144/140 143/143/139 166/166/161
f 144/144/140 166/166/161 167/167/162
f 145/145/141 125/125/122 165/165/160
f 145/145/141 165/165/160 168/168/163
f 146/146/142 144/144/140 167/167/162
f 146/146/142 167/167/162 157/157/152
f 147/147/143 145/145/141 168/168/163
f 147/147/143 168/168/163 169/169/164
f 148/148/144 146/146/142 157/157/152
f 148/148/144 157/157/152 156/156/151
f 149/149/145 147/147/143 169/169/164
f 149/149/145 169/169/164 170/170/165
f 150/150/146 148/148/144 156/156/151
f 150/150/146 156/156/151 171/171/166
f 140/140/136 151/151/147 172/172/167
f 140/140/136 172/172/167 141/141/137
f 151/151/147 149/149/145 170/170/165
f 151/151/147 170/170/165 172/172/167
f 152/152/148 150/150/146 171/171/166
f 152/152/148 171/171/166 160/160/155
f 173/173/168 174/174/169 175/175/170
f 173/173/168 175/175/170 176/176/171
f 170/170/165 169/169/164 177/177/172
f 170/170/165 177/177/172 178/178/173
f 171/171/166 156/156/151 159/159/154
f 171/171/166 159/159/154 179/179/174
f 141/141/137 172/172/167 180/180/175
f 141/141/137 180/180/175 181/181/176
f 172/172/167 170/170/165 178/178/173
f 172/172/167 178/178/173 180/180/175
f 160/160/155 171/171/166 179/179/174
f 160/160/155 179/179/174 182/182/177
f 142/142/138 141/141/137 181/181/176
f 142/142/138 181/181/176 183/183/178
f 161/161/156 160/160/155 182/182/177
f 161/161/156 182/182/177 184/184/179
f 162/162/157 142/142/138 183/183/178
f 162/162/157 183/183/178 185/185/180
f 163/163/158 161/161/156 184/184/179
f 163/163/158 184/184/179 174/174/169
f 164/164/159 162/162/157 185/185/180
f 164/164/159 185/185/180 186/186/181
f 165/165/160 163/163/158 174/174/169
f 165/165/160 174/174/169 173/173/168
f 167/167/162 166/166/161 187/187/182
f 167/167/162 187/187/182 188/188/183
f 168/168/163 165/165/160 173/173/168
f 168/168/163 173/173/168 189/189/184
f 157/157/152 167/167/162 188/188/183
f 157/157/152 188/188/183 158/158/153
f 169/169/164 168/168/163 189/189/184
f 169/169/164 189/189/184 177/177/172
f 188/188/183 187/187/182 190/190/185
f 188/188/183 190/190/185 191/191/186
f 189/189/184 173/173/168 176/176/171
f 189/189/184 176/176/171 192/192/187
f 158/158/153 188/188/183 191/191/186
f 158/158/153 191/191/186 193/193/188
f 177/177/172 189/189/184 192/192/187
f 177/177/172 192/192/187 194/194/189
f 159/159/154 158/158/153 193/193/188
f 159/159/154 193/193/188 195/195/190
f 178/178/173 177/177/172 194/194/189
f 178/178/173 194/194/189 196/196/191
f 179/179/174 159/159/154 195/195/190
f 179/179/174 195/195/190 197/197/192
f 181/181/176 180/180/175 198/198/193
f 181/181/176 198/198/193 199/199/194
f 180/180/175 178/178/173 196/196/191
f 180/180/175 196/196/191 198/198/193
f 182/182/177 179/179/174 197/197/192
f 182/182/177 197/197/192 200/200/195
f 183/183/178 181/181/176 199/199/194
f 183/183/178 199/199/194 201/201/196
f 184/184/179 182/182/177 200/200/195
f 184/184/179 200/200/195 202/202/197
f 185/185/180 183/183/178 201/201/196
f 185/185/180 201/201/196 203/203/198
f 174/174/169 184/184/179 202/202/197
f 174/174/169 202/202/197 175/175/170
f 186/186/181 185/185/180 203/203/198
f 186/186/181 203/203/198 204/204/185
f 202/202/197 200/200/195 205/205/199
f 202/202/197 205/205/199 206/206/200
f 207/207/201 208/208/202 209/209/203
f 207/207/201 209/209/203 210/210/204
f 203/203/198 201/201/196 211/211/205
f 203/203/198 211/211/205 212/212/206
f 175/175/170 202/202/197 206/206/200
f 175/175/170 206/206/200 213/213/207
f 204/204/185 203/203/198 212/212/206
f 204/204/185 212/212/206 214/214/208
f 176/176/171 175/175/170 213/213/207
f 176/176/171 213/213/207 215/215/209
f 191/191/186 190/190/185 216/216/210
f 191/191/186 216/216/210 217/217/211
f 192/192/187 176/176/171 215/215/209
f 192/192/187 215/215/209 218/218/212
f 193/193/188 191/191/186 217/217/211
f 193/193/188 217/217/211 219/219/213
f 194/194/189 192/192/187 218/218/212
f 194/194/189 218/218/212 208/208/202
f 195/195/190 193/193/188 219/219/213
f 195/195/190 219/219/213 220/220/214
f 196/196/191 194/194/189 208/208/202
f 196/196/191 208/208/202 207/207/201
f 197/197/192 195/195/190 220/220/214
f 197/197/192 220/220/214 221/221/215
f 199/199/194 198/198/193 222/222/216
f 199/199/194 222/222/216 223/223/217
f 198/198/193 196/196/191 207/207/201
f 198/198/193 207/207/201 222/222/216
f 200/200/195 197/197/192 221/221/215
f 200/200/195 221/221/215 205/205/199
f 201/201/196 199/199/194 223/223/217
f 201/201/196 223/223/217 211/211/205
f 224/224/218 225/225/219 226/226/220
f 224/224/218 226/226/220 227/227/221
f 221/221/215 220/220/214 228/228/222
f 221/221/215 228/228/222 229/229/223
f 223/223/217 222/222/216 230/230/224
f 223/223/217 230/230/224 231/231/225
f 222/222/216 207/207/201 210/210/204
f 222/222/216 210/210/204 230/230/224
f 205/205/199 221/221/215 229/229/223
f 205/205/199 229/229/223 232/232/226
f 211/211/205 223/223/217 231/231/225
f 211/211/205 231/231/225 233/233/227
f 206/206/200 205/205/199 232/232/226
f 206/206/200 232/232/226 234/234/228
f 212/212/206 211/211/205 233/233/227
f 212/212/206 233/233/227 235/235/229
f 213/213/207 206/206/200 234/234/228
f 213/213/207 234/234/228 236/236/230
f 214/214/208 212/212/206 235/235/229
f 214/214/208 235/235/229 237/237/231
f 215/215/209 213/213/207 236/236/230
f 215/215/209 236/236/230 225/225/219
f 217/217/211 216/216/210 238/238/231
f 217/217/211 238/238/231 239/239/232
f 218/218/212 215/215/209 225/225/219
f 218/218/212 225/225/219 224/224/218
f 219/219/213 217/217/211 239/239/232
f 219/219/213 239/239/232 240/240/233
f 208/208/202 218/218/212 224/224/218
f 208/208/202 224/224/218 209/209/203
f 220/220/214 219/219/213 240/240/233
f 220/220/214 240/240/233 228/228/222
f 241/241/234 242/242/235 243/243/236
f 241/241/234 243/243/236 244/244/237
f 240/240/233 239/239/232 245/245/238
f 240/240/233 245/245/238 246/246/239
f 209/209/203 224/224/218 227/227/221
f 209/209/203 227/227/221 247/247/240
f 228/228/222 240/240/233 246/246/239
f 228/228/222 246/246/239 248/248/241
f 210/210/204 209/209/203 247/247/240
f 210/210/204 247/247/240 249/249/242
f 229/229/223 228/228/222 248/248/241
f 229/229/223 248/248/241 250/250/243
f 231/231/225 230/230/224 251/251/244
f 231/231/225 251/251/244 252/252/245
f 230/230/224 210/210/204 249/249/242
f 230/230/224 249/249/242 251/251/244
f 232/232/226 229/229/223 250/250/243
f 232/232/226 250/250/243 253/253/246
f 233/233/227 231/231/225 252/252/245
f 233/233/227 252/252/245 242/242/235
f 234/234/228 232/232/226 253/253/246
f 234/234/228 253/253/246 254/254/247
f 235/235/229 233/233/227 242/242/235
f 235/235/229 242/242/235 241/241/234
f 236/236/230 234/234/228 254/254/247
f 236/236/230 254/254/247 255/255/248
f 237/237/231 235/235/229 241/241/234
f 237/237/231 241/241/234 256/256/249
f 225/225/219 236/236/230 255/255/248
f 225/225/219 255/255/248 226/226/220
f 239/239/232 238/238/231 257/257/249
f 239/239/232 257/257/249 245/245/238
f 258/258/250 259/259/251 260/260/252
f 258/258/250 260/260/252 261/261/253
f 255/255/248 254/254/247 262/262/254
f 255/255/248 262/262/254 263/263/255
f 256/256/249 241/241/234 244/244/237
f 256/256/249 244/244/237 264/264/256
f 226/226/220 255/255/248 263/263/255
f 226/226/220 263/263/255 265/265/257
f 245/245/238 257/257/249 266/266/256
f 245/245/238 266/266/256 267/267/258
f 227/227/221 226/226/220 265/265/257
f 227/227/221 265/265/257 268/268/259
f 246/246/239 245/245/238 267/267/258
f 246/246/239 267/267/258 269/269/260
f 247/247/240 227/227/221 268/268/259
f 247/247/240 268/268/259 270/270/261
f 248/248/241 246/246/239 269/269/260
f 248/248/241 269/269/260 259/259/251
f 249/249/242 247/247/240 270/270/261
f 249/249/242 270/270/261 271/271/262
f 250/250/243 248/248/241 259/259/251
f 250/250/243 259/259/251 258/258/250
f 252/252/245 251/251/244 272/272/263
f 252/252/245 272/272/263 273/273/264
f 251/251/244 249/249/242 271/271/262
f 251/251/244 271/271/262 272/272/263
f 253/253/246 250/250/243 258/258/250
f 253/253/246 258/258/250 274/274/265
f 242/242/235 252/252/245 273/273/264
f 242/242/235 273/273/264 243/243/236
f 254/254/247 253/253/246 274/274/265
f 254/254/247 274/274/265 262/262/254
f 275/275/266 276/276/267 277/277/268
f 275/275/266 277/277/268 278/278/269
f 273/273/264 272/272/263 279/279/270
f 273/273/264 279/279/270 280/280/271
f 272/272/263 271/271/262 281/281/272
f 272/272/263 281/281/272 279/279/270
f 274/274/265 258/258/250 261/261/253
f 274/274/265 261/261/253 282/282/273
f 243/243/236 273/273/264 280/280/271
f 243/243/236 280/280/271 283/283/274
f 262/262/254 274/274/265 282/282/273
f 262/262/254 282/282/273 284/284/275
f 244/244/237 243/243/236 283/283/274
f 244/244/237 283/283/274 285/285/276
f 263/263/255 262/262/254 284/284/275
f 263/263/255 284/284/275 286/286/277
f 264/264/256 244/244/237 285/285/276
f 264/264/256 285/285/276 287/287/278
f 265/265/257 263/263/255 286/286/277
f 265/265/257 286/286/277 276/276/267
f 267/267/258 266/266/256 288/288/279
f 267/267/258 288/288/279 289/289/280
f 268/268/259 265/265/257 276/276/267
f 268/268/259 276/276/267 275/275/266
f 269/269/260 267/267/258 289/289/280
f 269/269/260 289/289/280 290/290/281
f 270/270/261 268/268/259 275/275/266
f 270/270/261 275/275/266 291/291/282
f 259/259/251 269/269/260 290/290/281
f 259/259/251 290/290/281 260/260/252
f 271/271/262 270/270/261 291/291/282
f 271/271/262 291/291/282 281/281/272
f 292/292/283 293/293/284 294/294/285
f 292/292/283 294/294/285 295/295/286
f 290/290/281 289/289/280 296/296/287
f 290/290/281 296/296/287 297/297/288
f 291/291/282 275/275/266 278/278/269
f 291/291/282 278/278/269 298/298/289
f 260/260/252 290/290/281 297/297/288
f 260/260/252 297/297/288 299/299/290
f 281/281/272 291/291/282 298/298/289
f 281/281/272 298/298/289 300/300/291
f 261/261/253 260/260/252 299/299/290
f 261/261/253 299/299/290 301/301/292
f 280/280/271 279/279/270 302/302/293
f 280/280/271 302/302/293 303/303/294
f 279/279/270 281/281/272 300/300/291
f 279/279/270 300/300/291 302/302/293
f 282/282/273 261/261/253 301/301/292
f 282/282/273 301/301/292 304/304/295
f 283/283/274 280/280/271 303/303/294
f 283/283/274 303/303/294 293/293/284
f 284/284/275 282/282/273 304/304/295
f 284/284/275 304/304/295 305/305/296
f 285/285/276 283/283/274 293/293/284
f 285/285/276 293/293/284 292/292/283
f 286/286/277 284/284/275 305/305/296
f 286/286/277 305/305/296 306/306/297
f 287/287/278 285/285/276 292/292/283
f 287/287/278 292/292/283 307/307/298
f 276/276/267 286/286/277 306/306/297
f 276/276/267 306/306/297 277/277/268
f 289/289/280 288/288/279 308/308/298
f 289/289/280 308/308/298 296/296/287
f 309/309/299 310/310/300 311/311/301
f 309/309/299 311/311/301 312/312/302
f 306/306/297 305/305/296 313/313/303
f 306/306/297 313/313/303 314/314/304
f 307/307/298 292/292/283 295/295/286
f 307/307/298 295/295/286 315/315/305
f 277/277/268 306/306/297 314/314/304
f 277/277/268 314/314/304 316/316/306
f 296/296/287 308/308/298 317/317/307
f 296/296/287 317/317/307 318/318/308
f 278/278/269 277/277/268 316/316/306
f 278/278/269 316/316/306 319/319/309
f 297/297/288 296/296/287 318/318/308
f 297/297/288 318/318/308 320/320/310
f 298/298/289 278/278/269 319/319/309
f 298/298/289 319/319/309 321/321/311
f 299/299/290 297/297/288 320/320/310
f 299/299/290 320/320/310 310/310/300
f 300/300/291 298/298/289 321/321/311
f 300/300/291 321/321/311 322/322/312
f 301/301/292 299/299/290 310/310/300
f 301/301/292 310/310/300 309/309/299
f 303/303/294 302/302/293 323/323/313
f 303/303/294 323/323/313 324/324/314
f 302/302/293 300/300/291 322/322/312
f 302/302/293 322/322/312 323/323/313
f 304/304/295 301/301/292 309/309/299
f 304/304/295 309/309/299 325/325/315
f 293/293/284 303/303/294 324/324/314
f 293/293/284 324/324/314 294/294/285
f 305/305/296 304/304/295 325/325/315
f 305/305/296 325/325/315 313/313/303
f 326/326/316 327/327/317 328/328/318
f 326/326/316 328/328/318 329/329/319
f 324/324/314 323/323/313 330/330/320
f 324/324/314 330/330/320 331/331/321
f 323/323/313 322/322/312 332/332/322
f 323/323/313 332/332/322 330/330/320
f 325/325/315 309/309/299 312/312/302
f 325/325/315 312/312/302 333/333/323
f 294/294/285 324/324/314 331/331/321
f 294/294/285 331/331/321 334/334/324
f 313/313/303 325/325/315 333/333/323
f 313/313/303 333/333/323 335/335/325
f 295/295/286 294/294/285 334/334/324
f 295/295/286 334/334/324 336/336/326
f 314/314/304 313/313/303 335/335/325
f 314/314/304 335/335/325 337/337/327
f 315/315/305 295/295/286 336/336/326
f 315/315/305 336/336/326 338/338/328
f 316/316/306 314/314/304 337/337/327
f 316/316/306 337/337/327 327/327/317
f 318/318/308 317/317/307 339/339/329
f 318/318/308 339/339/329 340/340/330
f 319/319/309 316/316/306 327/327/317
f 319/319/309 327/327/317 326/326/316
f 320/320/310 318/318/308 340/340/330
f 320/320/310 340/340/330 341/341/331
f 321/321/311 319/319/309 326/326/316
f 321/321/311 326/326/316 342/342/332
f 310/310/300 320/320/310 341/341/331
f 310/310/300 341/341/331 311/311/301
f 322/322/312 321/321/311 342/342/332
f 322/322/312 342/342/332 332/332/322
f 343/343/333 344/344/334 345/345/335
f 343/343/333 345/345/335 346/346/336
f 341/341/331 340/340/330 347/347/337
f 341/341/331 347/347/337 348/348/338
f 342/342/332 326/326/316 329/329/319
f 342/342/332 329/329/319 349/349/339
f 311/311/301 341/341/331 348/348/338
f 311/311/301 348/348/338 350/350/340
f 332/332/322 342/342/332 349/349/339
f 332/332/322 349/349/339 351/351/341
f 312/312/302 311/311/301 350/350/340
f 312/312/302 350/350/340 352/352/342
f 331/331/321 330/330/320 353/353/343
f 331/331/321 353/353/343 354/354/344
f 330/330/320 332/332/322 351/351/341
f 330/330/320 351/351/341 353/353/343
f 333/333/323 312/312/302 352/352/342
f 333/333/323 352/352/342 355/355/345
f 334/334/324 331/331/321 354/354/344
f 334/334/324 354/354/344 356/356/346
f 335/335/325 333/333/323 355/355/345
f 335/335/325 355/355/345 344/344/334
f 336/336/326 334/334/324 356/356/346
f 336/336/326 356/356/346 357/357/347
f 337/337/327 335/335/325 344/344/334
f 337/337/327 344/344/334 343/343/333
f 338/338/328 336/336/326 357/357/347
f 338/338/328 357/357/347 358/358/348
f 327/327/317 337/337/327 343/343/333
f 327/327/317 343/343/333 328/328/318
f 340/340/330 339/339/329 359/359/349
f 340/340/330 359/359/349 347/347/337
f 346/346/336 345/345/335 360/360/350
f 346/346/336 360/360/350 361/361/351
f 358/358/348 357/357/347 362/362/352
f 358/358/348 362/362/352 363/363/353
f 328/328/318 343/343/333 346/346/336
f 328/328/318 346/346/336 364/364/354
f 347/347/337 359/359/349 365/365/355
f 347/347/337 365/365/355 366/366/356
f 329/329/319 328/328/318 364/364/354
f 329/329/319 364/364/354 367/367/357
f 348/348/338 347/347/337 366/366/356
f 348/348/338 366/366/356 368/368/358
f 349/349/339 329/329/319 367/367/357
f 349/349/339 367/367/357 369/369/359
f 350/350/340 348/348/338 368/368/358
f 350/350/340 368/368/358 370/370/360
f 351/351/341 349/349/339 369/369/359
f 351/351/341 369/369/359 371/371/361
f 352/352/342 350/350/340 370/370/360
f 352/352/342 370/370/360 372/372/362
f 354/354/344 353/353/343 373/373/363
f 354/354/344 373/373/363 374/374/364
f 353/353/343 351/351/341 371/371/361
f 353/353/343 371/371/361 373/373/363
f 355/355/345 352/352/342 372/372/362
f 355/355/345 372/372/362 375/375/365
f 356/356/346 354/354/344 374/374/364
f 356/356/346 374/374/364 376/376/366
f 344/344/334 355/355/345 375/375/365
f 344/344/334 375/375/365 345/345/335
f 357/357/347 356/356/346 376/376/366
f 357/357/347 376/376/366 362/362/352
f 377/377/367 378/378/368 379/379/369
f 377/377/367 379/379/369 380/380/370
f 363/363/353 362/362/352 381/381/371
f 363/363/353 381/381/371 382/382/372
f 364/364/354 346/346/336 361/361/351
f 364/364/354 361/361/351 383/383/373
f 366/366/356 365/365/355 384/384/374
f 366/366/356 384/384/374 385/385/375
f 367/367/357 364/364/354 383/383/373
f 367/367/357 383/383/373 386/386/376
f 368/368/358 366/366/356 385/385/375
f 368/368/358 385/385/375 387/387/377
f 369/369/359 367/367/357 386/386/376
f 369/369/359 386/386/376 388/388/378
f 370/370/360 368/368/358 387/387/377
f 370/370/360 387/387/377 389/389/379
f 371/371/361 369/369/359 388/388/378
f 371/371/361 388/388/378 390/390/380
f 372/372/362 370/370/360 389/389/379
f 372/372/362 389/389/379 391/391/381
f 374/374/364 373/373/363 378/378/368
f 374/374/364 378/378/368 377/377/367
f 373/373/363 371/371/361 390/390/380
f 373/373/363 390/390/380 378/378/368
f 375/375/365 372/372/362 391/391/381
f 375/375/365 391/391/381 392/392/382
f 376/376/366 374/374/364 377/377/367
f 376/376/366 377/377/367 393/393/383
f 345/345/335 375/375/365 392/392/382
f 345/345/335 392/392/382 360/360/350
f 362/362/352 376/376/366 393/393/383
f 362/362/352 393/393/383 381/381/371
f 394/394/384 395/395/385 396/396/386
f 394/394/384 396/396/386 397/397/387
f 378/378/368 390/390/380 398/398/388
f 378/378/368 398/398/388 379/379/369
f 392/392/382 391/391/381 399/399/389
f 392/392/382 399/399/389 400/400/390
f 393/393/383 377/377/367 380/380/370
f 393/393/383 380/380/370 401/401/391
f 360/360/350 392/392/382 400/400/390
f 360/360/350 400/400/390 402/402/392
f 381/381/371 393/393/383 401/401/391
f 381/381/371 401/401/391 403/403/393
f 361/361/351 360/360/350 402/402/392
f 361/361/351 402/402/392 404/404/394
f 382/382/372 381/381/371 403/403/393
f 382/382/372 403/403/393 405/405/395
f 383/383/373 361/361/351 404/404/394
f 383/383/373 404/404/394 406/406/396
f 385/385/375 384/384/374 407/407/397
f 385/385/375 407/407/397 395/395/385
f 386/386/376 383/383/373 406/406/396
f 386/386/376 406/406/396 408/408/398
f 387/387/377 385/385/375 395/395/385
f 387/387/377 395/395/385 394/394/384
f 388/388/378 386/386/376 408/408/398
f 388/388/378 408/408/398 409/409/399
f 389/389/379 387/387/377 394/394/384
f 389/389/379 394/394/384 410/410/400
f 390/390/380 388/388/378 409/409/399
f 390/390/380 409/409/399 398/398/388
f 391/391/381 389/389/379 410/410/400
f 391/391/381 410/410/400 399/399/389
f 411/411/401 412/412/402 413/413/403
f 411/411/401 413/413/403 414/414/404
f 409/409/399 408/408/398 415/415/405
f 409/409/399 415/415/405 416/416/406
f 410/410/400 394/394/384 397/397/387
f 410/410/400 397/397/387 417/417/407
f 398/398/388 409/409/399 416/416/406
f 398/398/388 416/416/406 418/418/408
f 399/399/389 410/410/400 417/417/407
f 399/399/389 417/417/407 419/419/409
f 380/380/370 379/379/369 420/420/410
f 380/380/370 420/420/410 421/421/411
f 379/379/369 398/398/388 418/418/408
f 379/379/369 418/418/408 420/420/410
f 400/400/390 399/399/389 419/419/409
f 400/400/390 419/419/409 422/422/412
f 401/401/391 380/380/370 421/421/411
f 401/401/391 421/421/411 423/423/413
f 402/402/392 400/400/390 422/422/412
f 402/402/392 422/422/412 412/412/402
f 403/403/393 401/401/391 423/423/413
f 403/403/393 423/423/413 424/424/414
f 404/404/394 402/402/392 412/412/402
f 404/404/394 412/412/402 411/411/401
f 405/405/395 403/403/393 424/424/414
f 405/405/395 424/424/414 425/425/415
f 406/406/396 404/404/394 411/411/401
f 406/406/396 411/411/401 426/426/416
f 395/395/385 407/407/397 427/427/417
f 395/395/385 427/427/417 396/396/386
f 408/408/398 406/406/396 426/426/416
f 408/408/398 426/426/416 415/415/405
f 428/428/418 429/429/419 430/430/420
f 428/428/418 430/430/420 431/431/421
f 425/425/415 424/424/414 432/432/422
f 425/425/415 432/432/422 433/433/423
f 426/426/416 411/411/401 414/414/404
f 426/426/416 414/414/404 434/434/424
f 396/396/386 427/427/417 435/435/423
f 396/396/386 435/435/423 436/436/425
f 415/415/405 426/426/416 434/434/424
f 415/415/405 434/434/424 437/437/426
f 397/397/387 396/396/386 436/436/425
f 397/397/387 436/436/425 438/438/427
f 416/416/406 415/415/405 437/437/426
f 416/416/406 437/437/426 439/439/428
f 417/417/407 397/397/387 438/438/427
f 417/417/407 438/438/427 440/440/429
f 418/418/408 416/416/406 439/439/428
f 418/418/408 439/439/428 429/429/419
f 419/419/409 417/417/407 440/440/429
f 419/419/409 440/440/429 441/441/430
f 421/421/411 420/420/410 428/428/418
f 421/421/411 428/428/418 442/442/431
f 420/420/410 418/418/408 429/429/419
f 420/420/410 429/429/419 428/428/418
f 422/422/412 419/419/409 441/441/430
f 422/422/412 441/441/430 443/443/432
f 423/423/413 421/421/411 442/442/431
f 423/423/413 442/442/431 444/444/433
f 412/412/402 422/422/412 443/443/432
f 412/412/402 443/443/432 413/413/403
f 424/424/414 423/423/413 444/444/433
f 424/424/414 444/444/433 432/432/422
f 445/445/434 446/446/435 447/447/436
f 445/445/434 447/447/436 448/448/437
f 443/443/432 441/441/430 449/449/438
f 443/443/432 449/449/438 450/450/439
f 444/444/433 442/442/431 451/451/440
f 444/444/433 451/451/440 452/452/441
f 413/413/403 443/443/432 450/450/439
f 413/413/403 450/450/439 453/453/442
f 432/432/422 444/444/433 452/452/441
f 432/432/422 452/452/441 454/454/443
f 414/414/404 413/413/403 453/453/442
f 414/414/404 453/453/442 455/455/444
f 433/433/423 432/432/422 454/454/443
f 433/433/423 454/454/443 456/456/445
f 434/434/424 414/414/404 455/455/444
f 434/434/424 455/455/444 457/457/446
f 436/436/425 435/435/423 458/458/447
f 436/436/425 458/458/447 459/459/448
f 437/437/426 434/434/424 457/457/446
f 437/437/426 457/457/446 446/446/435
f 438/438/427 436/436/425 459/459/448
f 438/438/427 459/459/448 460/460/449
f 439/439/428 437/437/426 446/446/435
f 439/439/428 446/446/435 445/445/434
f 440/440/429 438/438/427 460/460/449
f 440/440/429 460/460/449 461/461/450
f 429/429/419 439/439/428 445/445/434
f 429/429/419 445/445/434 430/430/420
f 441/441/430 440/440/429 461/461/450
f 441/441/430 461/461/450 449/449/438
f 442/442/431 428/428/418 431/431/421
f 442/442/431 431/431/421 451/451/440
f 462/462/451 463/463/452 464/464/453
f 462/462/451 464/464/453 465/465/454
f 461/461/450 460/460/449 466/466/455
f 461/461/450 466/466/455 467/467/456
f 430/430/420 445/445/434 448/448/437
f 430/430/420 448/448/437 468/468/457
f 449/449/438 461/461/450 467/467/456
f 449/449/438 467/467/456 469/469/458
f 451/451/440 431/431/421 470/470/459
f 451/451/440 470/470/459 471/471/460
f 431/431/421 430/430/420 468/468/457
f 431/431/421 468/468/457 470/470/459
f 450/450/439 449/449/438 469/469/458
f 450/450/439 469/469/458 472/472/461
f 452/452/441 451/451/440 471/471/460
f 452/452/441 471/471/460 473/473/462
f 453/453/442 450/450/439 472/472/461
f 453/453/442 472/472/461 474/474/463
f 454/454/443 452/452/441 473/473/462
f 454/454/443 473/473/462 463/463/452
f 455/455/444 453/453/442 474/474/463
f 455/455/444 474/474/463 475/475/464
f 456/456/445 454/454/443 463/463/452
f 456/456/445 463/463/452 462/462/451
f 457/457/446 455/455/444 475/475/464
f 457/457/446 475/475/464 476/476/465
f 459/459/448 458/458/447 477/477/466
f 459/459/448 477/477/466 478/478/467
f 446/446/435 457/457/446 476/476/465
f 446/446/435 476/476/465 447/447/436
f 460/460/449 459/459/448 478/478/467
f 460/460/449 478/478/467 466/466/455
f 479/479/468 480/480/469 481/481/470
f 479/479/468 481/481/470 482/482/471
f 476/476/465 475/475/464 483/483/472
f 476/476/465 483/483/472 484/484/473
f 478/478/467 477/477/466 485/485/474
f 478/478/467 485/485/474 486/486/475
f 447/447/436 476/476/465 484/484/473
f 447/447/436 484/484/473 487/487/476
f 466/466/455 478/478/467 486/486/475
f 466/466/455 486/486/475 488/488/477
f 448/448/437 447/447/436 487/487/476
f 448/448/437 487/487/476 489/489/478
f 467/467/456 466/466/455 488/488/477
f 467/467/456 488/488/477 490/490/479
f 468/468/457 448/448/437 489/489/478
f 468/468/457 489/489/478 491/491/480
f 469/469/458 467/467/456 490/490/479
f 469/469/458 490/490/479 480/480/469
f 471/471/460 470/470/459 492/492/481
f 471/471/460 492/492/481 493/493/482
f 470/470/459 468/468/457 491/491/480
f 470/470/459 491/491/480 492/492/481
f 472/472/461 469/469/458 480/480/469
f 472/472/461 480/480/469 479/479/468
f 473/473/462 471/471/460 493/493/482
f 473/473/462 493/493/482 494/494/483
f 474/474/463 472/472/461 479/479/468
f 474/474/463 479/479/468 495/495/484
f 463/463/452 473/473/462 494/494/483
f 463/463/452 494/494/483 464/464/453
f 475/475/464 474/474/463 495/495/484
f 475/475/464 495/495/484 483/483/472
f 496/496/485 497/497/486 498/498/487
f 496/496/485 498/498/487 499/499/488
f 494/494/483 493/493/482 500/500/489
f 494/494/483 500/500/489 501/501/490
f 495/495/484 479/479/468 482/482/471
f 495/495/484 482/482/471 502/502/491
f 464/464/453 494/494/483 501/501/490
f 464/464/453 501/501/490 503/503/492
f 483/483/472 495/495/484 502/502/491
f 483/483/472 502/502/491 504/504/493
f 465/465/454 464/464/453 503/503/492
f 465/465/454 503/503/492 505/505/494
f 484/484/473 483/483/472 504/504/493
f 484/484/473 504/504/493 506/506/495
f 486/486/475 485/485/474 507/507/494
f 486/486/475 507/507/494 508/508/496
f 487/487/476 484/484/473 506/506/495
f 487/487/476 506/506/495 497/497/486
f 488/488/477 486/486/475 508/508/496
f 488/488/477 508/508/496 509/509/497
f 489/489/478 487/487/476 497/497/486
f 489/489/478 497/497/486 496/496/485
f 490/490/479 488/488/477 509/509/497
f 490/490/479 509/509/497 510/510/498
f 491/491/480 489/489/478 496/496/485
f 491/491/480 496/496/485 511/511/499
f 480/480/469 490/490/479 510/510/498
f 480/480/469 510/510/498 481/481/470
f 493/493/482 492/492/481 512/512/500
f 493/493/482 512/512/500 500/500/489
f 492/492/481 491/491/480 511/511/499
f 492/492/481 511/511/499 512/512/500
f 513/513/501 514/514/502 515/515/503
f 513/513/501 515/515/503 516/516/504
f 510/510/498 509/509/497 517/517/505
f 510/510/498 517/517/505 518/518/506
f 511/511/499 496/496/485 499/499/488
f 511/511/499 499/499/488 519/519/507
f 481/481/470 510/510/498 518/518/506
f 481/481/470 518/518/506 520/520/508
f 500/500/489 512/512/500 521/521/509
f 500/500/489 521/521/509 522/522/510
f 512/512/500 511/511/499 519/519/507
f 512/512/500 519/519/507 521/521/509
f 482/482/471 481/481/470 520/520/508
f 482/482/471 520/520/508 523/523/511
f 501/501/490 500/500/489 522/522/510
f 501/501/490 522/522/510 524/524/512
f 502/502/491 482/482/471 523/523/511
f 502/502/491 523/523/511 525/525/513
f 503/503/492 501/501/490 524/524/512
f 503/503/492 524/524/512 514/514/502
f 504/504/493 502/502/491 525/525/513
f 504/504/493 525/525/513 526/526/514
f 505/505/494 503/503/492 514/514/502
f 505/505/494 514/514/502 513/513/501
f 506/506/495 504/504/493 526/526/514
f 506/506/495 526/526/514 527/527/515
f 508/508/496 507/507/494 528/528/501
f 508/508/496 528/528/501 529/529/516
f 497/497/486 506/506/495 527/527/515
f 497/497/486 527/527/515 498/498/487
f 509/509/497 508/508/496 529/529/516
f 509/509/497 529/529/516 517/517/505
f 530/530/517 531/531/518 532/532/519
f 530/530/517 532/532/519 533/533/520
f 527/527/515 526/526/514 534/534/521
f 527/527/515 534/534/521 531/531/518
f 529/529/516 528/528/501 535/535/522
f 529/529/516 535/535/522 536/536/523
f 498/498/487 527/527/515 531/531/518
f 498/498/487 531/531/518 530/530/517
f 517/517/505 529/529/516 536/536/523
f 517/517/505 536/536/523 537/537/524
f 499/499/488 498/498/487 530/530/517
f 499/499/488 530/530/517 538/538/525
f 518/518/506 517/517/505 537/537/524
f 518/518/506 537/537/524 539/539/526
f 519/519/507 499/499/488 538/538/525
f 519/519/507 538/538/525 540/540/527
f 520/520/508 518/518/506 539/539/526
f 520/520/508 539/539/526 541/541/528
f 522/522/510 521/521/509 542/542/529
f 522/522/510 542/542/529 543/543/530
f 521/521/509 519/519/507 540/540/527
f 521/521/509 540/540/527 542/542/529
f 523/523/511 520/520/508 541/541/528
f 523/523/511 541/541/528 544/544/531
f 524/524/512 522/522/510 543/543/530
f 524/524/512 543/543/530 545/545/532
f 525/525/513 523/523/511 544/544/531
f 525/525/513 544/544/531 546/546/533
f 514/514/502 524/524/512 545/545/532
f 514/514/502 545/545/532 515/515/503
f 526/526/514 525/525/513 546/546/533
f 526/526/514 546/546/533 534/534/521
f 547/547/534 548/548/535 549/549/536
f 547/547/534 549/549/536 550/550/537
f 537/537/524 536/536/523 551/551/538
f 537/537/524 551/551/538 552/552/539
f 538/538/525 530/530/517 533/533/520
f 538/538/525 533/533/520 553/553/540
f 539/539/526 537/537/524 552/552/539
f 539/539/526 552/552/539 554/554/541
f 540/540/527 538/538/525 553/553/540
f 540/540/527 553/553/540 555/555/542
f 541/541/528 539/539/526 554/554/541
f 541/541/528 554/554/541 556/556/543
f 543/543/530 542/542/529 557/557/544
f 543/543/530 557/557/544 558/558/545
f 542/542/529 540/540/527 555/555/542
f 542/542/529 555/555/542 557/557/544
f 544/544/531 541/541/528 556/556/543
f 544/544/531 556/556/543 559/559/546
f 545/545/532 543/543/530 558/558/545
f 545/545/532 558/558/545 560/560/547
f 546/546/533 544/544/531 559/559/546
f 546/546/533 559/559/546 548/548/535
f 515/515/503 545/545/532 560/560/547
f 515/515/503 560/560/547 561/561/548
f 534/534/521 546/546/533 548/548/535
f 534/534/521 548/548/535 547/547/534
f 516/516/504 515/515/503 561/561/548
f 516/516/504 561/561/548 562/562/549
f 531/531/518 534/534/521 547/547/534
f 531/531/518 547/547/534 532/532/519
f 536/536/523 535/535/522 563/563/550
f 536/536/523 563/563/550 551/551/538
f 564/564/551 565/565/552 566/566/553
f 564/564/551 566/566/553 567/567/554
f 562/562/549 561/561/548 568/568/555
f 562/562/549 568/568/555 569/569/122
f 532/532/519 547/547/534 550/550/537
f 532/532/519 550/550/537 570/570/139
f 551/551/538 563/563/550 571/571/556
f 551/551/538 571/571/556 572/572/557
f 533/533/520 532/532/519 570/570/139
f 533/533/520 570/570/139 573/573/558
f 552/552/539 551/551/538 572/572/557
f 552/552/539 572/572/557 574/574/559
f 553/553/540 533/533/520 573/573/558
f 553/553/540 573/573/558 575/575/560
f 554/554/541 552/552/539 574/574/559
f 554/554/541 574/574/559 576/576/561
f 555/555/542 553/553/540 575/575/560
f 555/555/542 575/575/560 577/577/562
f 556/556/543 554/554/541 576/576/561
f 556/556/543 576/576/561 578/578/563
f 558/558/545 557/557/544 565/565/552
f 558/558/545 565/565/552 564/564/551
f 557/557/544 555/555/542 577/577/562
f 557/557/544 577/577/562 565/565/552
f 559/559/546 556/556/543 578/578/563
f 559/559/546 578/578/563 579/579/564
f 560/560/547 558/558/545 564/564/551
f 560/560/547 564/564/551 580/580/565
f 548/548/535 559/559/546 579/579/564
f 548/548/535 579/579/564 549/549/536
f 561/561/548 560/560/547 580/580/565
f 561/561/548 580/580/565 568/568/555
f 581/581/566 582/582/567 583/583/568
f 581/581/566 583/583/568 584/584/569
f 565/565/552 577/577/562 585/585/570
f 565/565/552 585/585/570 566/566/553
f 579/579/564 578/578/563 586/586/571
f 579/579/564 586/586/571 587/587/572
f 580/580/565 564/564/551 567/567/554
f 580/580/565 567/567/554 588/588/573
f 549/549/536 579/579/564 587/587/572
f 549/549/536 587/587/572 589/589/574
f 568/568/555 580/580/565 588/588/573
f 568/568/555 588/588/573 590/590/575
f 550/550/537 549/549/536 589/589/574
f 550/550/537 589/589/574 591/591/576
f 569/569/122 568/568/555 590/590/575
f 569/569/122 590/590/575 592/592/577
f 570/570/139 550/550/537 591/591/576
f 570/570/139 591/591/576 593/593/133
f 572/572/557 571/571/556 594/594/577
f 572/572/557 594/594/577 582/582/567
f 573/573/558 570/570/139 593/593/133
f 573/573/558 593/593/133 595/595/578
f 574/574/559 572/572/557 582/582/567
f 574/574/559 582/582/567 581/581/566
f 575/575/560 573/573/558 595/595/578
f 575/575/560 595/595/578 596/596/579
f 576/576/561 574/574/559 581/581/566
f 576/576/561 581/581/566 597/597/580
f 577/577/562 575/575/560 596/596/579
f 577/577/562 596/596/579 585/585/570
f 578/578/563 576/576/561 597/597/580
f 578/578/563 597/597/580 586/586/571
f 598/598/581 599/599/582 600/600/583
f 598/598/581 600/600/583 601/601/584
f 596/596/579 595/595/578 602/602/585
f 596/596/579 602/602/585 603/603/586
f 597/597/580 581/581/566 584/584/569
f 597/597/580 584/584/569 604/604/587
f 585/585/570 596/596/579 603/603/586
f 585/585/570 603/603/586 605/605/588
f 586/586/571 597/597/580 604/604/587
f 586/586/571 604/604/587 606/606/589
f 567/567/554 566/566/553 607/607/590
f 567/567/554 607/607/590 608/608/591
f 566/566/553 585/585/570 605/605/588
f 566/566/553 605/605/588 607/607/590
f 587/587/572 586/586/571 606/606/589
f 587/587/572 606/606/589 609/609/592
f 588/588/573 567/567/554 608/608/591
f 588/588/573 608/608/591 610/610/593
f 589/589/574 587/587/572 609/609/592
f 589/589/574 609/609/592 599/599/582
f 590/590/575 588/588/573 610/610/593
f 590/590/575 610/610/593 611/611/594
f 591/591/576 589/589/574 599/599/582
f 591/591/576 599/599/582 598/598/581
f 592/592/577 590/590/575 611/611/594
f 592/592/577 611/611/594 612/612/595
f 593/593/133 591/591/576 598/598/581
f 593/593/133 598/598/581 613/613/112
f 582/582/567 594/594/577 614/614/596
f 582/582/567 614/614/596 583/583/568
f 595/595/578 593/593/133 613/613/112
f 595/595/578 613/613/112 602/602/585
f 615/615/597 616/616/598 617/617/599
f 615/615/597 617/617/599 618/618/600
f 612/612/595 611/611/594 619/619/601
f 612/612/595 619/619/601 620/620/91
f 613/613/112 598/598/581 601/601/584
f 613/613/112 601/601/584 621/621/92
f 583/583/568 614/614/596 622/622/602
f 583/583/568 622/622/602 623/623/603
f 602/602/585 613/613/112 621/621/92
f 602/602/585 621/621/92 624/624/604
f 584/584/569 583/583/568 623/623/603
f 584/584/569 623/623/603 625/625/605
f 603/603/586 602/602/585 624/624/604
f 603/603/586 624/624/604 626/626/606
f 604/604/587 584/584/569 625/625/605
f 604/604/587 625/625/605 627/627/607
f 605/605/588 603/603/586 626/626/606
f 605/605/588 626/626/606 628/628/608
f 606/606/589 604/604/587 627/627/607
f 606/606/589 627/627/607 629/629/609
f 608/608/591 607/607/590 616/616/598
f 608/608/591 616/616/598 615/615/597
f 607/607/590 605/605/588 628/628/608
f 607/607/590 628/628/608 616/616/598
f 609/609/592 606/606/589 629/629/609
f 609/609/592 629/629/609 630/630/610
f 610/610/593 608/608/591 615/615/597
f 610/610/593 615/615/597 631/631/611
f 599/599/582 609/609/592 630/630/610
f 599/599/582 630/630/610 600/600/583
f 611/611/594 610/610/593 631/631/611
f 611/611/594 631/631/611 619/619/601
f 632/632/612 633/633/613 634/634/614
f 632/632/612 634/634/614 635/635/615
f 616/616/598 628/628/608 636/636/616
f 616/616/598 636/636/616 617/617/599
f 630/630/610 629/629/609 637/637/617
f 630/630/610 637/637/617 638/638/618
f 631/631/611 615/615/597 618/618/600
f 631/631/611 618/618/600 639/639/619
f 600/600/583 630/630/610 638/638/618
f 600/600/583 638/638/618 640/640/620
f 619/619/601 631/631/611 639/639/619
f 619/619/601 639/639/619 641/641/621
f 601/601/584 600/600/583 640/640/620
f 601/601/584 640/640/620 642/642/622
f 620/620/91 619/619/601 641/641/621
f 620/620/91 641/641/621 643/643/623
f 621/621/92 601/601/584 642/642/622
f 621/621/92 642/642/622 644/644/624
f 623/623/603 622/622/602 645/645/625
f 623/623/603 645/645/625 633/633/613
f 624/624/604 621/621/92 644/644/624
f 624/624/604 644/644/624 646/646/626
f 625/625/605 623/623/603 633/633/613
f 625/625/605 633/633/613 632/632/612
f 626/626/606 624/624/604 646/646/626
f 626/626/606 646/646/626 647/647/627
f 627/627/607 625/625/605 632/632/612
f 627/627/607 632/632/612 648/648/628
f 628/628/608 626/626/606 647/647/627
f 628/628/608 647/647/627 636/636/616
f 629/629/609 627/627/607 648/648/628
f 629/629/609 648/648/628 637/637/617
f 649/649/629 650/650/630 651/651/631
f 649/649/629 651/651/631 652/652/632
f 647/647/627 646/646/626 653/653/633
f 647/647/627 653/653/633 654/654/634
f 648/648/628 632/632/612 635/635/615
f 648/648/628 635/635/615 655/655/635
f 636/636/616 647/647/627 654/654/634
f 636/636/616 654/654/634 656/656/636
f 637/637/617 648/648/628 655/655/635
f 637/637/617 655/655/635 657/657/637
f 618/618/600 617/617/599 658/658/638
f 618/618/600 658/658/638 659/659/639
f 617/617/599 636/636/616 656/656/636
f 617/617/599 656/656/636 658/658/638
f 638/638/618 637/637/617 657/657/637
f 638/638/618 657/657/637 660/660/640
f 639/639/619 618/618/600 659/659/639
f 639/639/619 659/659/639 661/661/641
f 640/640/620 638/638/618 660/660/640
f 640/640/620 660/660/640 650/650/630
f 641/641/621 639/639/619 661/661/641
f 641/641/621 661/661/641 662/662/642
f 642/642/622 640/640/620 650/650/630
f 642/642/622 650/650/630 649/649/629
f 643/643/623 641/641/621 662/662/642
f 643/643/623 662/662/642 663/663/643
f 644/644/624 642/642/622 649/649/629
f 644/644/624 649/649/629 664/664/644
f 633/633/613 645/645/625 665/665/645
f 633/633/613 665/665/645 634/634/614
f 646/646/626 644/644/624 664/664/644
f 646/646/626 664/664/644 653/653/633
f 666/666/646 667/667/647 668/668/648
f 666/666/646 668/668/648 669/669/649
f 663/663/643 662/662/642 670/670/650
f 663/663/643 670/670/650 671/671/651
f 664/664/644 649/649/629 652/652/632
f 664/664/644 652/652/632 672/672/652
f 634/634/614 665/665/645 673/673/653
f 634/634/614 673/673/653 674/674/654
f 653/653/633 664/664/644 672/672/652
f 653/653/633 672/672/652 675/675/655
f 635/635/615 634/634/614 674/674/654
f 635/635/615 674/674/654 676/676/656
f 654/654/634 653/653/633 675/675/655
f 654/654/634 675/675/655 677/677/657
f 655/655/635 635/635/615 676/676/656
f 655/655/635 676/676/656 678/678/658
f 656/656/636 654/654/634 677/677/657
f 656/656/636 677/677/657 667/667/647
f 657/657/637 655/655/635 678/678/658
f 657/657/637 678/678/658 679/679/659
f 659/659/639 658/658/638 666/666/646
f 659/659/639 666/666/646 680/680/660
f 658/658/638 656/656/636 667/667/647
f 658/658/638 667/667/647 666/666/646
f 660/660/640 657/657/637 679/679/659
f 660/660/640 679/679/659 681/681/661
f 661/661/641 659/659/639 680/680/660
f 661/661/641 680/680/660 682/682/662
f 650/650/630 660/660/640 681/681/661
f 650/650/630 681/681/661 651/651/631
f 662/662/642 661/661/641 682/682/662
f 662/662/642 682/682/662 670/670/650
f 683/683/663 684/684/664 685/685/665
f 683/683/663 685/685/665 686/686/666
f 681/681/661 679/679/659 687/687/667
f 681/681/661 687/687/667 688/688/668
f 682/682/662 680/680/660 689/689/669
f 682/682/662 689/689/669 690/690/670
f 651/651/631 681/681/661 688/688/668
f 651/651/631 688/688/668 691/691/671
f 670/670/650 682/682/662 690/690/670
f 670/670/650 690/690/670 692/692/672
f 652/652/632 651/651/631 691/691/671
f 652/652/632 691/691/671 693/693/673
f 671/671/651 670/670/650 692/692/672
f 671/671/651 692/692/672 694/694/674
f 672/672/652 652/652/632 693/693/673
f 672/672/652 693/693/673 695/695/675
f 674/674/654 673/673/653 696/696/676
f 674/674/654 696/696/676 697/697/677
f 675/675/655 672/672/652 695/695/675
f 675/675/655 695/695/675 684/684/664
f 676/676/656 674/674/654 697/697/677
f 676/676/656 697/697/677 698/698/678
f 677/677/657 675/675/655 684/684/664
f 677/677/657 684/684/664 683/683/663
f 678/678/658 676/676/656 698/698/678
f 678/678/658 698/698/678 699/699/679
f 667/667/647 677/677/657 683/683/663
f 667/667/647 683/683/663 668/668/648
f 679/679/659 678/678/658 699/699/679
f 679/679/659 699/699/679 687/687/667
f 680/680/660 666/666/646 669/669/649
f 680/680/660 669/669/649 689/689/669
f 699/699/679 698/698/678 700/700/680
f 699/699/679 700/700/680 701/701/681
f 668/668/648 683/683/663 686/686/666
f 668/668/648 686/686/666 702/702/682
f 687/687/667 699/699/679 701/701/681
f 687/687/667 701/701/681 703/703/683
f 689/689/669 669/669/649 704/704/684
f 689/689/669 704/704/684 705/705/685
f 669/669/649 668/668/648 702/702/682
f 669/669/649 702/702/682 704/704/684
f 688/688/668 687/687/667 703/703/683
f 688/688/668 703/703/683 706/706/686
f 690/690/670 689/689/669 705/705/685
f 690/690/670 705/705/685 707/707/687
f 691/691/671 688/688/668 706/706/686
f 691/691/671 706/706/686 708/708/688
f 692/692/672 690/690/670 707/707/687
f 692/692/672 707/707/687 709/709/689
f 693/693/673 691/691/671 708/708/688
f 693/693/673 708/708/688 710/710/690
f 694/694/674 692/692/672 709/709/689
f 694/694/674 709/709/689 711/711/691
f 695/695/675 693/693/673 710/710/690
f 695/695/675 710/710/690 712/712/692
f 697/697/677 696/696/676 713/713/691
f 697/697/677 713/713/691 714/714/693
f 684/684/664 695/695/675 712/712/692
f 684/684/664 712/712/692 685/685/665
f 698/698/678 697/697/677 714/714/693
f 698/698/678 714/714/693 700/700/680
f 715/715/1 716/716/694 717/717/695
f 715/715/1 717/717/695 718/718/696
f 716/716/694 719/719/697 720/720/698
f 716/716/694 720/720/698 717/717/695
f 719/719/697 721/721/8 722/722/699
f 719/719/697 722/722/699 720/720/698
f 721/721/8 723/723/10 724/724/700
f 721/721/8 724/724/700 722/722/699
f 725/725/10 726/726/13 727/727/701
f 725/725/10 727/727/701 728/728/702
f 726/726/13 729/729/15 730/730/703
f 726/726/13 730/730/703 727/727/701
f 729/729/15 731/731/704 732/732/705
f 729/729/15 732/732/705 730/730/703
f 731/731/704 733/733/19 734/734/706
f 731/731/704 734/734/706 732/732/705
f 733/733/19 735/735/21 736/736/707
f 733/733/19 736/736/707 734/734/706
f 735/735/21 737/737/23 738/738/708
f 735/735/21 738/738/708 736/736/707
f 737/737/23 739/739/25 740/740/709
f 737/737/23 740/740/709 738/738/708
f 739/739/25 741/741/27 742/742/710
f 739/739/25 742/742/710 740/740/709
f 741/741/27 743/743/29 744/744/711
f 741/741/27 744/744/711 742/742/710
f 743/743/29 745/745/31 746/746/712
f 743/743/29 746/746/712 744/744/711
f 724/724/700 747/747/713 748/748/714
f 724/724/700 748/748/714 722/722/699
f 745/745/31 749/749/35 750/750/715
f 745/745/31 750/750/715 746/746/712
f 749/749/35 715/715/1 718/718/696
f 749/749/35 718/718/696 750/750/715
f 751/751/716 752/752/717 753/753/718
f 751/751/716 753/753/718 754/754/719
f 742/742/710 755/755/720 756/756/721
f 742/742/710 756/756/721 740/740/709
f 727/727/701 757/757/722 758/758/723
f 727/727/701 758/758/723 728/728/702
f 744/744/711 759/759/724 755/755/720
f 744/744/711 755/755/720 742/742/710
f 730/730/703 760/760/725 757/757/722
f 730/730/703 757/757/722 727/727/701
f 746/746/712 761/761/726 759/759/724
f 746/746/712 759/759/724 744/744/711
f 732/732/705 762/762/727 760/760/725
f 732/732/705 760/760/725 730/730/703
f 717/717/695 763/763/728 764/764/729
f 717/717/695 764/764/729 718/718/696
f 750/750/715 765/765/730 761/761/726
f 750/750/715 761/761/726 746/746/712
f 734/734/706 754/754/719 762/762/727
f 734/734/706 762/762/727 732/732/705
f 718/718/696 764/764/729 765/765/730
f 718/718/696 765/765/730 750/750/715
f 736/736/707 751/751/716 754/754/719
f 736/736/707 754/754/719 734/734/706
f 720/720/698 766/766/731 763/763/728
f 720/720/698 763/763/728 717/717/695
f 738/738/708 767/767/732 751/751/716
f 738/738/708 751/751/716 736/736/707
f 722/722/699 748/748/714 766/766/731
f 722/722/699 766/766/731 720/720/698
f 740/740/709 756/756/721 767/767/732
f 740/740/709 767/767/732 738/738/708
f 768/768/733 769/769/734 770/770/735
f 768/768/733 770/770/735 771/771/736
f 766/766/731 772/772/737 773/773/738
f 766/766/731 773/773/738 763/763/728
f 767/767/732 774/774/739 752/752/717
f 767/767/732 752/752/717 751/751/716
f 748/748/714 775/775/740 772/772/737
f 748/748/714 772/772/737 766/766/731
f 756/756/721 776/776/741 774/774/739
f 756/756/721 774/774/739 767/767/732
f 747/747/713 777/777/742 775/775/740
f 747/747/713 775/775/740 748/748/714
f 755/755/720 778/778/743 776/776/741
f 755/755/720 776/776/741 756/756/721
f 757/757/722 779/779/744 780/780/742
f 757/757/722 780/780/742 758/758/723
f 759/759/724 771/771/736 778/778/743
f 759/759/724 778/778/743 755/755/720
f 760/760/725 781/781/745 779/779/744
f 760/760/725 779/779/744 757/757/722
f 761/761/726 768/768/733 771/771/736
f 761/761/726 771/771/736 759/759/724
f 762/762/727 782/782/746 781/781/745
f 762/762/727 781/781/745 760/760/725
f 765/765/730 783/783/747 768/768/733
f 765/765/730 768/768/733 761/761/726
f 754/754/719 753/753/718 782/782/746
f 754/754/719 782/782/746 762/762/727
f 763/763/728 773/773/738 784/784/748
f 763/763/728 784/784/748 764/764/729
f 764/764/729 784/784/748 783/783/747
f 764/764/729 783/783/747 765/765/730
f 785/785/749 786/786/750 787/787/751
f 785/785/749 787/787/751 788/788/752
f 782/782/746 789/789/753 790/790/754
f 782/782/746 790/790/754 781/781/745
f 783/783/747 791/791/755 769/769/734
f 783/783/747 769/769/734 768/768/733
f 753/753/718 792/792/756 789/789/753
f 753/753/718 789/789/753 782/782/746
f 773/773/738 793/793/757 794/794/758
f 773/773/738 794/794/758 784/784/748
f 784/784/748 794/794/758 791/791/755
f 784/784/748 791/791/755 783/783/747
f 752/752/717 795/795/759 792/792/756
f 752/752/717 792/792/756 753/753/718
f 772/772/737 796/796/760 793/793/757
f 772/772/737 793/793/757 773/773/738
f 774/774/739 797/797/761 795/795/759
f 774/774/739 795/795/759 752/752/717
f 775/775/740 788/788/752 796/796/760
f 775/775/740 796/796/760 772/772/737
f 776/776/741 798/798/762 797/797/761
f 776/776/741 797/797/761 774/774/739
f 777/777/742 785/785/749 788/788/752
f 777/777/742 788/788/752 775/775/740
f 778/778/743 799/799/763 798/798/762
f 778/778/743 798/798/762 776/776/741
f 779/779/744 800/800/764 801/801/765
f 779/779/744 801/801/765 780/780/742
f 771/771/736 770/770/735 799/799/763
f 771/771/736 799/799/763 778/778/743
f 781/781/745 790/790/754 800/800/764
f 781/781/745 800/800/764 779/779/744
f 802/802/766 803/803/767 804/804/768
f 802/802/766 804/804/768 805/805/769
f 799/799/763 806/806/770 807/807/771
f 799/799/763 807/807/771 798/798/762
f 800/800/764 808/808/772 809/809/750
f 800/800/764 809/809/750 801/801/765
f 770/770/735 810/810/773 806/806/770
f 770/770/735 806/806/770 799/799/763
f 790/790/754 811/811/774 808/808/772
f 790/790/754 808/808/772 800/800/764
f 769/769/734 812/812/775 810/810/773
f 769/769/734 810/810/773 770/770/735
f 789/789/753 813/813/776 811/811/774
f 789/789/753 811/811/774 790/790/754
f 791/791/755 814/814/777 812/812/775
f 791/791/755 812/812/775 769/769/734
f 792/792/756 805/805/769 813/813/776
f 792/792/756 813/813/776 789/789/753
f 793/793/757 815/815/778 816/816/779
f 793/793/757 816/816/779 794/794/758
f 794/794/758 816/816/779 814/814/777
f 794/794/758 814/814/777 791/791/755
f 795/795/759 802/802/766 805/805/769
f 795/795/759 805/805/769 792/792/756
f 796/796/760 817/817/780 815/815/778
f 796/796/760 815/815/778 793/793/757
f 797/797/761 818/818/781 802/802/766
f 797/797/761 802/802/766 795/795/759
f 788/788/752 787/787/751 817/817/780
f 788/788/752 817/817/780 796/796/760
f 798/798/762 807/807/771 818/818/781
f 798/798/762 818/818/781 797/797/761
f 819/819/782 820/820/783 821/821/784
f 819/819/782 821/821/784 822/822/785
f 817/817/780 823/823/786 824/824/787
f 817/817/780 824/824/787 815/815/778
f 818/818/781 825/825/788 803/803/767
f 818/818/781 803/803/767 802/802/766
f 787/787/751 826/826/789 823/823/786
f 787/787/751 823/823/786 817/817/780
f 807/807/771 827/827/790 825/825/788
f 807/807/771 825/825/788 818/818/781
f 786/786/750 828/828/791 826/826/789
f 786/786/750 826/826/789 787/787/751
f 806/806/770 829/829/792 827/827/790
f 806/806/770 827/827/790 807/807/771
f 808/808/772 830/830/793 831/831/791
f 808/808/772 831/831/791 809/809/750
f 810/810/773 822/822/785 829/829/792
f 810/810/773 829/829/792 806/806/770
f 811/811/774 832/832/794 830/830/793
f 811/811/774 830/830/793 808/808/772
f 812/812/775 819/819/782 822/822/785
f 812/812/775 822/822/785 810/810/773
f 813/813/776 833/833/795 832/832/794
f 813/813/776 832/832/794 811/811/774
f 814/814/777 834/834/796 819/819/782
f 814/814/777 819/819/782 812/812/775
f 805/805/769 804/804/768 833/833/795
f 805/805/769 833/833/795 813/813/776
f 815/815/778 824/824/787 835/835/797
f 815/815/778 835/835/797 816/816/779
f 816/816/779 835/835/797 834/834/796
f 816/816/779 834/834/796 814/814/777
f 836/836/798 837/837/799 838/838/800
f 836/836/798 838/838/800 839/839/801
f 833/833/795 840/840/802 841/841/803
f 833/833/795 841/841/803 832/832/794
f 834/834/796 842/842/804 820/820/783
f 834/834/796 820/820/783 819/819/782
f 804/804/768 843/843/805 840/840/802
f 804/804/768 840/840/802 833/833/795
f 824/824/787 844/844/806 845/845/807
f 824/824/787 845/845/807 835/835/797
f 835/835/797 845/845/807 842/842/804
f 835/835/797 842/842/804 834/834/796
f 803/803/767 846/846/808 843/843/805
f 803/803/767 843/843/805 804/804/768
f 823/823/786 847/847/809 844/844/806
f 823/823/786 844/844/806 824/824/787
f 825/825/788 848/848/810 846/846/808
f 825/825/788 846/846/808 803/803/767
f 826/826/789 849/849/811 847/847/809
f 826/826/789 847/847/809 823/823/786
f 827/827/790 839/839/801 848/848/810
f 827/827/790 848/848/810 825/825/788
f 828/828/791 850/850/812 849/849/811
f 828/828/791 849/849/811 826/826/789
f 829/829/792 836/836/798 839/839/801
f 829/829/792 839/839/801 827/827/790
f 830/830/793 851/851/813 852/852/814
f 830/830/793 852/852/814 831/831/791
f 822/822/785 821/821/784 836/836/798
f 822/822/785 836/836/798 829/829/792
f 832/832/794 841/841/803 851/851/813
f 832/832/794 851/851/813 830/830/793
f 853/853/815 854/854/816 855/855/817
f 853/853/815 855/855/817 856/856/818
f 851/851/813 857/857/819 858/858/820
f 851/851/813 858/858/820 852/852/814
f 821/821/784 859/859/821 837/837/799
f 821/821/784 837/837/799 836/836/798
f 841/841/803 860/860/822 857/857/819
f 841/841/803 857/857/819 851/851/813
f 820/820/783 861/861/823 859/859/821
f 820/820/783 859/859/821 821/821/784
f 840/840/802 862/862/824 860/860/822
f 840/840/802 860/860/822 841/841/803
f 842/842/804 863/863/825 861/861/823
f 842/842/804 861/861/823 820/820/783
f 843/843/805 864/864/826 862/862/824
f 843/843/805 862/862/824 840/840/802
f 844/844/806 856/856/818 865/865/827
f 844/844/806 865/865/827 845/845/807
f 845/845/807 865/865/827 863/863/825
f 845/845/807 863/863/825 842/842/804
f 846/846/808 866/866/828 864/864/826
f 846/846/808 864/864/826 843/843/805
f 847/847/809 853/853/815 856/856/818
f 847/847/809 856/856/818 844/844/806
f 848/848/810 867/867/829 866/866/828
f 848/848/810 866/866/828 846/846/808
f 849/849/811 868/868/830 853/853/815
f 849/849/811 853/853/815 847/847/809
f 839/839/801 838/838/800 867/867/829
f 839/839/801 867/867/829 848/848/810
f 850/850/812 869/869/820 868/868/830
f 850/850/812 868/868/830 849/849/811
f 870/870/831 871/871/832 872/872/833
f 870/870/831 872/872/833 873/873/834
f 867/867/829 874/874/835 875/875/836
f 867/867/829 875/875/836 866/866/828
f 868/868/830 876/876/837 854/854/816
f 868/868/830 854/854/816 853/853/815
f 838/838/800 877/877/838 874/874/835
f 838/838/800 874/874/835 867/867/829
f 869/869/820 878/878/839 876/876/837
f 869/869/820 876/876/837 868/868/830
f 837/837/799 879/879/840 877/877/838
f 837/837/799 877/877/838 838/838/800
f 857/857/819 880/880/841 881/881/842
f 857/857/819 881/881/842 858/858/820
f 859/859/821 882/882/843 879/879/840
f 859/859/821 879/879/840 837/837/799
f 860/860/822 873/873/834 880/880/841
f 860/860/822 880/880/841 857/857/819
f 861/861/823 883/883/844 882/882/843
f 861/861/823 882/882/843 859/859/821
f 862/862/824 870/870/831 873/873/834
f 862/862/824 873/873/834 860/860/822
f 863/863/825 884/884/845 883/883/844
f 863/863/825 883/883/844 861/861/823
f 864/864/826 885/885/846 870/870/831
f 864/864/826 870/870/831 862/862/824
f 856/856/818 855/855/817 886/886/847
f 856/856/818 886/886/847 865/865/827
f 865/865/827 886/886/847 884/884/845
f 865/865/827 884/884/845 863/863/825
f 866/866/828 875/875/836 885/885/846
f 866/866/828 885/885/846 864/864/826
f 887/887/848 888/888/171 889/889/849
f 887/887/848 889/889/849 890/890/850
f 884/884/845 891/891/851 892/892/852
f 884/884/845 892/892/852 883/883/844
f 885/885/846 893/893/853 871/871/832
f 885/885/846 871/871/832 870/870/831
f 855/855/817 894/894/854 895/895/855
f 855/855/817 895/895/855 886/886/847
f 886/886/847 895/895/855 891/891/851
f 886/886/847 891/891/851 884/884/845
f 875/875/836 896/896/856 893/893/853
f 875/875/836 893/893/853 885/885/846
f 854/854/816 897/897/857 894/894/854
f 854/854/816 894/894/854 855/855/817
f 874/874/835 898/898/858 896/896/856
f 874/874/835 896/896/856 875/875/836
f 876/876/837 899/899/859 897/897/857
f 876/876/837 897/897/857 854/854/816
f 877/877/838 890/890/850 898/898/858
f 877/877/838 898/898/858 874/874/835
f 878/878/839 900/900/860 899/899/859
f 878/878/839 899/899/859 876/876/837
f 879/879/840 887/887/848 890/890/850
f 879/879/840 890/890/850 877/877/838
f 880/880/841 901/901/861 902/902/862
f 880/880/841 902/902/862 881/881/842
f 882/882/843 903/903/863 887/887/848
f 882/882/843 887/887/848 879/879/840
f 873/873/834 872/872/833 901/901/861
f 873/873/834 901/901/861 880/880/841
f 883/883/844 892/892/852 903/903/863
f 883/883/844 903/903/863 882/882/843
f 901/901/861 904/904/864 905/905/185
f 901/901/861 905/905/185 902/902/862
f 903/903/863 906/906/865 888/888/171
f 903/903/863 888/888/171 887/887/848
f 872/872/833 907/907/196 904/904/864
f 872/872/833 904/904/864 901/901/861
f 892/892/852 908/908/866 906/906/865
f 892/892/852 906/906/865 903/903/863
f 871/871/832 909/909/194 907/907/196
f 871/871/832 907/907/196 872/872/833
f 891/891/851 910/910/195 908/908/866
f 891/891/851 908/908/866 892/892/852
f 893/893/853 911/911/193 909/909/194
f 893/893/853 909/909/194 871/871/832
f 894/894/854 912/912/190 913/913/192
f 894/894/854 913/913/192 895/895/855
f 895/895/855 913/913/192 910/910/195
f 895/895/855 910/910/195 891/891/851
f 896/896/856 914/914/191 911/911/193
f 896/896/856 911/911/193 893/893/853
f 897/897/857 915/915/188 912/912/190
f 897/897/857 912/912/190 894/894/854
f 898/898/858 916/916/867 914/914/191
f 898/898/858 914/914/191 896/896/856
f 899/899/859 917/917/868 915/915/188
f 899/899/859 915/915/188 897/897/857
f 890/890/850 889/889/849 916/916/867
f 890/890/850 916/916/867 898/898/858
f 900/900/860 918/918/185 917/917/868
f 900/900/860 917/917/868 899/899/859
f 916/916/867 919/919/202 920/920/201
f 916/916/867 920/920/201 914/914/191
f 921/921/199 922/922/226 923/923/869
f 921/921/199 923/923/869 924/924/200
f 917/917/868 925/925/211 926/926/213
f 917/917/868 926/926/213 915/915/188
f 889/889/849 927/927/212 919/919/202
f 889/889/849 919/919/202 916/916/867
f 918/918/185 928/928/870 925/925/211
f 918/918/185 925/925/211 917/917/868
f 888/888/171 929/929/209 927/927/212
f 888/888/171 927/927/212 889/889/849
f 904/904/864 930/930/206 931/931/210
f 904/904/864 931/931/210 905/905/185
f 906/906/865 932/932/207 929/929/209
f 906/906/865 929/929/209 888/888/171
f 907/907/196 933/933/205 930/930/206
f 907/907/196 930/930/206 904/904/864
f 908/908/866 924/924/200 932/932/207
f 908/908/866 932/932/207 906/906/865
f 909/909/194 934/934/217 933/933/205
f 909/909/194 933/933/205 907/907/196
f 910/910/195 921/921/199 924/924/200
f 910/910/195 924/924/200 908/908/866
f 911/911/193 935/935/216 934/934/217
f 911/911/193 934/934/217 909/909/194
f 912/912/190 936/936/214 937/937/215
f 912/912/190 937/937/215 913/913/192
f 913/913/192 937/937/215 921/921/199
f 913/913/192 921/921/199 910/910/195
f 914/914/191 920/920/201 935/935/216
f 914/914/191 935/935/216 911/911/193
f 915/915/188 926/926/213 936/936/214
f 915/915/188 936/936/214 912/912/190
f 938/938/230 939/939/871 940/940/220
f 938/938/230 940/940/220 941/941/219
f 935/935/216 942/942/224 943/943/225
f 935/935/216 943/943/225 934/934/217
f 936/936/214 944/944/222 945/945/223
f 936/936/214 945/945/223 937/937/215
f 937/937/215 945/945/223 922/922/226
f 937/937/215 922/922/226 921/921/199
f 920/920/201 946/946/204 942/942/224
f 920/920/201 942/942/224 935/935/216
f 926/926/213 947/947/233 944/944/222
f 926/926/213 944/944/222 936/936/214
f 919/919/202 948/948/872 946/946/204
f 919/919/202 946/946/204 920/920/201
f 925/925/211 949/949/232 947/947/233
f 925/925/211 947/947/233 926/926/213
f 927/927/212 950/950/218 948/948/872
f 927/927/212 948/948/872 919/919/202
f 928/928/870 951/951/231 949/949/232
f 928/928/870 949/949/232 925/925/211
f 929/929/209 941/941/219 950/950/218
f 929/929/209 950/950/218 927/927/212
f 930/930/206 952/952/229 953/953/231
f 930/930/206 953/953/231 931/931/210
f 932/932/207 938/938/230 941/941/219
f 932/932/207 941/941/219 929/929/209
f 933/933/205 954/954/227 952/952/229
f 933/933/205 952/952/229 930/930/206
f 924/924/200 923/923/869 938/938/230
f 924/924/200 938/938/230 932/932/207
f 934/934/217 943/943/225 954/954/227
f 934/934/217 954/954/227 933/933/205
f 955/955/873 956/956/258 957/957/260
f 955/955/873 957/957/260 958/958/239
f 954/954/227 959/959/235 960/960/874
f 954/954/227 960/960/874 952/952/229
f 923/923/869 961/961/875 939/939/871
f 923/923/869 939/939/871 938/938/230
f 943/943/225 962/962/876 959/959/235
f 943/943/225 959/959/235 954/954/227
f 922/922/226 963/963/877 961/961/875
f 922/922/226 961/961/875 923/923/869
f 942/942/224 964/964/878 962/962/876
f 942/942/224 962/962/876 943/943/225
f 944/944/222 965/965/241 966/966/879
f 944/944/222 966/966/879 945/945/223
f 945/945/223 966/966/879 963/963/877
f 945/945/223 963/963/877 922/922/226
f 946/946/204 967/967/880 964/964/878
f 946/946/204 964/964/878 942/942/224
f 947/947/233 958/958/239 965/965/241
f 947/947/233 965/965/241 944/944/222
f 948/948/872 968/968/240 967/967/880
f 948/948/872 967/967/880 946/946/204
f 949/949/232 955/955/873 958/958/239
f 949/949/232 958/958/239 947/947/233
f 950/950/218 969/969/881 968/968/240
f 950/950/218 968/968/240 948/948/872
f 951/951/231 970/970/249 955/955/873
f 951/951/231 955/955/873 949/949/232
f 941/941/219 940/940/220 969/969/881
f 941/941/219 969/969/881 950/950/218
f 952/952/229 960/960/874 971/971/249
f 952/952/229 971/971/249 953/953/231
f 972/972/263 973/973/270 974/974/271
f 972/972/263 974/974/271 975/975/882
f 969/969/881 976/976/259 977/977/261
f 969/969/881 977/977/261 968/968/240
f 970/970/249 978/978/256 956/956/258
f 970/970/249 956/956/258 955/955/873
f 940/940/220 979/979/883 976/976/259
f 940/940/220 976/976/259 969/969/881
f 960/960/874 980/980/884 981/981/256
f 960/960/874 981/981/256 971/971/249
f 939/939/871 982/982/885 979/979/883
f 939/939/871 979/979/883 940/940/220
f 959/959/235 983/983/886 980/980/884
f 959/959/235 980/980/884 960/960/874
f 961/961/875 984/984/254 982/982/885
f 961/961/875 982/982/885 939/939/871
f 962/962/876 975/975/882 983/983/886
f 962/962/876 983/983/886 959/959/235
f 963/963/877 985/985/887 984/984/254
f 963/963/877 984/984/254 961/961/875
f 964/964/878 972/972/263 975/975/882
f 964/964/878 975/975/882 962/962/876
f 965/965/241 986/986/888 987/987/250
f 965/965/241 987/987/250 966/966/879
f 966/966/879 987/987/250 985/985/887
f 966/966/879 985/985/887 963/963/877
f 967/967/880 988/988/262 972/972/263
f 967/967/880 972/972/263 964/964/878
f 958/958/239 957/957/260 986/986/888
f 958/958/239 986/986/888 965/965/241
f 968/968/240 977/977/261 988/988/262
f 968/968/240 988/988/262 967/967/880
f 989/989/277 990/990/297 991/991/268
f 989/989/277 991/991/268 992/992/267
f 986/986/888 993/993/252 994/994/253
f 986/986/888 994/994/253 987/987/250
f 987/987/250 994/994/253 995/995/889
f 987/987/250 995/995/889 985/985/887
f 988/988/262 996/996/890 973/973/270
f 988/988/262 973/973/270 972/972/263
f 957/957/260 997/997/281 993/993/252
f 957/957/260 993/993/252 986/986/888
f 977/977/261 998/998/282 996/996/890
f 977/977/261 996/996/890 988/988/262
f 956/956/258 999/999/280 997/997/281
f 956/956/258 997/997/281 957/957/260
f 976/976/259 1000/1000/266 998/998/282
f 976/976/259 998/998/282 977/977/261
f 978/978/256 1001/1001/278 999/999/280
f 978/978/256 999/999/280 956/956/258
f 979/979/883 992/992/267 1000/1000/266
f 979/979/883 1000/1000/266 976/976/259
f 980/980/884 1002/1002/276 1003/1003/891
f 980/980/884 1003/1003/891 981/981/256
f 982/982/885 989/989/277 992/992/267
f 982/982/885 992/992/267 979/979/883
f 983/983/886 1004/1004/274 1002/1002/276
f 983/983/886 1002/1002/276 980/980/884
f 984/984/254 1005/1005/275 989/989/277
f 984/984/254 989/989/277 982/982/885
f 975/975/882 974/974/271 1004/1004/274
f 975/975/882 1004/1004/274 983/983/886
f 985/985/887 995/995/889 1005/1005/275
f 985/985/887 1005/1005/275 984/984/254
f 1006/1006/287 1007/1007/892 1008/1008/310
f 1006/1006/287 1008/1008/310 1009/1009/288
f 1004/1004/274 1010/1010/284 1011/1011/283
f 1004/1004/274 1011/1011/283 1002/1002/276
f 1005/1005/275 1012/1012/893 990/990/297
f 1005/1005/275 990/990/297 989/989/277
f 974/974/271 1013/1013/294 1010/1010/284
f 974/974/271 1010/1010/284 1004/1004/274
f 995/995/889 1014/1014/295 1012/1012/893
f 995/995/889 1012/1012/893 1005/1005/275
f 973/973/270 1015/1015/293 1013/1013/294
f 973/973/270 1013/1013/294 974/974/271
f 993/993/252 1016/1016/290 1017/1017/292
f 993/993/252 1017/1017/292 994/994/253
f 994/994/253 1017/1017/292 1014/1014/295
f 994/994/253 1014/1014/295 995/995/889
f 996/996/890 1018/1018/291 1015/1015/293
f 996/996/890 1015/1015/293 973/973/270
f 997/997/281 1009/1009/288 1016/1016/290
f 997/997/281 1016/1016/290 993/993/252
f 998/998/282 1019/1019/894 1018/1018/291
f 998/998/282 1018/1018/291 996/996/890
f 999/999/280 1006/1006/287 1009/1009/288
f 999/999/280 1009/1009/288 997/997/281
f 1000/1000/266 1020/1020/269 1019/1019/894
f 1000/1000/266 1019/1019/894 998/998/282
f 1001/1001/278 1021/1021/298 1006/1006/287
f 1001/1001/278 1006/1006/287 999/999/280
f 992/992/267 991/991/268 1020/1020/269
f 992/992/267 1020/1020/269 1000/1000/266
f 1002/1002/276 1011/1011/283 1022/1022/298
f 1002/1002/276 1022/1022/298 1003/1003/891
f 1023/1023/313 1024/1024/320 1025/1025/321
f 1023/1023/313 1025/1025/321 1026/1026/314
f 1020/1020/269 1027/1027/309 1028/1028/311
f 1020/1020/269 1028/1028/311 1019/1019/894
f 1021/1021/298 1029/1029/895 1007/1007/892
f 1021/1021/298 1007/1007/892 1006/1006/287
f 991/991/268 1030/1030/306 1027/1027/309
f 991/991/268 1027/1027/309 1020/1020/269
f 1011/1011/283 1031/1031/896 1032/1032/307
f 1011/1011/283 1032/1032/307 1022/1022/298
f 990/990/297 1033/1033/304 1030/1030/306
f 990/990/297 1030/1030/306 991/991/268
f 1010/1010/284 1034/1034/285 1031/1031/896
f 1010/1010/284 1031/1031/896 1011/1011/283
f 1012/1012/893 1035/1035/303 1033/1033/304
f 1012/1012/893 1033/1033/304 990/990/297
f 1013/1013/294 1026/1026/314 1034/1034/285
f 1013/1013/294 1034/1034/285 1010/1010/284
f 1014/1014/295 1036/1036/315 1035/1035/303
f 1014/1014/295 1035/1035/303 1012/1012/893
f 1015/1015/293 1023/1023/313 1026/1026/314
f 1015/1015/293 1026/1026/314 1013/1013/294
f 1016/1016/290 1037/1037/300 1038/1038/299
f 1016/1016/290 1038/1038/299 1017/1017/292
f 1017/1017/292 1038/1038/299 1036/1036/315
f 1017/1017/292 1036/1036/315 1014/1014/295
f 1018/1018/291 1039/1039/312 1023/1023/313
f 1018/1018/291 1023/1023/313 1015/1015/293
f 1009/1009/288 1008/1008/310 1037/1037/300
f 1009/1009/288 1037/1037/300 1016/1016/290
f 1019/1019/894 1028/1028/311 1039/1039/312
f 1019/1019/894 1039/1039/312 1018/1018/291
f 1040/1040/327 1041/1041/897 1042/1042/318
f 1040/1040/327 1042/1042/318 1043/1043/317
f 1037/1037/300 1044/1044/301 1045/1045/302
f 1037/1037/300 1045/1045/302 1038/1038/299
f 1038/1038/299 1045/1045/302 1046/1046/323
f 1038/1038/299 1046/1046/323 1036/1036/315
f 1039/1039/312 1047/1047/322 1024/1024/320
f 1039/1039/312 1024/1024/320 1023/1023/313
f 1008/1008/310 1048/1048/331 1044/1044/301
f 1008/1008/310 1044/1044/301 1037/1037/300
f 1028/1028/311 1049/1049/332 1047/1047/322
f 1028/1028/311 1047/1047/322 1039/1039/312
f 1007/1007/892 1050/1050/330 1048/1048/331
f 1007/1007/892 1048/1048/331 1008/1008/310
f 1027/1027/309 1051/1051/316 1049/1049/332
f 1027/1027/309 1049/1049/332 1028/1028/311
f 1029/1029/895 1052/1052/898 1050/1050/330
f 1029/1029/895 1050/1050/330 1007/1007/892
f 1030/1030/306 1043/1043/317 1051/1051/316
f 1030/1030/306 1051/1051/316 1027/1027/309
f 1031/1031/896 1053/1053/326 1054/1054/899
f 1031/1031/896 1054/1054/899 1032/1032/307
f 1033/1033/304 1040/1040/327 1043/1043/317
f 1033/1033/304 1043/1043/317 1030/1030/306
f 1034/1034/285 1055/1055/324 1053/1053/326
f 1034/1034/285 1053/1053/326 1031/1031/896
f 1035/1035/303 1056/1056/325 1040/1040/327
f 1035/1035/303 1040/1040/327 1033/1033/304
f 1026/1026/314 1025/1025/321 1055/1055/324
f 1026/1026/314 1055/1055/324 1034/1034/285
f 1036/1036/315 1046/1046/323 1056/1056/325
f 1036/1036/315 1056/1056/325 1035/1035/303
f 1057/1057/900 1058/1058/901 1059/1059/902
f 1057/1057/900 1059/1059/902 1060/1060/903
f 1055/1055/324 1061/1061/346 1062/1062/347
f 1055/1055/324 1062/1062/347 1053/1053/326
f 1056/1056/325 1063/1063/904 1041/1041/897
f 1056/1056/325 1041/1041/897 1040/1040/327
f 1025/1025/321 1064/1064/344 1061/1061/346
f 1025/1025/321 1061/1061/346 1055/1055/324
f 1046/1046/323 1065/1065/345 1063/1063/904
f 1046/1046/323 1063/1063/904 1056/1056/325
f 1024/1024/320 1066/1066/343 1064/1064/344
f 1024/1024/320 1064/1064/344 1025/1025/321
f 1044/1044/301 1067/1067/340 1068/1068/342
f 1044/1044/301 1068/1068/342 1045/1045/302
f 1045/1045/302 1068/1068/342 1065/1065/345
f 1045/1045/302 1065/1065/345 1046/1046/323
f 1047/1047/322 1069/1069/341 1066/1066/343
f 1047/1047/322 1066/1066/343 1024/1024/320
f 1048/1048/331 1070/1070/338 1067/1067/340
f 1048/1048/331 1067/1067/340 1044/1044/301
f 1049/1049/332 1060/1060/903 1069/1069/341
f 1049/1049/332 1069/1069/341 1047/1047/322
f 1050/1050/330 1071/1071/337 1070/1070/338
f 1050/1050/330 1070/1070/338 1048/1048/331
f 1051/1051/316 1057/1057/900 1060/1060/903
f 1051/1051/316 1060/1060/903 1049/1049/332
f 1052/1052/898 1072/1072/349 1071/1071/337
f 1052/1052/898 1071/1071/337 1050/1050/330
f 1043/1043/317 1042/1042/318 1057/1057/900
f 1043/1043/317 1057/1057/900 1051/1051/316
f 1053/1053/326 1062/1062/347 1073/1073/349
f 1053/1053/326 1073/1073/349 1054/1054/899
f 1058/1058/901 1074/1074/376 1075/1075/905
f 1058/1058/901 1075/1075/905 1059/1059/902
f 1072/1072/349 1076/1076/353 1077/1077/906
f 1072/1072/349 1077/1077/906 1071/1071/337
f 1042/1042/318 1078/1078/354 1058/1058/901
f 1042/1042/318 1058/1058/901 1057/1057/900
f 1062/1062/347 1079/1079/907 1080/1080/908
f 1062/1062/347 1080/1080/908 1073/1073/349
f 1041/1041/897 1081/1081/909 1078/1078/354
f 1041/1041/897 1078/1078/354 1042/1042/318
f 1061/1061/346 1082/1082/910 1079/1079/907
f 1061/1061/346 1079/1079/907 1062/1062/347
f 1063/1063/904 1083/1083/911 1081/1081/909
f 1063/1063/904 1081/1081/909 1041/1041/897
f 1064/1064/344 1084/1084/364 1082/1082/910
f 1064/1064/344 1082/1082/910 1061/1061/346
f 1065/1065/345 1085/1085/365 1083/1083/911
f 1065/1065/345 1083/1083/911 1063/1063/904
f 1066/1066/343 1086/1086/912 1084/1084/364
f 1066/1066/343 1084/1084/364 1064/1064/344
f 1067/1067/340 1087/1087/360 1088/1088/913
f 1067/1067/340 1088/1088/913 1068/1068/342
f 1068/1068/342 1088/1088/913 1085/1085/365
f 1068/1068/342 1085/1085/365 1065/1065/345
f 1069/1069/341 1089/1089/361 1086/1086/912
f 1069/1069/341 1086/1086/912 1066/1066/343
f 1070/1070/338 1090/1090/914 1087/1087/360
f 1070/1070/338 1087/1087/360 1067/1067/340
f 1060/1060/903 1059/1059/902 1089/1089/361
f 1060/1060/903 1089/1089/361 1069/1069/341
f 1071/1071/337 1077/1077/906 1090/1090/914
f 1071/1071/337 1090/1090/914 1070/1070/338
f 1091/1091/915 1092/1092/400 1093/1093/389
f 1091/1091/915 1093/1093/389 1094/1094/381
f 1076/1076/353 1095/1095/372 1096/1096/375
f 1076/1076/353 1096/1096/375 1077/1077/906
f 1078/1078/354 1097/1097/373 1074/1074/376
f 1078/1078/354 1074/1074/376 1058/1058/901
f 1079/1079/907 1098/1098/371 1099/1099/916
f 1079/1079/907 1099/1099/916 1080/1080/908
f 1081/1081/909 1100/1100/351 1097/1097/373
f 1081/1081/909 1097/1097/373 1078/1078/354
f 1082/1082/910 1101/1101/383 1098/1098/371
f 1082/1082/910 1098/1098/371 1079/1079/907
f 1083/1083/911 1102/1102/917 1100/1100/351
f 1083/1083/911 1100/1100/351 1081/1081/909
f 1084/1084/364 1103/1103/918 1101/1101/383
f 1084/1084/364 1101/1101/383 1082/1082/910
f 1085/1085/365 1104/1104/919 1102/1102/917
f 1085/1085/365 1102/1102/917 1083/1083/911
f 1086/1086/912 1105/1105/368 1103/1103/918
f 1086/1086/912 1103/1103/918 1084/1084/364
f 1087/1087/360 1091/1091/915 1094/1094/381
f 1087/1087/360 1094/1094/381 1088/1088/913
f 1088/1088/913 1094/1094/381 1104/1104/919
f 1088/1088/913 1104/1104/919 1085/1085/365
f 1089/1089/361 1106/1106/920 1105/1105/368
f 1089/1089/361 1105/1105/368 1086/1086/912
f 1090/1090/914 1107/1107/377 1091/1091/915
f 1090/1090/914 1091/1091/915 1087/1087/360
f 1059/1059/902 1075/1075/905 1106/1106/920
f 1059/1059/902 1106/1106/920 1089/1089/361
f 1077/1077/906 1096/1096/375 1107/1107/377
f 1077/1077/906 1107/1107/377 1090/1090/914
f 1108/1108/391 1109/1109/413 1110/1110/414
f 1108/1108/391 1110/1110/414 1111/1111/393
f 1094/1094/381 1093/1093/389 1112/1112/390
f 1094/1094/381 1112/1112/390 1104/1104/919
f 1106/1106/920 1113/1113/388 1114/1114/369
f 1106/1106/920 1114/1114/369 1105/1105/368
f 1107/1107/377 1115/1115/384 1092/1092/400
f 1107/1107/377 1092/1092/400 1091/1091/915
f 1075/1075/905 1116/1116/399 1113/1113/388
f 1075/1075/905 1113/1113/388 1106/1106/920
f 1096/1096/375 1117/1117/385 1115/1115/384
f 1096/1096/375 1115/1115/384 1107/1107/377
f 1074/1074/376 1118/1118/398 1116/1116/399
f 1074/1074/376 1116/1116/399 1075/1075/905
f 1095/1095/372 1119/1119/921 1117/1117/385
f 1095/1095/372 1117/1117/385 1096/1096/375
f 1097/1097/373 1120/1120/396 1118/1118/398
f 1097/1097/373 1118/1118/398 1074/1074/376
f 1098/1098/371 1111/1111/393 1121/1121/922
f 1098/1098/371 1121/1121/922 1099/1099/916
f 1100/1100/351 1122/1122/394 1120/1120/396
f 1100/1100/351 1120/1120/396 1097/1097/373
f 1101/1101/383 1108/1108/391 1111/1111/393
f 1101/1101/383 1111/1111/393 1098/1098/371
f 1102/1102/917 1123/1123/392 1122/1122/394
f 1102/1102/917 1122/1122/394 1100/1100/351
f 1103/1103/918 1124/1124/370 1108/1108/391
f 1103/1103/918 1108/1108/391 1101/1101/383
f 1104/1104/919 1112/1112/390 1123/1123/392
f 1104/1104/919 1123/1123/392 1102/1102/917
f 1105/1105/368 1114/1114/369 1124/1124/370
f 1105/1105/368 1124/1124/370 1103/1103/918
f 1125/1125/405 1126/1126/923 1127/1127/428
f 1125/1125/405 1127/1127/428 1128/1128/406
f 1123/1123/392 1129/1129/402 1130/1130/401
f 1123/1123/392 1130/1130/401 1122/1122/394
f 1124/1124/370 1131/1131/924 1109/1109/413
f 1124/1124/370 1109/1109/413 1108/1108/391
f 1112/1112/390 1132/1132/925 1129/1129/402
f 1112/1112/390 1129/1129/402 1123/1123/392
f 1114/1114/369 1133/1133/926 1131/1131/924
f 1114/1114/369 1131/1131/924 1124/1124/370
f 1092/1092/400 1134/1134/927 1135/1135/928
f 1092/1092/400 1135/1135/928 1093/1093/389
f 1093/1093/389 1135/1135/928 1132/1132/925
f 1093/1093/389 1132/1132/925 1112/1112/390
f 1113/1113/388 1136/1136/929 1133/1133/926
f 1113/1113/388 1133/1133/926 1114/1114/369
f 1115/1115/384 1137/1137/387 1134/1134/927
f 1115/1115/384 1134/1134/927 1092/1092/400
f 1116/1116/399 1128/1128/406 1136/1136/929
f 1116/1116/399 1136/1136/929 1113/1113/388
f 1117/1117/385 1138/1138/386 1137/1137/387
f 1117/1117/385 1137/1137/387 1115/1115/384
f 1118/1118/398 1125/1125/405 1128/1128/406
f 1118/1118/398 1128/1128/406 1116/1116/399
f 1119/1119/921 1139/1139/415 1138/1138/386
f 1119/1119/921 1138/1138/386 1117/1117/385
f 1120/1120/396 1140/1140/416 1125/1125/405
f 1120/1120/396 1125/1125/405 1118/1118/398
f 1111/1111/393 1110/1110/414 1141/1141/930
f 1111/1111/393 1141/1141/930 1121/1121/922
f 1122/1122/394 1130/1130/401 1140/1140/416
f 1122/1122/394 1140/1140/416 1120/1120/396
f 1142/1142/430 1143/1143/438 1144/1144/931
f 1142/1142/430 1144/1144/931 1145/1145/932
f 1139/1139/415 1146/1146/423 1147/1147/933
f 1139/1139/415 1147/1147/933 1138/1138/386
f 1140/1140/416 1148/1148/424 1126/1126/923
f 1140/1140/416 1126/1126/923 1125/1125/405
f 1110/1110/414 1149/1149/934 1150/1150/423
f 1110/1110/414 1150/1150/423 1141/1141/930
f 1130/1130/401 1151/1151/935 1148/1148/424
f 1130/1130/401 1148/1148/424 1140/1140/416
f 1109/1109/413 1152/1152/433 1149/1149/934
f 1109/1109/413 1149/1149/934 1110/1110/414
f 1129/1129/402 1153/1153/403 1151/1151/935
f 1129/1129/402 1151/1151/935 1130/1130/401
f 1131/1131/924 1154/1154/431 1152/1152/433
f 1131/1131/924 1152/1152/433 1109/1109/413
f 1132/1132/925 1145/1145/932 1153/1153/403
f 1132/1132/925 1153/1153/403 1129/1129/402
f 1133/1133/926 1155/1155/418 1154/1154/431
f 1133/1133/926 1154/1154/431 1131/1131/924
f 1134/1134/927 1156/1156/429 1142/1142/430
f 1134/1134/927 1142/1142/430 1135/1135/928
f 1135/1135/928 1142/1142/430 1145/1145/932
f 1135/1135/928 1145/1145/932 1132/1132/925
f 1136/1136/929 1157/1157/936 1155/1155/418
f 1136/1136/929 1155/1155/418 1133/1133/926
f 1137/1137/387 1158/1158/427 1156/1156/429
f 1137/1137/387 1156/1156/429 1134/1134/927
f 1128/1128/406 1127/1127/428 1157/1157/936
f 1128/1128/406 1157/1157/936 1136/1136/929
f 1138/1138/386 1147/1147/933 1158/1158/427
f 1138/1138/386 1158/1158/427 1137/1137/387
f 1159/1159/442 1160/1160/937 1161/1161/464
f 1159/1159/442 1161/1161/464 1162/1162/444
f 1157/1157/936 1163/1163/938 1164/1164/421
f 1157/1157/936 1164/1164/421 1155/1155/418
f 1158/1158/427 1165/1165/449 1166/1166/450
f 1158/1158/427 1166/1166/450 1156/1156/429
f 1127/1127/428 1167/1167/434 1163/1163/938
f 1127/1127/428 1163/1163/938 1157/1157/936
f 1147/1147/933 1168/1168/448 1165/1165/449
f 1147/1147/933 1165/1165/449 1158/1158/427
f 1126/1126/923 1169/1169/435 1167/1167/434
f 1126/1126/923 1167/1167/434 1127/1127/428
f 1146/1146/423 1170/1170/447 1168/1168/448
f 1146/1146/423 1168/1168/448 1147/1147/933
f 1148/1148/424 1171/1171/446 1169/1169/435
f 1148/1148/424 1169/1169/435 1126/1126/923
f 1149/1149/934 1172/1172/443 1173/1173/445
f 1149/1149/934 1173/1173/445 1150/1150/423
f 1151/1151/935 1162/1162/444 1171/1171/446
f 1151/1151/935 1171/1171/446 1148/1148/424
f 1152/1152/433 1174/1174/441 1172/1172/443
f 1152/1152/433 1172/1172/443 1149/1149/934
f 1153/1153/403 1159/1159/442 1162/1162/444
f 1153/1153/403 1162/1162/444 1151/1151/935
f 1154/1154/431 1175/1175/440 1174/1174/441
f 1154/1154/431 1174/1174/441 1152/1152/433
f 1145/1145/932 1144/1144/931 1159/1159/442
f 1145/1145/932 1159/1159/442 1153/1153/403
f 1155/1155/418 1164/1164/421 1175/1175/440
f 1155/1155/418 1175/1175/440 1154/1154/431
f 1156/1156/429 1166/1166/450 1143/1143/438
f 1156/1156/429 1143/1143/438 1142/1142/430
f 1176/1176/451 1177/1177/939 1178/1178/475
f 1176/1176/451 1178/1178/475 1179/1179/467
f 1175/1175/440 1180/1180/460 1181/1181/462
f 1175/1175/440 1181/1181/462 1174/1174/441
f 1144/1144/931 1182/1182/940 1160/1160/937
f 1144/1144/931 1160/1160/937 1159/1159/442
f 1164/1164/421 1183/1183/941 1180/1180/460
f 1164/1164/421 1180/1180/460 1175/1175/440
f 1166/1166/450 1184/1184/456 1185/1185/942
f 1166/1166/450 1185/1185/942 1143/1143/438
f 1143/1143/438 1185/1185/942 1182/1182/940
f 1143/1143/438 1182/1182/940 1144/1144/931
f 1163/1163/938 1186/1186/943 1183/1183/941
f 1163/1163/938 1183/1183/941 1164/1164/421
f 1165/1165/449 1187/1187/455 1184/1184/456
f 1165/1165/449 1184/1184/456 1166/1166/450
f 1167/1167/434 1188/1188/944 1186/1186/943
f 1167/1167/434 1186/1186/943 1163/1163/938
f 1168/1168/448 1179/1179/467 1187/1187/455
f 1168/1168/448 1187/1187/455 1165/1165/449
f 1169/1169/435 1189/1189/436 1188/1188/944
f 1169/1169/435 1188/1188/944 1167/1167/434
f 1170/1170/447 1176/1176/451 1179/1179/467
f 1170/1170/447 1179/1179/467 1168/1168/448
f 1171/1171/446 1190/1190/465 1189/1189/436
f 1171/1171/446 1189/1189/436 1169/1169/435
f 1172/1172/443 1191/1191/452 1192/1192/945
f 1172/1172/443 1192/1192/945 1173/1173/445
f 1162/1162/444 1161/1161/464 1190/1190/465
f 1162/1162/444 1190/1190/465 1171/1171/446
f 1174/1174/441 1181/1181/462 1191/1191/452
f 1174/1174/441 1191/1191/452 1172/1172/443
f 1193/1193/480 1194/1194/946 1195/1195/500
f 1193/1193/480 1195/1195/500 1196/1196/947
f 1190/1190/465 1197/1197/473 1198/1198/948
f 1190/1190/465 1198/1198/948 1189/1189/436
f 1191/1191/452 1199/1199/453 1200/1200/474
f 1191/1191/452 1200/1200/474 1192/1192/945
f 1161/1161/464 1201/1201/949 1197/1197/473
f 1161/1161/464 1197/1197/473 1190/1190/465
f 1181/1181/462 1202/1202/950 1199/1199/453
f 1181/1181/462 1199/1199/453 1191/1191/452
f 1160/1160/937 1203/1203/951 1201/1201/949
f 1160/1160/937 1201/1201/949 1161/1161/464
f 1180/1180/460 1204/1204/482 1202/1202/950
f 1180/1180/460 1202/1202/950 1181/1181/462
f 1182/1182/940 1205/1205/468 1203/1203/951
f 1182/1182/940 1203/1203/951 1160/1160/937
f 1183/1183/941 1196/1196/947 1204/1204/482
f 1183/1183/941 1204/1204/482 1180/1180/460
f 1184/1184/456 1206/1206/479 1207/1207/952
f 1184/1184/456 1207/1207/952 1185/1185/942
f 1185/1185/942 1207/1207/952 1205/1205/468
f 1185/1185/942 1205/1205/468 1182/1182/940
f 1186/1186/943 1193/1193/480 1196/1196/947
f 1186/1186/943 1196/1196/947 1183/1183/941
f 1187/1187/455 1208/1208/953 1206/1206/479
f 1187/1187/455 1206/1206/479 1184/1184/456
f 1188/1188/944 1209/1209/954 1193/1193/480
f 1188/1188/944 1193/1193/480 1186/1186/943
f 1179/1179/467 1178/1178/475 1208/1208/953
f 1179/1179/467 1208/1208/953 1187/1187/455
f 1189/1189/436 1198/1198/948 1209/1209/954
f 1189/1189/436 1209/1209/954 1188/1188/944
f 1210/1210/955 1211/1211/956 1212/1212/514
f 1210/1210/955 1212/1212/514 1213/1213/493
f 1208/1208/953 1214/1214/497 1215/1215/498
f 1208/1208/953 1215/1215/498 1206/1206/479
f 1209/1209/954 1216/1216/957 1194/1194/946
f 1209/1209/954 1194/1194/946 1193/1193/480
f 1178/1178/475 1217/1217/496 1214/1214/497
f 1178/1178/475 1214/1214/497 1208/1208/953
f 1198/1198/948 1218/1218/486 1216/1216/957
f 1198/1198/948 1216/1216/957 1209/1209/954
f 1177/1177/939 1219/1219/494 1217/1217/496
f 1177/1177/939 1217/1217/496 1178/1178/475
f 1197/1197/473 1220/1220/495 1218/1218/486
f 1197/1197/473 1218/1218/486 1198/1198/948
f 1199/1199/453 1221/1221/492 1222/1222/494
f 1199/1199/453 1222/1222/494 1200/1200/474
f 1201/1201/949 1213/1213/493 1220/1220/495
f 1201/1201/949 1220/1220/495 1197/1197/473
f 1202/1202/950 1223/1223/490 1221/1221/492
f 1202/1202/950 1221/1221/492 1199/1199/453
f 1203/1203/951 1210/1210/955 1213/1213/493
f 1203/1203/951 1213/1213/493 1201/1201/949
f 1204/1204/482 1224/1224/489 1223/1223/490
f 1204/1204/482 1223/1223/490 1202/1202/950
f 1205/1205/468 1225/1225/958 1210/1210/955
f 1205/1205/468 1210/1210/955 1203/1203/951
f 1196/1196/947 1195/1195/500 1224/1224/489
f 1196/1196/947 1224/1224/489 1204/1204/482
f 1206/1206/479 1215/1215/498 1226/1226/470
f 1206/1206/479 1226/1226/470 1207/1207/952
f 1207/1207/952 1226/1226/470 1225/1225/958
f 1207/1207/952 1225/1225/958 1205/1205/468
f 1227/1227/501 1228/1228/959 1229/1229/960
f 1227/1227/501 1229/1229/960 1230/1230/516
f 1224/1224/489 1231/1231/961 1232/1232/962
f 1224/1224/489 1232/1232/962 1223/1223/490
f 1225/1225/958 1233/1233/511 1211/1211/956
f 1225/1225/958 1211/1211/956 1210/1210/955
f 1195/1195/500 1234/1234/509 1231/1231/961
f 1195/1195/500 1231/1231/961 1224/1224/489
f 1215/1215/498 1235/1235/963 1236/1236/508
f 1215/1215/498 1236/1236/508 1226/1226/470
f 1226/1226/470 1236/1236/508 1233/1233/511
f 1226/1226/470 1233/1233/511 1225/1225/958
f 1194/1194/946 1237/1237/507 1234/1234/509
f 1194/1194/946 1234/1234/509 1195/1195/500
f 1214/1214/497 1238/1238/964 1235/1235/963
f 1214/1214/497 1235/1235/963 1215/1215/498
f 1216/1216/957 1239/1239/965 1237/1237/507
f 1216/1216/957 1237/1237/507 1194/1194/946
f 1217/1217/496 1230/1230/516 1238/1238/964
f 1217/1217/496 1238/1238/964 1214/1214/497
f 1218/1218/486 1240/1240/487 1239/1239/965
f 1218/1218/486 1239/1239/965 1216/1216/957
f 1219/1219/494 1227/1227/501 1230/1230/516
f 1219/1219/494 1230/1230/516 1217/1217/496
f 1220/1220/495 1241/1241/515 1240/1240/487
f 1220/1220/495 1240/1240/487 1218/1218/486
f 1221/1221/492 1242/1242/502 1243/1243/501
f 1221/1221/492 1243/1243/501 1222/1222/494
f 1213/1213/493 1212/1212/514 1241/1241/515
f 1213/1213/493 1241/1241/515 1220/1220/495
f 1223/1223/490 1232/1232/962 1242/1242/502
f 1223/1223/490 1242/1242/502 1221/1221/492
f 1244/1244/966 1245/1245/967 1246/1246/842
f 1244/1244/966 1246/1246/842 1247/1247/968
f 1241/1241/515 1247/1247/968 1248/1248/969
f 1241/1241/515 1248/1248/969 1240/1240/487
f 1242/1242/502 1249/1249/970 1250/1250/971
f 1242/1242/502 1250/1250/971 1243/1243/501
f 1212/1212/514 1244/1244/966 1247/1247/968
f 1212/1212/514 1247/1247/968 1241/1241/515
f 1232/1232/962 1251/1251/972 1249/1249/970
f 1232/1232/962 1249/1249/970 1242/1242/502
f 1211/1211/956 1252/1252/973 1244/1244/966
f 1211/1211/956 1244/1244/966 1212/1212/514
f 1231/1231/961 1253/1253/974 1251/1251/972
f 1231/1231/961 1251/1251/972 1232/1232/962
f 1233/1233/511 1254/1254/975 1252/1252/973
f 1233/1233/511 1252/1252/973 1211/1211/956
f 1234/1234/509 1255/1255/976 1253/1253/974
f 1234/1234/509 1253/1253/974 1231/1231/961
f 1235/1235/963 1256/1256/977 1257/1257/978
f 1235/1235/963 1257/1257/978 1236/1236/508
f 1236/1236/508 1257/1257/978 1254/1254/975
f 1236/1236/508 1254/1254/975 1233/1233/511
f 1237/1237/507 1258/1258/979 1255/1255/976
f 1237/1237/507 1255/1255/976 1234/1234/509
f 1238/1238/964 1259/1259/980 1256/1256/977
f 1238/1238/964 1256/1256/977 1235/1235/963
f 1239/1239/965 1260/1260/981 1258/1258/979
f 1239/1239/965 1258/1258/979 1237/1237/507
f 1230/1230/516 1229/1229/960 1259/1259/980
f 1230/1230/516 1259/1259/980 1238/1238/964
f 1240/1240/487 1248/1248/969 1260/1260/981
f 1240/1240/487 1260/1260/981 1239/1239/965
f 1261/1261/982 1262/1262/983 1263/1263/984
f 1261/1261/982 1263/1263/984 1264/1264/985
f 1251/1251/972 1265/1265/986 1266/1266/987
f 1251/1251/972 1266/1266/987 1249/1249/970
f 1252/1252/973 1267/1267/988 1245/1245/967
f 1252/1252/973 1245/1245/967 1244/1244/966
f 1253/1253/974 1268/1268/989 1265/1265/986
f 1253/1253/974 1265/1265/986 1251/1251/972
f 1254/1254/975 1269/1269/990 1267/1267/988
f 1254/1254/975 1267/1267/988 1252/1252/973
f 1255/1255/976 1270/1270/991 1268/1268/989
f 1255/1255/976 1268/1268/989 1253/1253/974
f 1256/1256/977 1271/1271/992 1272/1272/993
f 1256/1256/977 1272/1272/993 1257/1257/978
f 1257/1257/978 1272/1272/993 1269/1269/990
f 1257/1257/978 1269/1269/990 1254/1254/975
f 1258/1258/979 1273/1273/994 1270/1270/991
f 1258/1258/979 1270/1270/991 1255/1255/976
f 1259/1259/980 1274/1274/995 1271/1271/992
f 1259/1259/980 1271/1271/992 1256/1256/977
f 1260/1260/981 1264/1264/985 1273/1273/994
f 1260/1260/981 1273/1273/994 1258/1258/979
f 1229/1229/960 1275/1275/996 1274/1274/995
f 1229/1229/960 1274/1274/995 1259/1259/980
f 1248/1248/969 1261/1261/982 1264/1264/985
f 1248/1248/969 1264/1264/985 1260/1260/981
f 1228/1228/959 1276/1276/997 1275/1275/996
f 1228/1228/959 1275/1275/996 1229/1229/960
f 1247/1247/968 1246/1246/842 1261/1261/982
f 1247/1247/968 1261/1261/982 1248/1248/969
f 1249/1249/970 1266/1266/987 1277/1277/998
f 1249/1249/970 1277/1277/998 1250/1250/971
f 1278/1278/999 1279/1279/1000 1280/1280/1001
f 1278/1278/999 1280/1280/1001 1281/1281/1002
f 1276/1276/997 1282/1282/799 1283/1283/1003
f 1276/1276/997 1283/1283/1003 1275/1275/996
f 1246/1246/842 1284/1284/820 1262/1262/983
f 1246/1246/842 1262/1262/983 1261/1261/982
f 1266/1266/987 1285/1285/1004 1286/1286/1005
f 1266/1266/987 1286/1286/1005 1277/1277/998
f 1245/1245/967 1287/1287/1006 1284/1284/820
f 1245/1245/967 1284/1284/820 1246/1246/842
f 1265/1265/986 1288/1288/1007 1285/1285/1004
f 1265/1265/986 1285/1285/1004 1266/1266/987
f 1267/1267/988 1289/1289/1008 1287/1287/1006
f 1267/1267/988 1287/1287/1006 1245/1245/967
f 1268/1268/989 1290/1290/1009 1288/1288/1007
f 1268/1268/989 1288/1288/1007 1265/1265/986
f 1269/1269/990 1291/1291/1010 1289/1289/1008
f 1269/1269/990 1289/1289/1008 1267/1267/988
f 1270/1270/991 1292/1292/1011 1290/1290/1009
f 1270/1270/991 1290/1290/1009 1268/1268/989
f 1271/1271/992 1278/1278/999 1281/1281/1002
f 1271/1271/992 1281/1281/1002 1272/1272/993
f 1272/1272/993 1281/1281/1002 1291/1291/1010
f 1272/1272/993 1291/1291/1010 1269/1269/990
f 1273/1273/994 1293/1293/1012 1292/1292/1011
f 1273/1273/994 1292/1292/1011 1270/1270/991
f 1274/1274/995 1294/1294/1013 1278/1278/999
f 1274/1274/995 1278/1278/999 1271/1271/992
f 1264/1264/985 1263/1263/984 1293/1293/1012
f 1264/1264/985 1293/1293/1012 1273/1273/994
f 1275/1275/996 1283/1283/1003 1294/1294/1013
f 1275/1275/996 1294/1294/1013 1274/1274/995
f 1295/1295/1014 1296/1296/1015 1297/1297/1016
f 1295/1295/1014 1297/1297/1016 1298/1298/1017
f 1281/1281/1002 1280/1280/1001 1299/1299/1018
f 1281/1281/1002 1299/1299/1018 1291/1291/1010
f 1293/1293/1012 1300/1300/1019 1301/1301/1020
f 1293/1293/1012 1301/1301/1020 1292/1292/1011
f 1294/1294/1013 1302/1302/1021 1279/1279/1000
f 1294/1294/1013 1279/1279/1000 1278/1278/999
f 1263/1263/984 1303/1303/1022 1300/1300/1019
f 1263/1263/984 1300/1300/1019 1293/1293/1012
f 1283/1283/1003 1304/1304/1023 1302/1302/1021
f 1283/1283/1003 1302/1302/1021 1294/1294/1013
f 1262/1262/983 1305/1305/1024 1303/1303/1022
f 1262/1262/983 1303/1303/1022 1263/1263/984
f 1282/1282/799 1306/1306/1025 1304/1304/1023
f 1282/1282/799 1304/1304/1023 1283/1283/1003
f 1284/1284/820 1307/1307/1026 1305/1305/1024
f 1284/1284/820 1305/1305/1024 1262/1262/983
f 1285/1285/1004 1298/1298/1017 1308/1308/1025
f 1285/1285/1004 1308/1308/1025 1286/1286/1005
f 1287/1287/1006 1309/1309/1027 1307/1307/1026
f 1287/1287/1006 1307/1307/1026 1284/1284/820
f 1288/1288/1007 1295/1295/1014 1298/1298/1017
f 1288/1288/1007 1298/1298/1017 1285/1285/1004
f 1289/1289/1008 1310/1310/1028 1309/1309/1027
f 1289/1289/1008 1309/1309/1027 1287/1287/1006
f 1290/1290/1009 1311/1311/1029 1295/1295/1014
f 1290/1290/1009 1295/1295/1014 1288/1288/1007
f 1291/1291/1010 1299/1299/1018 1310/1310/1028
f 1291/1291/1010 1310/1310/1028 1289/1289/1008
f 1292/1292/1011 1301/1301/1020 1311/1311/1029
f 1292/1292/1011 1311/1311/1029 1290/1290/1009
f 1312/1312/1030 1313/1313/1031 1314/1314/1032
f 1312/1312/1030 1314/1314/1032 1315/1315/1033
f 1310/1310/1028 1316/1316/1034 1317/1317/1035
f 1310/1310/1028 1317/1317/1035 1309/1309/1027
f 1311/1311/1029 1318/1318/1036 1296/1296/1015
f 1311/1311/1029 1296/1296/1015 1295/1295/1014
f 1299/1299/1018 1319/1319/1037 1316/1316/1034
f 1299/1299/1018 1316/1316/1034 1310/1310/1028
f 1301/1301/1020 1320/1320/1038 1318/1318/1036
f 1301/1301/1020 1318/1318/1036 1311/1311/1029
f 1279/1279/1000 1321/1321/1039 1322/1322/1040
f 1279/1279/1000 1322/1322/1040 1280/1280/1001
f 1280/1280/1001 1322/1322/1040 1319/1319/1037
f 1280/1280/1001 1319/1319/1037 1299/1299/1018
f 1300/1300/1019 1323/1323/1041 1320/1320/1038
f 1300/1300/1019 1320/1320/1038 1301/1301/1020
f 1302/1302/1021 1324/1324/1042 1321/1321/1039
f 1302/1302/1021 1321/1321/1039 1279/1279/1000
f 1303/1303/1022 1315/1315/1033 1323/1323/1041
f 1303/1303/1022 1323/1323/1041 1300/1300/1019
f 1304/1304/1023 1325/1325/1043 1324/1324/1042
f 1304/1304/1023 1324/1324/1042 1302/1302/1021
f 1305/1305/1024 1312/1312/1030 1315/1315/1033
f 1305/1305/1024 1315/1315/1033 1303/1303/1022
f 1306/1306/1025 1326/1326/1044 1325/1325/1043
f 1306/1306/1025 1325/1325/1043 1304/1304/1023
f 1307/1307/1026 1327/1327/791 1312/1312/1030
f 1307/1307/1026 1312/1312/1030 1305/1305/1024
f 1298/1298/1017 1297/1297/1016 1328/1328/1045
f 1298/1298/1017 1328/1328/1045 1308/1308/1025
f 1309/1309/1027 1317/1317/1035 1327/1327/791
f 1309/1309/1027 1327/1327/791 1307/1307/1026
f 1329/1329/1046 1330/1330/1047 1331/1331/1048
f 1329/1329/1046 1331/1331/1048 1332/1332/1049
f 1326/1326/1044 1333/1333/1050 1334/1334/1051
f 1326/1326/1044 1334/1334/1051 1325/1325/1043
f 1327/1327/791 1335/1335/1052 1313/1313/1031
f 1327/1327/791 1313/1313/1031 1312/1312/1030
f 1297/1297/1016 1336/1336/1053 1337/1337/1050
f 1297/1297/1016 1337/1337/1050 1328/1328/1045
f 1317/1317/1035 1338/1338/1054 1335/1335/1052
f 1317/1317/1035 1335/1335/1052 1327/1327/791
f 1296/1296/1015 1339/1339/1055 1336/1336/1053
f 1296/1296/1015 1336/1336/1053 1297/1297/1016
f 1316/1316/1034 1340/1340/1056 1338/1338/1054
f 1316/1316/1034 1338/1338/1054 1317/1317/1035
f 1318/1318/1036 1341/1341/1057 1339/1339/1055
f 1318/1318/1036 1339/1339/1055 1296/1296/1015
f 1319/1319/1037 1342/1342/1058 1340/1340/1056
f 1319/1319/1037 1340/1340/1056 1316/1316/1034
f 1320/1320/1038 1343/1343/1059 1341/1341/1057
f 1320/1320/1038 1341/1341/1057 1318/1318/1036
f 1321/1321/1039 1329/1329/1046 1332/1332/1049
f 1321/1321/1039 1332/1332/1049 1322/1322/1040
f 1322/1322/1040 1332/1332/1049 1342/1342/1058
f 1322/1322/1040 1342/1342/1058 1319/1319/1037
f 1323/1323/1041 1344/1344/1060 1343/1343/1059
f 1323/1323/1041 1343/1343/1059 1320/1320/1038
f 1324/1324/1042 1345/1345/1061 1329/1329/1046
f 1324/1324/1042 1329/1329/1046 1321/1321/1039
f 1315/1315/1033 1314/1314/1032 1344/1344/1060
f 1315/1315/1033 1344/1344/1060 1323/1323/1041
f 1325/1325/1043 1334/1334/1051 1345/1345/1061
f 1325/1325/1043 1345/1345/1061 1324/1324/1042
f 1346/1346/1062 1347/1347/1063 1348/1348/1064
f 1346/1346/1062 1348/1348/1064 1349/1349/1065
f 1332/1332/1049 1331/1331/1048 1350/1350/1066
f 1332/1332/1049 1350/1350/1066 1342/1342/1058
f 1344/1344/1060 1351/1351/1067 1352/1352/1068
f 1344/1344/1060 1352/1352/1068 1343/1343/1059
f 1345/1345/1061 1353/1353/1069 1330/1330/1047
f 1345/1345/1061 1330/1330/1047 1329/1329/1046
f 1314/1314/1032 1354/1354/1070 1351/1351/1067
f 1314/1314/1032 1351/1351/1067 1344/1344/1060
f 1334/1334/1051 1355/1355/1071 1353/1353/1069
f 1334/1334/1051 1353/1353/1069 1345/1345/1061
f 1313/1313/1031 1356/1356/1072 1354/1354/1070
f 1313/1313/1031 1354/1354/1070 1314/1314/1032
f 1333/1333/1050 1357/1357/1073 1355/1355/1071
f 1333/1333/1050 1355/1355/1071 1334/1334/1051
f 1335/1335/1052 1358/1358/1074 1356/1356/1072
f 1335/1335/1052 1356/1356/1072 1313/1313/1031
f 1336/1336/1053 1349/1349/1065 1359/1359/1075
f 1336/1336/1053 1359/1359/1075 1337/1337/1050
f 1338/1338/1054 1360/1360/1076 1358/1358/1074
f 1338/1338/1054 1358/1358/1074 1335/1335/1052
f 1339/1339/1055 1346/1346/1062 1349/1349/1065
f 1339/1339/1055 1349/1349/1065 1336/1336/1053
f 1340/1340/1056 1361/1361/1077 1360/1360/1076
f 1340/1340/1056 1360/1360/1076 1338/1338/1054
f 1341/1341/1057 1362/1362/1078 1346/1346/1062
f 1341/1341/1057 1346/1346/1062 1339/1339/1055
f 1342/1342/1058 1350/1350/1066 1361/1361/1077
f 1342/1342/1058 1361/1361/1077 1340/1340/1056
f 1343/1343/1059 1352/1352/1068 1362/1362/1078
f 1343/1343/1059 1362/1362/1078 1341/1341/1057
f 1363/1363/1079 1364/1364/1080 1365/1365/1081
f 1363/1363/1079 1365/1365/1081 1366/1366/1082
f 1361/1361/1077 1367/1367/1083 1368/1368/1084
f 1361/1361/1077 1368/1368/1084 1360/1360/1076
f 1362/1362/1078 1369/1369/1085 1347/1347/1063
f 1362/1362/1078 1347/1347/1063 1346/1346/1062
f 1350/1350/1066 1370/1370/1086 1367/1367/1083
f 1350/1350/1066 1367/1367/1083 1361/1361/1077
f 1352/1352/1068 1371/1371/1087 1369/1369/1085
f 1352/1352/1068 1369/1369/1085 1362/1362/1078
f 1330/1330/1047 1372/1372/1088 1373/1373/1089
f 1330/1330/1047 1373/1373/1089 1331/1331/1048
f 1331/1331/1048 1373/1373/1089 1370/1370/1086
f 1331/1331/1048 1370/1370/1086 1350/1350/1066
f 1351/1351/1067 1374/1374/1090 1371/1371/1087
f 1351/1351/1067 1371/1371/1087 1352/1352/1068
f 1353/1353/1069 1375/1375/1091 1372/1372/1088
f 1353/1353/1069 1372/1372/1088 1330/1330/1047
f 1354/1354/1070 1366/1366/1082 1374/1374/1090
f 1354/1354/1070 1374/1374/1090 1351/1351/1067
f 1355/1355/1071 1376/1376/1092 1375/1375/1091
f 1355/1355/1071 1375/1375/1091 1353/1353/1069
f 1356/1356/1072 1363/1363/1079 1366/1366/1082
f 1356/1356/1072 1366/1366/1082 1354/1354/1070
f 1357/1357/1073 1377/1377/1093 1376/1376/1092
f 1357/1357/1073 1376/1376/1092 1355/1355/1071
f 1358/1358/1074 1378/1378/1094 1363/1363/1079
f 1358/1358/1074 1363/1363/1079 1356/1356/1072
f 1349/1349/1065 1348/1348/1064 1379/1379/1095
f 1349/1349/1065 1379/1379/1095 1359/1359/1075
f 1360/1360/1076 1368/1368/1084 1378/1378/1094
f 1360/1360/1076 1378/1378/1094 1358/1358/1074
f 1380/1380/1096 1381/1381/1097 1382/1382/1098
f 1380/1380/1096 1382/1382/1098 1383/1383/1099
f 1377/1377/1093 1384/1384/1100 1385/1385/1101
f 1377/1377/1093 1385/1385/1101 1376/1376/1092
f 1378/1378/1094 1386/1386/1102 1364/1364/1080
f 1378/1378/1094 1364/1364/1080 1363/1363/1079
f 1348/1348/1064 1387/1387/1103 1388/1388/1104
f 1348/1348/1064 1388/1388/1104 1379/1379/1095
f 1368/1368/1084 1389/1389/1105 1386/1386/1102
f 1368/1368/1084 1386/1386/1102 1378/1378/1094
f 1347/1347/1063 1390/1390/1106 1387/1387/1103
f 1347/1347/1063 1387/1387/1103 1348/1348/1064
f 1367/1367/1083 1391/1391/1107 1389/1389/1105
f 1367/1367/1083 1389/1389/1105 1368/1368/1084
f 1369/1369/1085 1392/1392/1108 1390/1390/1106
f 1369/1369/1085 1390/1390/1106 1347/1347/1063
f 1370/1370/1086 1383/1383/1099 1391/1391/1107
f 1370/1370/1086 1391/1391/1107 1367/1367/1083
f 1371/1371/1087 1393/1393/1109 1392/1392/1108
f 1371/1371/1087 1392/1392/1108 1369/1369/1085
f 1372/1372/1088 1394/1394/1110 1380/1380/1096
f 1372/1372/1088 1380/1380/1096 1373/1373/1089
f 1373/1373/1089 1380/1380/1096 1383/1383/1099
f 1373/1373/1089 1383/1383/1099 1370/1370/1086
f 1374/1374/1090 1395/1395/1111 1393/1393/1109
f 1374/1374/1090 1393/1393/1109 1371/1371/1087
f 1375/1375/1091 1396/1396/1112 1394/1394/1110
f 1375/1375/1091 1394/1394/1110 1372/1372/1088
f 1366/1366/1082 1365/1365/1081 1395/1395/1111
f 1366/1366/1082 1395/1395/1111 1374/1374/1090
f 1376/1376/1092 1385/1385/1101 1396/1396/1112
f 1376/1376/1092 1396/1396/1112 1375/1375/1091
f 1397/1397/1113 1398/1398/1114 1399/1399/665
f 1397/1397/1113 1399/1399/665 1400/1400/1115
f 1395/1395/1111 1401/1401/1116 1402/1402/1117
f 1395/1395/1111 1402/1402/1117 1393/1393/1109
f 1396/1396/1112 1403/1403/1118 1404/1404/1119
f 1396/1396/1112 1404/1404/1119 1394/1394/1110
f 1365/1365/1081 1405/1405/1120 1401/1401/1116
f 1365/1365/1081 1401/1401/1116 1395/1395/1111
f 1385/1385/1101 1406/1406/1121 1403/1403/1118
f 1385/1385/1101 1403/1403/1118 1396/1396/1112
f 1364/1364/1080 1407/1407/1122 1405/1405/1120
f 1364/1364/1080 1405/1405/1120 1365/1365/1081
f 1384/1384/1100 1408/1408/1123 1406/1406/1121
f 1384/1384/1100 1406/1406/1121 1385/1385/1101
f 1386/1386/1102 1409/1409/1124 1407/1407/1122
f 1386/1386/1102 1407/1407/1122 1364/1364/1080
f 1387/1387/1103 1410/1410/1125 1411/1411/1126
f 1387/1387/1103 1411/1411/1126 1388/1388/1104
f 1389/1389/1105 1400/1400/1115 1409/1409/1124
f 1389/1389/1105 1409/1409/1124 1386/1386/1102
f 1390/1390/1106 1412/1412/1127 1410/1410/1125
f 1390/1390/1106 1410/1410/1125 1387/1387/1103
f 1391/1391/1107 1397/1397/1113 1400/1400/1115
f 1391/1391/1107 1400/1400/1115 1389/1389/1105
f 1392/1392/1108 1413/1413/1128 1412/1412/1127
f 1392/1392/1108 1412/1412/1127 1390/1390/1106
f 1383/1383/1099 1382/1382/1098 1397/1397/1113
f 1383/1383/1099 1397/1397/1113 1391/1391/1107
f 1393/1393/1109 1402/1402/1117 1413/1413/1128
f 1393/1393/1109 1413/1413/1128 1392/1392/1108
f 1394/1394/1110 1404/1404/1119 1381/1381/1097
f 1394/1394/1110 1381/1381/1097 1380/1380/1096
f 1413/1413/1128 1414/1414/681 1415/1415/680
f 1413/1413/1128 1415/1415/680 1412/1412/1127
f 1382/1382/1098 1416/1416/682 1398/1398/1114
f 1382/1382/1098 1398/1398/1114 1397/1397/1113
f 1402/1402/1117 1417/1417/683 1414/1414/681
f 1402/1402/1117 1414/1414/681 1413/1413/1128
f 1404/1404/1119 1418/1418/685 1419/1419/684
f 1404/1404/1119 1419/1419/684 1381/1381/1097
f 1381/1381/1097 1419/1419/684 1416/1416/682
f 1381/1381/1097 1416/1416/682 1382/1382/1098
f 1401/1401/1116 1420/1420/686 1417/1417/683
f 1401/1401/1116 1417/1417/683 1402/1402/1117
f 1403/1403/1118 1421/1421/687 1418/1418/685
f 1403/1403/1118 1418/1418/685 1404/1404/1119
f 1405/1405/1120 1422/1422/688 1420/1420/686
f 1405/1405/1120 1420/1420/686 1401/1401/1116
f 1406/1406/1121 1423/1423/689 1421/1421/687
f 1406/1406/1121 1421/1421/687 1403/1403/1118
f 1407/1407/1122 1424/1424/690 1422/1422/688
f 1407/1407/1122 1422/1422/688 1405/1405/1120
f 1408/1408/1123 1425/1425/691 1423/1423/689
f 1408/1408/1123 1423/1423/689 1406/1406/1121
f 1409/1409/1124 1426/1426/692 1424/1424/690
f 1409/1409/1124 1424/1424/690 1407/1407/1122
f 1410/1410/1125 1427/1427/693 1428/1428/691
f 1410/1410/1125 1428/1428/691 1411/1411/1126
f 1400/1400/1115 1399/1399/665 1426/1426/692
f 1400/1400/1115 1426/1426/692 1409/1409/1124
f 1412/1412/1127 1415/1415/680 1427/1427/693
f 1412/1412/1127 1427/1427/693 1410/1410/1125
f 1437/1429/1129 1435/1430/1130 1436/1431/1131
f 1435/1430/1130 1437/1429/1129 1438/1432/688
f 1435/1430/1130 1438/1432/688 1434/1433/680
f 1434/1433/680 1438/1432/688 1439/1434/1132
f 1434/1433/680 1439/1434/1132 1433/1435/1133
f 1433/1435/1133 1439/1434/1132 1440/1436/1134
f 1433/1435/1133 1440/1436/1134 1432/1437/691
f 1432/1437/691 1440/1436/1134 1431/1438/1135
f 1431/1438/1135 1440/1436/1134 1441/1439/665
f 1431/1438/1135 1441/1439/665 1442/1440/1114
f 1431/1438/1135 1442/1440/1114 1430/1441/687
f 1430/1441/687 1442/1440/1114 1443/1442/1136
f 1430/1441/687 1443/1442/1136 1429/1443/1137
f 1429/1443/1137 1443/1442/1136 1444/1444/1138
o Chair_Chair_0
v -0.270265 0.442600 -0.150515
v -0.270265 0.466928 -0.150515
v -0.270265 0.466928 -0.206903
v -0.270265 0.442600 -0.206903
v 0.270265 0.442600 -0.150515
v 0.270265 0.466928 -0.150515
v 0.270265 0.466928 0.270520
v 0.270265 0.442600 0.270520
v 0.223418 0.442600 0.322913
v 0.223418 0.466928 0.322913
v 0.214872 0.466928 0.322913
v 0.214872 0.442600 0.322913
v 0.214872 0.473415 -0.230087
v 0.270265 0.473415 -0.230087
v 0.270265 0.485650 -0.249584
v 0.214872 0.485650 -0.249584
v 0.270265 0.485650 -0.249584
v 0.270265 0.466220 -0.267286
v 0.270265 0.488586 -0.287622
v 0.270265 0.502369 -0.263380
v -0.270265 0.450344 -0.239420
v -0.270265 0.473415 -0.230087
v -0.270265 0.485650 -0.249584
v -0.270265 0.466220 -0.267286
v 0.270265 0.473415 -0.230087
v 0.270265 0.450344 -0.239420
v -0.214872 0.450344 -0.239420
v -0.270265 0.450344 -0.239420
v -0.270265 0.466220 -0.267286
v -0.214872 0.466220 -0.267286
v -0.214872 0.488586 -0.287622
v -0.270265 0.488586 -0.287622
v -0.270265 0.515132 -0.298327
v -0.214872 0.515132 -0.298327
v 0.270265 0.502369 -0.263380
v 0.214872 0.502369 -0.263380
v -0.270265 0.502369 -0.263380
v -0.270265 0.488586 -0.287622
v 0.270265 0.521843 -0.270050
v 0.214872 0.521843 -0.270050
v -0.270265 0.521843 -0.270050
v -0.270265 0.515132 -0.298327
v 0.270265 0.515132 -0.298327
v 0.270265 0.521843 -0.270050
v 0.270265 0.603686 -0.298450
v 0.270265 0.596976 -0.326727
v 0.270265 0.874601 -0.423065
v 0.270265 0.881311 -0.394789
v 0.214872 0.450344 -0.239420
v 0.270265 0.450344 -0.239420
v 0.270265 0.442600 -0.206903
v 0.214872 0.442600 -0.206903
v 0.270265 0.466928 -0.206903
v 0.270265 0.442600 -0.206903
v -0.214872 0.473415 -0.230087
v -0.270265 0.473415 -0.230087
v -0.270265 0.466928 -0.206903
v -0.214872 0.466928 -0.206903
v 0.214872 0.466928 -0.206903
v 0.270265 0.466928 -0.206903
v 0.214872 0.502369 -0.263380
v 0.214872 0.488586 -0.287622
v 0.214872 0.466220 -0.267286
v 0.214872 0.485650 -0.249584
v -0.214872 0.442600 -0.206903
v -0.270265 0.442600 -0.206903
v -0.214872 0.485650 -0.249584
v -0.214872 0.466220 -0.267286
v -0.214872 0.488586 -0.287622
v -0.214872 0.502369 -0.263380
v 0.214872 0.924351 -0.440329
v 0.214872 0.931062 -0.412053
v 0.223418 0.931062 -0.412053
v 0.223418 0.924351 -0.440329
v 0.214872 0.596976 -0.326727
v -0.214872 0.596976 -0.326727
v -0.214872 0.924351 -0.440329
v 0.214872 0.924351 -0.440329
v -0.214872 0.924351 -0.440329
v -0.214872 0.931062 -0.412053
v -0.270265 0.502369 -0.263380
v -0.214872 0.502369 -0.263380
v -0.214872 0.521843 -0.270050
v -0.270265 0.521843 -0.270050
v 0.214872 0.521843 -0.270050
v 0.214872 0.515132 -0.298327
v -0.270265 0.596976 -0.326727
v -0.270265 0.603686 -0.298450
v -0.270265 0.881311 -0.394789
v -0.270265 0.874601 -0.423065
v -0.214872 0.603686 -0.298450
v 0.214872 0.603686 -0.298450
v 0.214872 0.931062 -0.412053
v -0.214872 0.931062 -0.412053
v -0.270265 0.485650 -0.249584
v -0.214872 0.485650 -0.249584
v 0.214872 0.603686 -0.298450
v 0.214872 0.596976 -0.326727
v 0.270265 0.466220 -0.267286
v 0.214872 0.466220 -0.267286
v 0.214872 0.488586 -0.287622
v 0.270265 0.488586 -0.287622
v -0.214872 0.473415 -0.230087
v -0.214872 0.450344 -0.239420
v 0.214872 0.515132 -0.298327
v 0.270265 0.515132 -0.298327
v -0.214872 0.466928 -0.206903
v -0.214872 0.442600 -0.206903
v -0.214872 0.466928 -0.150515
v -0.214872 0.442600 -0.150515
v -0.214872 0.603686 -0.298450
v -0.214872 0.596976 -0.326727
v 0.214872 0.596976 -0.326727
v 0.214872 0.603686 -0.298450
v -0.223418 0.924351 -0.440329
v -0.223418 0.931062 -0.412053
v 0.214872 0.466928 -0.150515
v -0.214872 0.466928 -0.150515
v -0.214872 0.466928 0.322913
v 0.214872 0.466928 0.322913
v -0.214872 0.442600 0.322913
v -0.214872 0.466928 0.322913
v -0.223418 0.466928 0.322913
v -0.223418 0.442600 0.322913
v -0.214872 0.442600 -0.150515
v 0.214872 0.442600 -0.150515
v 0.214872 0.442600 0.322913
v -0.214872 0.442600 0.322913
v -0.214872 0.521843 -0.270050
v -0.214872 0.515132 -0.298327
v -0.214872 0.596976 -0.326727
v -0.214872 0.603686 -0.298450
v -0.270265 0.603686 -0.298450
v 0.214872 0.466928 -0.150515
v 0.214872 0.442600 -0.150515
v -0.214872 0.442600 -0.150515
v -0.214872 0.466928 -0.150515
v 0.270265 0.596976 -0.326727
v -0.270265 0.596976 -0.326727
v 0.270265 0.603686 -0.298450
v 0.214872 0.466928 -0.206903
v 0.214872 0.442600 -0.206903
v 0.214872 0.442600 -0.150515
v 0.214872 0.466928 -0.150515
v -0.270265 0.442600 -0.150515
v 0.270265 0.466928 -0.150515
v -0.270265 0.466928 -0.150515
v 0.270265 0.442600 -0.150515
v 0.214872 0.450344 -0.239420
v 0.214872 0.473415 -0.230087
v -0.241346 0.466928 0.318925
v -0.241346 0.442600 0.318925
v -0.256544 0.466928 0.307567
v -0.256544 0.442600 0.307567
v -0.266699 0.466928 0.290570
v -0.266699 0.442600 0.290570
v -0.270265 0.466928 0.270520
v -0.270265 0.442600 0.270520
v 0.241346 0.442600 0.318925
v 0.241346 0.466928 0.318925
v 0.256544 0.442600 0.307567
v 0.256544 0.466928 0.307567
v 0.266699 0.442600 0.290570
v 0.266699 0.466928 0.290570
v -0.241346 0.920564 -0.439015
v -0.241346 0.927275 -0.410738
v -0.256544 0.909780 -0.435273
v -0.256544 0.916490 -0.406996
v -0.266699 0.893640 -0.429672
v -0.266699 0.900350 -0.401395
v 0.266699 0.893640 -0.429672
v 0.266699 0.900350 -0.401395
v 0.256544 0.909780 -0.435273
v 0.256544 0.916490 -0.406996
v 0.241346 0.920564 -0.439015
v 0.241346 0.927275 -0.410738
v 0.223418 0.466928 0.322913
v 0.241346 0.466928 0.318925
v 0.256544 0.466928 0.307567
v 0.266699 0.466928 0.290570
v 0.270265 0.466928 0.270520
v -0.270265 0.466928 0.270520
v -0.266699 0.466928 0.290570
v -0.256544 0.466928 0.307567
v -0.241346 0.466928 0.318925
v -0.223418 0.466928 0.322913
v 0.270265 0.881311 -0.394789
v 0.266699 0.900350 -0.401395
v 0.256544 0.916490 -0.406996
v 0.241346 0.927275 -0.410738
v 0.223418 0.931062 -0.412053
v -0.270265 0.874601 -0.423065
v -0.266699 0.893640 -0.429672
v -0.256544 0.909780 -0.435273
v -0.241346 0.920564 -0.439015
v -0.223418 0.924351 -0.440329
v 0.223418 0.924351 -0.440329
v 0.241346 0.920564 -0.439015
v 0.256544 0.909780 -0.435273
v 0.266699 0.893640 -0.429672
v 0.270265 0.874601 -0.423065
v -0.223418 0.931062 -0.412053
v -0.241346 0.927275 -0.410738
v -0.256544 0.916490 -0.406996
v -0.266699 0.900350 -0.401395
v -0.270265 0.881311 -0.394789
v 0.270265 0.442600 0.270520
v 0.266699 0.442600 0.290570
v 0.256544 0.442600 0.307567
v 0.241346 0.442600 0.318925
v 0.223418 0.442600 0.322913
v -0.223418 0.442600 0.322913
v -0.241346 0.442600 0.318925
v -0.256544 0.442600 0.307567
v -0.266699 0.442600 0.290570
v -0.270265 0.442600 0.270520
vn -1.0000 -0.0000 -0.0000
vn 1.0000 -0.0000 -0.0000
vn 0.9961 -0.0000 0.0879
vn 0.1092 -0.0000 0.9940
vn -0.0000 -0.0000 1.0000
vn -0.0000 0.9145 0.4047
vn -0.0000 0.7514 0.6599
vn -0.0000 -0.9302 -0.3670
vn -0.0000 -0.7805 -0.6252
vn -0.0000 -0.5317 -0.8469
vn -0.0000 -0.3510 -0.9364
vn -0.0000 0.4881 0.8728
vn -0.0000 0.3259 0.9454
vn 0.9956 0.0910 -0.0216
vn 0.9966 0.0801 -0.0190
vn -0.0000 -0.9932 -0.1166
vn -0.0000 0.9907 0.1360
vn -0.0000 0.9730 -0.2309
vn 0.1100 0.9671 -0.2295
vn 0.1085 0.9672 -0.2295
vn -0.0000 -0.3278 -0.9447
vn -0.9966 0.0801 -0.0190
vn -0.9956 0.0910 -0.0216
vn -0.0000 0.3278 0.9447
vn -0.0000 -0.9730 0.2309
vn -0.1085 0.9672 -0.2295
vn -0.1100 0.9671 -0.2295
vn -0.0000 1.0000 -0.0000
vn -0.1092 -0.0000 0.9940
vn -0.0000 -1.0000 -0.0000
vn -0.0000 -0.0000 -1.0000
vn -0.4172 -0.0000 0.9088
vn -0.7426 -0.0000 0.6697
vn -0.9368 -0.0000 0.3497
vn -0.9369 -0.0000 0.3497
vn -0.9961 -0.0000 0.0879
vn 0.4172 -0.0000 0.9088
vn 0.7426 -0.0000 0.6697
vn 0.9368 -0.0000 0.3497
vn 0.9369 -0.0000 0.3497
vn -0.4120 0.8866 -0.2104
vn -0.4222 0.8820 -0.2093
vn -0.7363 0.6583 -0.1562
vn -0.7488 0.6449 -0.1530
vn -0.9330 0.3502 -0.0831
vn -0.9406 0.3304 -0.0784
vn 0.9330 0.3502 -0.0831
vn 0.9406 0.3304 -0.0784
vn 0.7363 0.6583 -0.1562
vn 0.7488 0.6449 -0.1530
vn 0.4120 0.8866 -0.2104
vn 0.4222 0.8820 -0.2093
vt 0.324023 0.967231
vt 0.315540 0.959245
vt 0.297303 0.978810
vt 0.305706 0.986678
vt 0.262540 0.517370
vt 0.261038 0.529025
vt 0.463751 0.557564
vt 0.466722 0.546287
vt 0.495789 0.572221
vt 0.484481 0.575183
vt 0.484868 0.578920
vt 0.496679 0.576657
vt 0.027126 0.269960
vt 0.000142 0.269960
vt 0.000142 0.281173
vt 0.027126 0.281173
vt 0.208194 0.526184
vt 0.205667 0.513822
vt 0.192377 0.517068
vt 0.197969 0.529291
vt 0.292549 0.995371
vt 0.287600 0.984724
vt 0.277115 0.987512
vt 0.278119 0.999858
vt 0.219675 0.525010
vt 0.219772 0.513049
vt 0.523948 0.744561
vt 0.496964 0.744561
vt 0.496964 0.760184
vt 0.523948 0.760184
vt 0.523948 0.774910
vt 0.496964 0.774910
vt 0.496964 0.788853
vt 0.523948 0.788853
vt 0.000142 0.291732
vt 0.027126 0.291732
vt 0.266922 0.986894
vt 0.263884 0.999676
vt 0.000142 0.301760
vt 0.027126 0.301760
vt 0.258069 0.982935
vt 0.251301 0.994842
vt 0.180941 0.523597
vt 0.189396 0.534510
vt 0.153200 0.555971
vt 0.144582 0.544497
vt 0.019614 0.623016
vt 0.031400 0.633369
vt 0.733289 0.744561
vt 0.760273 0.744561
vt 0.760273 0.728278
vt 0.733289 0.728278
vt 0.232255 0.525787
vt 0.235051 0.513820
vt 0.236468 0.269960
vt 0.263452 0.269960
vt 0.263452 0.258233
vt 0.236468 0.258233
vt 0.027126 0.258233
vt 0.000142 0.258233
vt 0.333966 0.246066
vt 0.340078 0.230560
vt 0.322078 0.228138
vt 0.321518 0.243849
vt 0.523947 0.728278
vt 0.496964 0.728278
vt 0.315135 0.496937
vt 0.313409 0.512371
vt 0.331986 0.512765
vt 0.327854 0.496368
vt 0.000286 0.670308
vt 0.017275 0.670319
vt 0.016668 0.664631
vt 0.000142 0.665008
vt 0.733289 0.831054
vt 0.523948 0.831054
vt 0.523948 0.999858
vt 0.733290 0.999857
vt 0.052466 0.886841
vt 0.067251 0.880300
vt 0.263452 0.291732
vt 0.236468 0.291732
vt 0.236468 0.301760
vt 0.263452 0.301760
vt 0.344056 0.252106
vt 0.355385 0.239137
vt 0.213929 0.978383
vt 0.220748 0.966422
vt 0.094178 0.908932
vt 0.085852 0.921204
vt 0.236468 0.343961
vt 0.027126 0.343961
vt 0.027127 0.512765
vt 0.236468 0.512764
vt 0.263452 0.281173
vt 0.236468 0.281173
vt 0.376404 0.278427
vt 0.389879 0.272837
vt 0.760273 0.760184
vt 0.733289 0.760184
vt 0.733289 0.774909
vt 0.760273 0.774909
vt 0.302546 0.493025
vt 0.295808 0.505480
vt 0.733289 0.788853
vt 0.760273 0.788853
vt 0.291733 0.485500
vt 0.281282 0.493512
vt 0.275101 0.464761
vt 0.263737 0.469320
vt 0.374606 0.467354
vt 0.389879 0.474167
vt 0.054549 0.891432
vt 0.068897 0.885171
vt 0.027126 0.230764
vt 0.236468 0.230764
vt 0.236468 0.000143
vt 0.027127 0.000142
vt 0.496679 0.774527
vt 0.483775 0.771697
vt 0.483605 0.776712
vt 0.495879 0.779482
vt 0.523947 0.700809
vt 0.733289 0.700810
vt 0.733290 0.470188
vt 0.523948 0.470187
vt 0.338747 0.491039
vt 0.349021 0.505858
vt 0.263452 0.343960
vt 0.276770 0.271793
vt 0.264454 0.267189
vt 0.760273 0.831054
vt 0.496964 0.831054
vt 0.000142 0.343961
vt 0.295664 0.251909
vt 0.285221 0.241630
vt 0.496964 0.700809
vt 0.000142 0.230764
vt 0.263452 0.230765
vt 0.760273 0.700810
vt 0.303197 0.231761
vt 0.308176 0.245871
vt 0.480916 0.785562
vt 0.492488 0.790651
vt 0.475779 0.792298
vt 0.485919 0.800421
vt 0.468162 0.798490
vt 0.477144 0.808362
vt 0.459998 0.805073
vt 0.468592 0.815011
vt 0.492204 0.562682
vt 0.482729 0.568318
vt 0.485540 0.554759
vt 0.478628 0.562937
vt 0.476567 0.549427
vt 0.472240 0.559362
vt 0.059988 0.900749
vt 0.072790 0.892889
vt 0.067307 0.909041
vt 0.078411 0.899356
vt 0.076197 0.915841
vt 0.085603 0.904529
vt 0.011214 0.631894
vt 0.024484 0.639745
vt 0.004874 0.642381
vt 0.019573 0.647443
vt 0.001245 0.653712
vt 0.016874 0.655888
vt 0.022964 0.000142
vt 0.014230 0.002085
vt 0.006827 0.007617
vt 0.001880 0.015897
vt 0.000143 0.025664
vt 0.261715 0.015898
vt 0.263452 0.025665
vt 0.256768 0.007618
vt 0.249365 0.002086
vt 0.240632 0.000143
vt 0.000143 0.487112
vt 0.001880 0.496929
vt 0.006827 0.505252
vt 0.014230 0.510812
vt 0.022964 0.512765
vt 0.496964 0.974205
vt 0.498701 0.984022
vt 0.503648 0.992344
vt 0.511052 0.997905
vt 0.519785 0.999858
vt 0.760273 0.974205
vt 0.758536 0.984022
vt 0.753589 0.992344
vt 0.746186 0.997905
vt 0.737453 0.999857
vt 0.263452 0.487111
vt 0.261715 0.496928
vt 0.256768 0.505251
vt 0.249365 0.510812
vt 0.240632 0.512764
vt 0.737453 0.470188
vt 0.746186 0.472131
vt 0.753589 0.477663
vt 0.758536 0.485943
vt 0.760273 0.495710
vt 0.496964 0.495709
vt 0.498701 0.485943
vt 0.503648 0.477663
vt 0.511051 0.472130
vt 0.519785 0.470187
s 0
usemtl Chair
f 1445/1445/1139 1446/1446/1139 1447/1447/1139
f 1445/1445/1139 1447/1447/1139 1448/1448/1139
s 1
f 1449/1449/1140 1450/1450/1140 1451/1451/1141
f 1449/1449/1140 1451/1451/1141 1452/1452/1141
f 1453/1453/1142 1454/1454/1142 1455/1455/1143
f 1453/1453/1142 1455/1455/1143 1456/1456/1143
f 1457/1457/1144 1458/1458/1144 1459/1459/1145
f 1457/1457/1144 1459/1459/1145 1460/1460/1145
s 0
f 1461/1461/1140 1462/1462/1140 1463/1463/1140
f 1461/1461/1140 1463/1463/1140 1464/1464/1140
f 1465/1465/1139 1466/1466/1139 1467/1467/1139
f 1465/1465/1139 1467/1467/1139 1468/1468/1139
f 1469/1469/1140 1470/1470/1140 1462/1462/1140
f 1469/1469/1140 1462/1462/1140 1461/1461/1140
s 1
f 1471/1471/1146 1472/1472/1146 1473/1473/1147
f 1471/1471/1146 1473/1473/1147 1474/1474/1147
f 1475/1475/1148 1476/1476/1148 1477/1477/1149
f 1475/1475/1148 1477/1477/1149 1478/1478/1149
f 1474/1474/1147 1473/1473/1147 1476/1476/1148
f 1474/1474/1147 1476/1476/1148 1475/1475/1148
f 1460/1460/1145 1459/1459/1145 1479/1479/1150
f 1460/1460/1145 1479/1479/1150 1480/1480/1150
s 0
f 1468/1468/1139 1467/1467/1139 1481/1481/1139
f 1468/1468/1139 1481/1481/1139 1482/1482/1139
s 1
f 1480/1480/1150 1479/1479/1150 1483/1483/1151
f 1480/1480/1150 1483/1483/1151 1484/1484/1151
s 0
f 1482/1482/1139 1481/1481/1139 1485/1485/1139
f 1482/1482/1139 1485/1485/1139 1486/1486/1139
f 1464/1464/1140 1463/1463/1140 1487/1487/1140
f 1464/1464/1140 1487/1487/1140 1488/1488/1140
s 1
f 1489/1489/1140 1490/1490/1140 1491/1491/1152
f 1489/1489/1140 1491/1491/1152 1492/1492/1153
f 1493/1493/1146 1494/1494/1146 1495/1495/1154
f 1493/1493/1146 1495/1495/1154 1496/1496/1154
s 0
f 1470/1470/1140 1469/1469/1140 1497/1497/1140
f 1470/1470/1140 1497/1497/1140 1498/1498/1140
f 1465/1465/1139 1448/1448/1139 1447/1447/1139
f 1465/1465/1139 1447/1447/1139 1466/1466/1139
s 1
f 1499/1499/1144 1500/1500/1144 1501/1501/1155
f 1499/1499/1144 1501/1501/1155 1502/1502/1155
f 1458/1458/1144 1457/1457/1144 1503/1503/1155
f 1458/1458/1144 1503/1503/1155 1504/1504/1155
s 0
f 1505/1505/1139 1506/1506/1139 1507/1507/1139
f 1505/1505/1139 1507/1507/1139 1508/1508/1139
s 1
f 1472/1472/1146 1471/1471/1146 1509/1509/1154
f 1472/1472/1146 1509/1509/1154 1510/1510/1154
s 0
f 1511/1511/1140 1512/1512/1140 1513/1513/1140
f 1511/1511/1140 1513/1513/1140 1514/1514/1140
s 1
f 1515/1515/1156 1516/1516/1156 1517/1517/1157
f 1515/1515/1156 1517/1517/1157 1518/1518/1158
s 0
f 1519/1519/1159 1520/1520/1159 1521/1521/1159
f 1519/1519/1159 1521/1521/1159 1522/1522/1159
f 1523/1523/1156 1524/1524/1156 1516/1516/1156
f 1523/1523/1156 1516/1516/1156 1515/1515/1156
s 1
f 1525/1525/1150 1526/1526/1150 1527/1527/1151
f 1525/1525/1150 1527/1527/1151 1528/1528/1151
s 0
f 1529/1529/1139 1530/1530/1139 1506/1506/1139
f 1529/1529/1139 1506/1506/1139 1505/1505/1139
s 1
f 1531/1531/1139 1532/1532/1139 1533/1533/1160
f 1531/1531/1139 1533/1533/1160 1534/1534/1161
s 0
f 1535/1535/1162 1536/1536/1162 1537/1537/1162
f 1535/1535/1162 1537/1537/1162 1538/1538/1162
s 1
f 1539/1539/1145 1540/1540/1145 1526/1526/1150
f 1539/1539/1145 1526/1526/1150 1525/1525/1150
s 0
f 1541/1541/1139 1542/1542/1139 1530/1530/1139
f 1541/1541/1139 1530/1530/1139 1529/1529/1139
s 1
f 1543/1543/1147 1544/1544/1147 1545/1545/1148
f 1543/1543/1147 1545/1545/1148 1546/1546/1148
s 0
f 1547/1547/1140 1548/1548/1140 1512/1512/1140
f 1547/1547/1140 1512/1512/1140 1511/1511/1140
s 1
f 1546/1546/1148 1545/1545/1148 1549/1549/1149
f 1546/1546/1148 1549/1549/1149 1550/1550/1149
s 0
f 1551/1551/1140 1552/1552/1140 1548/1548/1140
f 1551/1551/1140 1548/1548/1140 1547/1547/1140
s 1
f 1494/1494/1146 1493/1493/1146 1544/1544/1147
f 1494/1494/1146 1544/1544/1147 1543/1543/1147
s 0
f 1553/1553/1140 1554/1554/1140 1552/1552/1140
f 1553/1553/1140 1552/1552/1140 1551/1551/1140
s 1
f 1500/1500/1144 1499/1499/1144 1540/1540/1145
f 1500/1500/1144 1540/1540/1145 1539/1539/1145
s 0
f 1555/1555/1163 1556/1556/1163 1557/1542/1163
f 1555/1555/1163 1557/1542/1163 1558/1541/1163
s 1
f 1559/1557/1164 1560/1558/1165 1524/1524/1156
f 1559/1557/1164 1524/1524/1156 1523/1523/1156
s 0
f 1561/1559/1166 1562/1560/1166 1563/1561/1166
f 1561/1559/1166 1563/1561/1166 1564/1562/1166
s 1
f 1565/1563/1143 1566/1564/1143 1567/1565/1167
f 1565/1563/1143 1567/1565/1167 1568/1566/1167
s 0
f 1569/1567/1168 1570/1568/1168 1571/1569/1168
f 1569/1567/1168 1571/1569/1168 1572/1570/1168
f 1456/1456/1143 1455/1455/1143 1566/1564/1143
f 1456/1456/1143 1566/1564/1143 1565/1563/1143
f 1573/1571/1140 1574/1572/1140 1575/1556/1140
f 1573/1571/1140 1575/1556/1140 1576/1555/1140
s 1
f 1528/1528/1151 1527/1527/1151 1535/1535/1162
f 1528/1528/1151 1535/1535/1162 1577/1573/1162
s 0
f 1578/1574/1169 1579/1575/1169 1580/1554/1169
f 1578/1574/1169 1580/1554/1169 1581/1553/1169
s 1
f 1550/1550/1149 1549/1549/1149 1519/1519/1159
f 1550/1550/1149 1519/1519/1159 1582/1576/1159
f 1478/1478/1149 1477/1477/1149 1583/1577/1159
f 1478/1478/1149 1583/1577/1159 1520/1520/1159
s 0
f 1488/1488/1140 1487/1487/1140 1490/1490/1140
f 1488/1488/1140 1490/1490/1140 1489/1489/1140
f 1486/1486/1139 1485/1485/1139 1532/1532/1139
f 1486/1486/1139 1532/1532/1139 1531/1531/1139
s 1
f 1484/1484/1151 1483/1483/1151 1584/1578/1162
f 1484/1484/1151 1584/1578/1162 1536/1536/1162
s 0
f 1585/1579/1139 1586/1580/1139 1587/1575/1139
f 1585/1579/1139 1587/1575/1139 1588/1574/1139
s 1
f 1510/1510/1154 1509/1509/1154 1569/1567/1168
f 1510/1510/1154 1569/1567/1168 1589/1581/1168
s 0
f 1514/1514/1140 1513/1513/1140 1574/1572/1140
f 1514/1514/1140 1574/1572/1140 1573/1571/1140
s 1
f 1504/1504/1155 1503/1503/1155 1561/1559/1166
f 1504/1504/1155 1561/1559/1166 1590/1582/1166
f 1502/1502/1155 1501/1501/1155 1591/1583/1166
f 1502/1502/1155 1591/1583/1166 1562/1560/1166
f 1496/1496/1154 1495/1495/1154 1592/1584/1168
f 1496/1496/1154 1592/1584/1168 1570/1568/1168
s 0
f 1498/1498/1140 1497/1497/1140 1450/1450/1140
f 1498/1498/1140 1450/1450/1140 1449/1449/1140
f 1508/1508/1139 1507/1507/1139 1593/1585/1139
f 1508/1508/1139 1593/1585/1139 1594/1586/1139
f 1594/1586/1139 1593/1585/1139 1586/1580/1139
f 1594/1586/1139 1586/1580/1139 1585/1579/1139
s 1
f 1568/1566/1167 1567/1565/1167 1595/1587/1170
f 1568/1566/1167 1595/1587/1170 1596/1588/1170
f 1596/1588/1170 1595/1587/1170 1597/1589/1171
f 1596/1588/1170 1597/1589/1171 1598/1590/1171
f 1598/1590/1171 1597/1589/1171 1599/1591/1172
f 1598/1590/1171 1599/1591/1172 1600/1592/1173
f 1600/1592/1173 1599/1591/1172 1601/1593/1174
f 1600/1592/1173 1601/1593/1174 1602/1594/1174
f 1454/1454/1142 1453/1453/1142 1603/1595/1175
f 1454/1454/1142 1603/1595/1175 1604/1596/1175
f 1604/1596/1175 1603/1595/1175 1605/1597/1176
f 1604/1596/1175 1605/1597/1176 1606/1598/1176
f 1606/1598/1176 1605/1597/1176 1607/1599/1177
f 1606/1598/1176 1607/1599/1177 1608/1600/1178
f 1608/1600/1178 1607/1599/1177 1452/1452/1141
f 1608/1600/1178 1452/1452/1141 1451/1451/1141
f 1560/1558/1165 1559/1557/1164 1609/1601/1179
f 1560/1558/1165 1609/1601/1179 1610/1602/1180
f 1610/1602/1180 1609/1601/1179 1611/1603/1181
f 1610/1602/1180 1611/1603/1181 1612/1604/1182
f 1612/1604/1182 1611/1603/1181 1613/1605/1183
f 1612/1604/1182 1613/1605/1183 1614/1606/1184
f 1614/1606/1184 1613/1605/1183 1534/1534/1161
f 1614/1606/1184 1534/1534/1161 1533/1533/1160
f 1492/1492/1153 1491/1491/1152 1615/1607/1185
f 1492/1492/1153 1615/1607/1185 1616/1608/1186
f 1616/1608/1186 1615/1607/1185 1617/1609/1187
f 1616/1608/1186 1617/1609/1187 1618/1610/1188
f 1618/1610/1188 1617/1609/1187 1619/1611/1189
f 1618/1610/1188 1619/1611/1189 1620/1612/1190
f 1620/1612/1190 1619/1611/1189 1518/1518/1158
f 1620/1612/1190 1518/1518/1158 1517/1517/1157
f 1602/1594/1174 1601/1593/1174 1446/1446/1139
f 1602/1594/1174 1446/1446/1139 1445/1445/1139
s 0
f 1621/1613/1166 1561/1559/1166 1564/1562/1166
f 1561/1559/1166 1621/1613/1166 1590/1582/1166
f 1590/1582/1166 1621/1613/1166 1622/1614/1166
f 1590/1582/1166 1622/1614/1166 1623/1615/1166
f 1590/1582/1166 1623/1615/1166 1624/1616/1166
f 1590/1582/1166 1624/1616/1166 1625/1617/1166
f 1627/1618/1166 1591/1583/1166 1626/1619/1166
f 1591/1583/1166 1627/1618/1166 1562/1560/1166
f 1562/1560/1166 1627/1618/1166 1628/1620/1166
f 1562/1560/1166 1628/1620/1166 1629/1621/1166
f 1562/1560/1166 1629/1621/1166 1630/1622/1166
f 1562/1560/1166 1630/1622/1166 1563/1561/1166
f 1631/1623/1162 1536/1536/1162 1584/1578/1162
f 1536/1536/1162 1631/1623/1162 1537/1537/1162
f 1537/1537/1162 1631/1623/1162 1632/1624/1162
f 1537/1537/1162 1632/1624/1162 1633/1625/1162
f 1537/1537/1162 1633/1625/1162 1634/1626/1162
f 1537/1537/1162 1634/1626/1162 1635/1627/1162
f 1636/1628/1159 1520/1520/1159 1583/1577/1159
f 1520/1520/1159 1636/1628/1159 1521/1521/1159
f 1521/1521/1159 1636/1628/1159 1637/1629/1159
f 1521/1521/1159 1637/1629/1159 1638/1630/1159
f 1521/1521/1159 1638/1630/1159 1639/1631/1159
f 1521/1521/1159 1639/1631/1159 1640/1632/1159
f 1522/1522/1159 1582/1576/1159 1519/1519/1159
f 1582/1576/1159 1522/1522/1159 1645/1633/1159
f 1645/1633/1159 1522/1522/1159 1644/1634/1159
f 1644/1634/1159 1522/1522/1159 1643/1635/1159
f 1643/1635/1159 1522/1522/1159 1642/1636/1159
f 1642/1636/1159 1522/1522/1159 1641/1637/1159
f 1538/1538/1162 1577/1573/1162 1535/1535/1162
f 1577/1573/1162 1538/1538/1162 1650/1638/1162
f 1650/1638/1162 1538/1538/1162 1649/1639/1162
f 1649/1639/1162 1538/1538/1162 1648/1640/1162
f 1648/1640/1162 1538/1538/1162 1647/1641/1162
f 1647/1641/1162 1538/1538/1162 1646/1642/1162
f 1592/1584/1168 1571/1569/1168 1570/1568/1168
f 1571/1569/1168 1592/1584/1168 1655/1643/1168
f 1655/1643/1168 1592/1584/1168 1654/1644/1168
f 1654/1644/1168 1592/1584/1168 1653/1645/1168
f 1653/1645/1168 1592/1584/1168 1652/1646/1168
f 1652/1646/1168 1592/1584/1168 1651/1647/1168
f 1569/1567/1168 1660/1648/1168 1589/1581/1168
f 1660/1648/1168 1569/1567/1168 1659/1649/1168
f 1659/1649/1168 1569/1567/1168 1658/1650/1168
f 1658/1650/1168 1569/1567/1168 1657/1651/1168
f 1657/1651/1168 1569/1567/1168 1656/1652/1168
f 1656/1652/1168 1569/1567/1168 1572/1570/1168
