ruta,sha256,bytes,guid
Asset List Bodega.meta,cb3d6e9689a2124081561b6d29c8fdbce8d9a126c95469e2de0f3c13f1a3096c,172,f79c07edfff17194abfc6e57ae9895f8
Asset List Bodega/LaberintoBodega.prefab,876185a1abbefa0ab8bff142f288d95c21cd038e2bcf8fc6ae3b01a98b9a604f,707603,
Asset List Bodega/LaberintoBodega.prefab.meta,59c84c5c56aa20b1c8cb532f30b9ec89fbe4ede8f122f079df22f084687a5c1d,154,ee0dd5c26fb7a9d4c8156811628cb9e4
Asset List Bodega/M_Locker.mat,835a3825ad4136856c626d9d48e5c786bf4bccfb368fefb661bc5c8d692f7ef5,2215,
Asset List Bodega/M_Locker.mat.meta,cea29ba73b0cddff20346bd8c5ce8a1b452782ec60f750944ca2ed6bef1d55fd,188,e4e414bb0ad8f1547ad25c35602d9800
Asset List Cafetería.meta,607d0e0db56fb83216b3735fc71ce6d308320799fc078d71a3272e3b9b9ebe49,172,cdaabc320caf36b4eac9734aa651bfa6
Asset List Cafetería/Atril.fbx,fdeb7835d67bd29d5ab8f07e4553b6c8324e7c30f904641e3d3f34ad7b03b33d,61212,
Asset List Cafetería/Atril.fbx.meta,b91dd4dd758ddb8d53fc43eedb2f8743b8c88154b4ddfb41b5165a249c5d3005,2830,9eef55e83de62fc49af2ed9f7eb6b05f
Asset List Cafetería/AtrilPOS.fbx,5ccfd708a1a52fb3eb3264255d41091adc7687c32736e905959637e3a4a062c0,42204,
Asset List Cafetería/AtrilPOS.fbx.meta,adc5b8c2b65bec0384b5410245e22e62399f1446dfd3e02e2b3565ef349725f0,2830,84079e7a326b1ed4d969b1511d012e4c
Asset List Cafetería/Bandeja.fbx,a22dfd23cc6c7a75c02d383177e518b0038660be0a95016388eb3beeb29aa995,49996,
Asset List Cafetería/Bandeja.fbx.meta,0fe1b9eae02186f7024769f66dcc44fa9c415d111178aa94956280d4cca60516,2830,2c84d140cba50724ca9a346c22adf5a0
Asset List Cafetería/Cafetera.fbx,c35841610d8a599bead2cdea7ccc0c09bec30ccbb24a99dc5dbed8b83dfc7b4e,6537180,
Asset List Cafetería/Cafetera.fbx.meta,2ceea7d3f37e48d23dc8d1826778c7ff91a18f5ca0f127b1fe2b7051a783abca,2830,940ad46fe797d444e839e2bc8631e5d0
Asset List Cafetería/CafeteraEmpl.fbx,688c316ea85cf97aed1894089a9b88f43734a4cc3ccfa2bb40fab0a04a071c6f,251404,
Asset List Cafetería/CafeteraEmpl.fbx.meta,82be125807ba3bf99d0c9f169a738adebbbf9d91b6d10b432ea483276f064d75,2830,c85e3c0b3d04c764dafa97561e41ed3c
Asset List Cafetería/CajaRegistradora.fbx,855296edf4b81e5ed5cf52f30fd98f294367e78f53a7f77b6ef839aa75ba0f8b,241500,
Asset List Cafetería/CajaRegistradora.fbx.meta,b676197adfe19dd9770c630fc4cb8f605769f8e482f9d7d59cceebfe7d73dac8,2830,f3866dfc3ac951b488d32b2bb1b0716c
Asset List Cafetería/CanastaRuedas.fbx,4bdeac899b5b749dedfe4a2f26e8803c1ad6276760210042118733465b83364e,183324,
Asset List Cafetería/CanastaRuedas.fbx.meta,cdafabf27f905c9e5214071a5615fd4fc491553f6082b18e6c36a7fb8dc6a49e,2830,4406f4d91f0f74e40b7cd6804c4508e8
Asset List Cafetería/Caneca1.fbx,4c9e13d19985fb73c845554e312487ef25735ca72b51e1de0083f7d92520ee61,201052,
Asset List Cafetería/Caneca1.fbx.meta,5e4e22a2592d8195b0689fb35dfed12267e93f41c1e6ec8f8666cbdeb3380516,2830,02d26bedd3f70fe4ca8a2eb0624c8ad6
Asset List Cafetería/Caneca2.fbx,b71bd9cfdb5a632cc8105fff50ecf10049050b40adab95958f2e329d66edeb55,84044,
Asset List Cafetería/Caneca2.fbx.meta,298ceb1592f96fca165967e19b000ba257709e3991cff48415c364a7d02effaf,2830,3edd2843876655d4db1aa1b8fd56ba85
Asset List Cafetería/Carrito.fbx,8542d96e56571f06f0a5888aece6d75a14f08590a81eafa8761de90d17a7653c,4184796,
Asset List Cafetería/Carrito.fbx.meta,9aa3d440e02a9ffc11b51a8979ffaa98c7e5e19495f59b22d094e5c014843c75,2830,5e17208e70dd3b94ca1056af7b7f1922
Asset List Cafetería/Closet.fbx,81469e1a8b456a9404911f2cc1d5a459d3edefdf6b9cab6c307c3e52da85288e,395228,
Asset List Cafetería/Closet.fbx.meta,e4576eae173aca791dbb8ec59444142357de20d53b53d71074e92316b9ee56ae,2830,4fe654ec3e331a0499713ff329efd56c
Asset List Cafetería/DispensadorAgua.fbx,28afb3d80714065adbd37c8c71ec146d5dcf348ca26ca277dc47206d58d06a76,2394588,
Asset List Cafetería/DispensadorAgua.fbx.meta,3a3656f3629e1e3d6008d727dad9acda4eebbd074fda76fefa181a6ecd7d33d3,2830,466253b46ad2fd44d9930f1c40150581
Asset List Cafetería/DispensadorPapel.fbx,a418ec9c2f06bcdadc9f4d88d73e790e903dfc9106558882d3f051eb20722f8f,82988,
Asset List Cafetería/DispensadorPapel.fbx.meta,dd4879a2fca3480ed32aba5aa81aa39a0c70cd5bac2eb42b1abf583d571f21ab,2830,0318ba84e2c7e10469029459b8b8d77a
Asset List Cafetería/Estantes.fbx,e6229aaaeec3136ddd65940d9dcdbc3a5fe03f1c3a006d4e2300482959e41716,5589372,
Asset List Cafetería/Estantes.fbx.meta,f45c384e39eaf2038c34081173e01cb9e6b4dea307f7656b638742fff2aaa216,2830,4fde27a22e79f2f4b9ef5fe056165eb9
Asset List Cafetería/Estantes2.fbx,5e873ee7ff158b2063ebb1f41ca5d09996ca64588312693460f297eea399217e,735868,
Asset List Cafetería/Estantes2.fbx.meta,3aafe5d1588432bb87b2ad110029dff746cc3bb0b0b9aa2319ce520e0bdd2b28,2830,a89add521c8878144bb07bea20df8d6b
Asset List Cafetería/Estantes3.fbx,b3974aed133d7a7bd9dd5e4117d01cc08b70e0049c01b56e3203030183f7afdf,37004,
Asset List Cafetería/Estantes3.fbx.meta,e1beb11e3242dfc10129b8a3b04528673216df0e5d3f63f3acfb9037064565ab,2830,b3cc88aacfdea9848a05006a2b58b46a
Asset List Cafetería/Grifo.fbx,2090af05351ef71f652a964f270d15d3f84053592cd103dc8d65acf969a035f0,4287132,
Asset List Cafetería/Grifo.fbx.meta,a84bbba19f94b4f7c484c6d803bd96722f4f5fea90cecc1a1c3d93eeb13827e1,2830,06878e795d6123b4f8e8183a5ff53c9f
Asset List Cafetería/Jabon.fbx,dc3c48d17fe43e126db0f5a74db72d3dd007de12e6439458843a7282771ec3cc,104924,
Asset List Cafetería/Jabon.fbx.meta,c203cafbf57866db21a7855747a167bfab7ba5fa77802cff6491484bacffae16,2830,e35119b3e74116340acd2a12aa0cceb6
Asset List Cafetería/Lockers.fbx,f0591b82825131e0ff194810788e4b475135da156e545e8b7e5bc1aad9130bd0,77340,
Asset List Cafetería/Lockers.fbx.meta,ab6e108a616b00ca3755d703c5f0d730caff7f0f9fb1194e62edd56fdb58dc7a,2830,1dba8e387f8a5414ab6b2db0e37c3b3a
Asset List Cafetería/MSilla.mat,a8e4a2176696921d8bf6978a635f3f255bf481d546767b52b15fb7bf3d6a4250,2235,
Asset List Cafetería/MSilla.mat.meta,e6c9f9505420a596a6e10e201cadce86b81fd124876820cfd4fa2e04a61e4846,188,63eeb2f3fe1aa4448a8ef7f7282a1916
Asset List Cafetería/Mesa1.fbx,a7088d49901d796cd3a3cea909e051f0bbb90be117ade47641f90574650809bb,33692,
Asset List Cafetería/Mesa1.fbx.meta,995a03b4a9ae21325b67bb00d183752de664742c64fc2f99657535d1fa6e6b22,2830,1714a36fda861c84da1b7c59ec065466
Asset List Cafetería/MesaEmpl.fbx,500c52099cbc37be11f81997c950703cec03ba683887e78c46effb123c4caa07,52652,
Asset List Cafetería/MesaEmpl.fbx.meta,b9231cc96dcc3e57bdd3c338a8ef245c0b77635d5af5b2abd9962db019d12ed8,2830,b04833b4bef0e47458a6f399e8d3233f
Asset List Cafetería/MesaPlegable.fbx,bbeb9f14a8abc7bc62a132679a54f7ff2131721b1064f031c699b6dcdbb1cbad,215692,
Asset List Cafetería/MesaPlegable.fbx.meta,b50b0dbe343c76ced2ff83a9d2a4d4ec98663a2ab3ce4d19ed1e8d30201c0a05,2830,072122f36fdcf9349a23e9b842938ea6
Asset List Cafetería/MiniBar.fbx,b234117995e36bfad05c6332de7ea04cf9d768bae7e147fa6043639e92331e23,9641036,
Asset List Cafetería/MiniBar.fbx.meta,a4cd7a0387b08520e8125589c05d3aa909dc16a029655e8a7e317dbbc1c90076,2830,36d6cc7a4bc872646bc940dff903079d
Asset List Cafetería/Neveras.fbx,8c51ea8610de0e02af52e4b4afe5335098eaf92bb372de091912895db7cd9088,488508,
Asset List Cafetería/Neveras.fbx.meta,3a941f8b76bfe8131338dca8819e04dc3821f84d2b74abf5963277bdd12e91b6,2830,bd3b0ffec2785c3459569b3e99b8acec
Asset List Cafetería/New Material.mat,fece3bb13e8ea65fcd4a1e44591f762e19cd62bc3aa8c2fdb8476fd053cb1684,2241,
Asset List Cafetería/New Material.mat.meta,a23aa4e61bb07e487ce7ff622d03eb67b19bf79a2db9db132eed97a0b615c4f5,188,4253d12fcecc3564ead6e88d8225b660
Asset List Cafetería/POS.fbx,a68d392a777d563370fb582f53da9bd11d026e947add75baeaf559bae57c9faa,7493356,
Asset List Cafetería/POS.fbx.meta,ca485f402beb4e646463e38964556be250228d201d505266575500c507cbcb2b,2830,4845b75acc569244daabd48584a7cbe9
Asset List Cafetería/PapelDeBaño.fbx,bb3ef513bca1cbb23648889f716ebdd1c7dd954e2b3ac477a8cce635b6c54b61,114460,
Asset List Cafetería/PapelDeBaño.fbx.meta,1f911ae81706ebc49e0b4feebe2e07b781a982dc14b85b3874ac689bfd85447e,2830,f821c769343b54f46b8d45d7b3c3f071
Asset List Cafetería/Pocillo.fbx,d1a6a86fa8e54e11e70dd524aa5b09f6fa9e6b62bedcf9fca4ab6548a90853fa,177196,
Asset List Cafetería/Pocillo.fbx.meta,5007b820070f2810b74ffb8ad434e7bd037003cf82a28b40e072767e69a8862b,2830,544e39dfc7cccef4abe0e25ecb6cd47f
Asset List Cafetería/Rat.fbx,4b1e35545be29e6eb6fa8e639b958aaba19b573e37ddc7bbaa0edf3874023b3c,459132,
Asset List Cafetería/Rat.fbx.meta,6d360813b8e4c30763c1bf21633d60b9dbb9c55bad1a1919ccb0ca96a01df365,2830,b06db904fc126d94286c444d0d74991b
Asset List Cafetería/SalYPimienta.fbx,baca9270d473c1f4eba6057c113f152acc276e9a4cd1e18390baf12103cc057b,222716,
Asset List Cafetería/SalYPimienta.fbx.meta,13ee285e76860ee42d9c1f48d322737c9f0df4a47e4eed659b80e22e9e5225ef,2830,75f663517823093419c4914819d8b5d0
Asset List Cafetería/Sanitario.fbx,3f84ab0e541dc4cec712d0e63b3a78ade053b3ff8db1ecab2db8866b2e117a9b,477100,
Asset List Cafetería/Sanitario.fbx.meta,c7dfd38a249ca904336d4b601ef001e23b9a9a07d8631fae58300028c1c0d377,2830,afecd7a88d77c67449ab8d57bb028935
Asset List Cafetería/Secador.fbx,da6677df1cca157632ad411c5b19d9d6316c514af48186c58525121153e9d308,53036,
Asset List Cafetería/Secador.fbx.meta,89bb6afc9c94e4a0c5e0bb1588178e5bfbc84982fd0e6b1144153c64cd2c0423,2830,595ccd0e7bcd3d640898cdf738a3053b
Asset List Cafetería/Servilletas.fbx,a04ca462b5722c59b24c763e53a6a96ecfc105f672a3f7a780718db58a50f8aa,56684,
Asset List Cafetería/Servilletas.fbx.meta,939814aa35ad06f61f6e74b6eb023bd08b856fe8952afcb8cbd51324bfad54d5,2830,48b8208a529706d48898c6f0733b2cd9
Asset List Cafetería/Silla.obj,b2f402c6e6b8a1e8352264b14fb1e4674364506444fc464edd11ccab75b8ce6f,229387,
Asset List Cafetería/Silla.obj.meta,fe195bb6c19ad454b47842ebf777098be57140fccfa18b89877be763e48fb0f4,2830,b24ab9b869d01ac47b1d518a8b4cc7b7
Asset List Cafetería/SillaEmpl.fbx,c02231cc3ef970f943e0b8d020fe9a3691b09e277244bb8a98956ca288ae1ca6,224284,
Asset List Cafetería/SillaEmpl.fbx.meta,9dad47b010380770a94d1849b2c2d7ae33423a89f78fc6773b3c0efd0521ef57,2830,26b004a66feef794daadb08a734131d7
Asset List Cafetería/Silla_Madera.jpg,9746a6a30600c26423b4109cea57cff8a4ef32a79e284996c28eed5a26911093,710910,
Asset List Cafetería/Silla_Madera.jpg.meta,abdf85ac02db13fcdcdf93d01cea86d849b460f8bb8636e9e04de7c9f1415d2c,2591,234572784e09f594f9ddd194b48326a7
Asset List Cafetería/SoporteTarjetas.fbx,43f651445231cdb42acff54d4d0bda4f1a1369719611add2c410ce8084665541,331020,
Asset List Cafetería/SoporteTarjetas.fbx.meta,2ac22efb1dcd5de110e504cf309766ac38387421cfc2bbb073593a50839ae2aa,2830,35eeee704f2a524419e0eca161bdd02a
Asset List Cafetería/ToallasF.fbx,ad6fe72399f21a858672296fa5b3b7ec58b733b94d79b95f353d628d420f1892,715788,
Asset List Cafetería/ToallasF.fbx.meta,fbdac13a3ac7938859f347a2e28e8caeaa7ab231f62b9e2e8b588a08abcf3625,2830,03419502734d9e94da8a341d1b2894f8
Asset List Cafetería/Trono.fbx,06f8b55b9130fc76e2e9a2223f9ed7ec85bb0541482b212b1e1be58ae5885f8c,193420,
Asset List Cafetería/Trono.fbx.meta,74db795bb3640906e180f7b07ef63754fa6c85ed61b591fe99088b61386b04d9,2830,b68f820beb8cdd64e997121f312e81db
Asset List Cafetería/Unknown.jpg,d6ff8528f77d56c85ae88013d79c036b91e075736fc5b68546d1598f0abb4e97,703435,
Asset List Cafetería/Unknown.jpg.meta,79d79a9b770c691ffbf7d0df355e41651ea9f012dd4eaf64d891dbdb94ea3351,2591,f042807158d2b90429ad8d630ad24ead
Asset List Cafetería/VM1.fbx,bd961a54a7d64589714e375822905341136c82e6427a0c72e52e4cdc05c16456,6929900,
Asset List Cafetería/VM1.fbx.meta,05897fd0faccbb5bfb92690b3a687a3b1d47fdbbce0e7a225e10303319903ca0,2830,c7e4abc3489fa9644874da1e22b6a97f
Asset List Cafetería/VM2.fbx,49e791881e2e1067ce6cc6c2b41d5bf79c591ff8dc461c5201de905a118ea4d5,1166444,
Asset List Cafetería/VM2.fbx.meta,acb4b3ddb719b9fdc240775dade9a741c80d96b9ca4648438cb1b79c2ed1b47d,2830,1aea415e42aef5e48b19d4e40536250f
Asset List Cafetería/banco.fbx,a60d8447ec0f28cdf723029ef7ad7b14826d382baa6c450417961bde4759da1e,255676,
Asset List Cafetería/banco.fbx.meta,cda083568b478cefd1d4311d4f525445c8b1dc73a9787a79cf1f2062cd1b3fcb,2830,9e0cd285de20b2b4b92437158b298960
Asset List Cafetería/laptop.fbx,b31405fba194d96e64643dd1ded41d21445c4992bc5dafa12119743c7ea3cf29,67132,
Asset List Cafetería/laptop.fbx.meta,f4616542b47928be8bd164418404a6566156dcb58e022e473a8ba8f59f41b190,2830,741773ce55609494f81a3f94c6e1dc1c
Asset List Cafetería/menuCafes.fbx,262e27eab74b7bdecb12b7f553ed7b77c69c6b7a48b0ec539e767817bdbc46ed,597644,
Asset List Cafetería/menuCafes.fbx.meta,64669d8c0d4612b548e0cdbb5dcc5ce7cd5c04e2615f5e37fccb1c2bf335610a,2830,9d910e619d49dda498ec4b7a2d549b70
Asset List Escondite.meta,6f28c8a3dbd18b39e010ff5df3176e8f556657f267a93f243fad4983eed2f02a,172,cf840407a76acf64da8f9f16ce058815
Asset List Escondite/EsconditeJavier.prefab,f2010f42c3544dabf092f97535128cd4d40a0971881812e18eb790a1d177e88a,296876,
Asset List Escondite/EsconditeJavier.prefab.meta,594c7ed8817c6303eb615711292ae7e93352e89b9810511c1999c56c7d7a953d,154,06b058288c06571429d75cd51b47d52d
Asset List Escondite/ExtraRecep.fbx,fa3da1819d6bbd6abd017b4e6a6e182837080e8db25eb4b784c3f7311bbe03df,1521980,
Asset List Escondite/ExtraRecep.fbx.meta,e3f6b84aeb526cff0612f3c04808bee872ffc45d13f9849be0e04bd49db4115f,2830,e170c5feec5773f4e9a6706ff0370df7
Asset List Escondite/Laptop.fbx,50689244949ffae19e6f3a21a5723569b19c90b4b0f7f7fa77eb8924f73a32f6,272844,
Asset List Escondite/Laptop.fbx.meta,11a98b136ecd10f5a6f27a4edd8a5dd524a3bdd01bb0f36b08411cc193a50f4f,2830,fdf91fb1e45ce884aa239e2ea118319e
Asset List Escondite/Recepción.fbx,638ab4daac721964859ffefc67c66891f2f2b4477ff073b783c9737a2e9f1ce5,1511292,
Asset List Escondite/Recepción.fbx.meta,9e590c13f79abd695d337d66cd2595f3c0bb25a83819297b1661ee21988aab70,2830,26155475d852b0c429c2d7cd63c3a890
Asset List Oficina.meta,230f48761a179d6a872caaf0b70a3fe01e9eac9a2926c12bc77e9fab939719b2,172,4fa27ba9ff20f6848b703644e97af8ff
Asset List Oficina/LaberintoOficina.prefab,388eb9a094e1e9f8f2f569b8ad316ceb4ca6da4c45eb8ca1eee6726806196ef6,170996,
Asset List Oficina/LaberintoOficina.prefab.meta,29d0d0c5f393d5ba6796098968b37ae7d58f2aeeeeaf59a7031cfc4e4e9b7c77,154,6265bdba8581d1047ae51c6aac04d4d6
Asset List Oficina/M_muñeco.mat,98eb0676a850188d170a44c7504c3a8ec173f57dff4b2ae1e0e55916ae97326f,2386,
Asset List Oficina/M_muñeco.mat.meta,cb0b9346c70f8d7aec685429afb812f4ba8c6c93ff7aed042e784c76062e9278,188,b9001ea1bc90be24b981b556598a686e
Asset List Oficina/Meshy_AI_Dwight_Bobblehead_1005003727_texture.fbx,8e1458935d84a1c7fb6d522c9c5aba55fa3fbc167d1d53abdc479e0a96469e74,7693548,
Asset List Oficina/Meshy_AI_Dwight_Bobblehead_1005003727_texture.fbx.meta,f8bd7c8c103a075c9a49891889e63b74f436c9ce7d1d602a3f9295da92600758,2830,62800dc36810d484183f787b834bf16e
Asset List Oficina/Meshy_AI_Dwight_Bobblehead_1005003727_texture.png,1101f30e0077433a6ba6b68d3f8dab2044cd82a98c7b8ed76089a0284dbdbd07,3039593,
Asset List Oficina/Meshy_AI_Dwight_Bobblehead_1005003727_texture.png.meta,93882f5322bdc540f1cb9fd4e5f6eac389508c67f2506e6e760d324698bcc702,2591,efe7968944b723f4bac6da1fd1fce5df
Asset List Oficina/Meshy_AI_Dwight_Bobblehead_1005003727_texture_metallic.png,b5c4f25f23245025528343ed59c840d4c17b29f4279c5cef80df568ed8838695,162714,
Asset List Oficina/Meshy_AI_Dwight_Bobblehead_1005003727_texture_metallic.png.meta,dbad23548dac197d04992ca6542383be57bba672d50b49503c87c315c4cbbaf1,2591,afc70cce82406604ea4c769ad532b958
Asset List Oficina/Meshy_AI_Dwight_Bobblehead_1005003727_texture_normal.png,09c944e61abb8ee176cf58b8ec43a05dd8fc6dcd9eee48bd3a6d6807070ea424,2287046,
Asset List Oficina/Meshy_AI_Dwight_Bobblehead_1005003727_texture_normal.png.meta,03c30f69ee9eeda1bfd02efbcadce37f0930b2937a759600dd03dc81a46c4db8,2591,b55a59ac83d1d2b458491d58e3f5c383
Asset List Oficina/Oficina 2.prefab,7678983589241ebe1c51c9e7474842037ff14f83c42b960d7155b7465a6c00b8,36561,
Asset List Oficina/Oficina 2.prefab.meta,86cddc8ded36bfd6142fb7aa5210b4bdb1cd476c37f6a94177ab7dbcc4bd1b35,154,ed9567176ceea1f4b98e696632c4c9a0
Asset List Oficina/Oficina Betty.prefab,1b2ab5419f4434fdb5960e3f637c73715cecb4c3a58816dbabeea74a239e3459,40778,
Asset List Oficina/Oficina Betty.prefab.meta,2bf6c05ce8433a1115b23547b00b30f89dec7e6f477cd238ad14c5a2c40eb81d,154,c263cc77621da3f4db47e637851c4d1c
Asset List Oficina/Oficina Jefe.prefab,4eb9be448c0ef3ac7baae42164b067cb8e62b5675f0e1e96e3c3f545b3f0388e,65370,
Asset List Oficina/Oficina Jefe.prefab.meta,4326ed4193b0a6c327021975ed431c99dc9c6b976399f235fc124efc117210c2,154,84458d499ef4c2545a1c94d0bdf0a38d
Asset List Oficina/OficinaPasillo.prefab,9b7d7205647c24317bb83b19b67ef0190bb076cb84d490a6f44fdf29e922ebf1,107003,
Asset List Oficina/OficinaPasillo.prefab.meta,d17c2edee0cfc590da76cc4ad4e17be7c5e980f4dba9c84028cd9f3ff6e5f5ca,154,8b71448fe707d1c4f9ce69c62067be92
Asset List Oficina/Oficna.prefab,0be4373a2d924e71d6f4c3524f2d4cfe76f731bd1d2e9932aad5f93b9aa23f4b,50504,
Asset List Oficina/Oficna.prefab.meta,d26ff61f9d3e09eab4d7657a545c094c1ce4686b89617af7da8ccbbd50c98e0e,154,a7da2decddd8a8645ac4eb6118c9f4e2
Asset List Oficina/SalaConferencia.prefab,d2be43092c1a825874af8f084365a6c5759f4d2d817cc69bbc1ae734811bd3cd,17878,
Asset List Oficina/SalaConferencia.prefab.meta,cb826bbc13d70035006a503ccbafeb9e3c2adc1c87d6d3118eb31ce7f709ec87,154,fb2e78b83731fb948baf067dc516830f
Asset List Oficina/The Office.prefab,77bb84cca74a838e4240b19a9f4852976a085a2c6f517f27eb87a8e1b705440e,69456,
Asset List Oficina/The Office.prefab.meta,49c025a87203c7f28ec1c9961a2bd3933d9dd0b108b635927b783b62b6eb029c,154,0f3d4bc67405fae46aec6db38f2c9ba9
Asset list Museo.meta,897f1824983c24469552793667759f25f24fdc313d74b0eb405900e4c88bf3fd,172,519cf471156a86a409b5fa37e12f534b
Asset list Museo/Armario2.fbx,79786c2349ca0af4a80f7291944b80100bc7d1e19f3d3fe53768108ce81a344f,14437212,
Asset list Museo/Armario2.fbx.meta,5ca17c16cadd5208dfb212410a8f8993728d255b9c0beeac1c1733c5cacbd706,2830,289c6000c4b01d4488d80e945d4c1a45
Asset list Museo/Armario3.fbx,abc36d4efc260167f602aa81383025efa5ccff17249698f27a41ba97023cbcf6,32338700,
Asset list Museo/Armario3.fbx.meta,70bd36e85eb360f680e2555f4ede11e062d24b5d4cd2a701bd29ec33055ad914,2830,0e97ea555ff51054987282e657474529
Asset list Museo/Armario4.fbx,6a6258d48e023f3c7ef83e865882cbe0d19a2aec603cfb62df534c6c9ee778e4,2809836,
Asset list Museo/Armario4.fbx.meta,036682a17786df693a8f212601a399c121c9878ade6d77d3b70b9034ecba043e,2830,370efc217ee7cf44e9e40c14b577b06f
Asset list Museo/Armario5.fbx,88f7372512ce6b02c058134c599e145f43240c7436a83f5b8388f86e82759d89,1561628,
Asset list Museo/Armario5.fbx.meta,503a1d497cd98ee3e2bcd7f8d2cd9c900ec3849501e4d5a8eab3c63cd18976f0,2830,ee8e4257c901c264098c11d0a3dc8332
Asset list Museo/Armario6.fbx,79e3b1aee9b739beb4d26d1e2f9c6f69cb128ad278fd12a94af1084ca310d1ef,124012,
Asset list Museo/Armario6.fbx.meta,a1746e45d3947a5eb26eed7628bec3ee9e6b861cde69a09ef02ded3d851e1f25,2830,780e99dce66bd0e4a9020c58f205f485
Asset list Museo/ArmarioRopa.fbx,75cfddc2de544a1d06d800375eb7a648578ecdb8c1b828e8038d3a5000b715e5,19691900,
Asset list Museo/ArmarioRopa.fbx.meta,394725066eb2a6a222668a40fcadfe41e5ed78e3161ceb8a87e80d8b5186617d,2830,fd790ec24a7ec0b4d878996e38418713
Asset list Museo/CajaRegistradora.fbx,a66486d42c9e00c992c3d91e9b94034991d6f5299e481d9391f9fe49959b0cd7,54700,
Asset list Museo/CajaRegistradora.fbx.meta,2eb1fa1ea5ea70da23b584d289cf0fcc1289d322b7632d2c0f78c02775da2353,2830,1766b015f492b5d4186cc8991c367eae
Asset list Museo/CamaraCine.fbx,1ca03510cdc28480f7724797e9e484ef2f5635d2a3eb9abfb30cc339778f0db0,732828,
Asset list Museo/CamaraCine.fbx.meta,33ce5166d62910ec4147b69756e44ee52f44b67c7207d464a2fdf5e84b58fef4,2830,ad60c1224e4b41343b2f3e06e7bab55f
Asset list Museo/Carrito2.fbx,404222ae712a3abc5a0a27f986db669904ae7e1c6073133e3c8b9491b0222183,1246172,
Asset list Museo/Carrito2.fbx.meta,8322433a9847b93d558a487fa9e3c7da6f098191fd0b4c86aa9aee94ad5457ec,2830,47d18b4e30f6f38418a39b895065fdba
Asset list Museo/CarritoPalomitas.fbx,a4fc248dda7094e5b2bb555e9c81e6dd4b697d26d32b59137094011d350c5401,5782860,
Asset list Museo/CarritoPalomitas.fbx.meta,c23d805e98579ce2698ab4b253dff5418b277d996bdc31f03f123bce79fd1fc9,2830,43b6c3edcc908104a902e9600b6ac8a6
Asset list Museo/CuadroHori.fbx,73a23dbe0dfad468f447b71801792e3072f7dcba80eade0f5f476eee17ad9873,34428,
Asset list Museo/CuadroHori.fbx.meta,e9ad7c190d0e06588cfc6c797b0ae6073a3a3c6084c3bc7e6fe3d1d883bcc4bc,2830,6f48032547159174d99172ba4c6bc243
Asset list Museo/CuadroVert.fbx,04cc5d7d27e455afc2b4eae20ebe824d8880cf4034643339997764c8666d51d3,25068,
Asset list Museo/CuadroVert.fbx.meta,fce6317e7456455a81d992729eaaf26d0f09b52119db9076062ffc8d202c4417,2830,890fece452e523b4cb90e58de54faeb8
Asset list Museo/Escoba.fbx,064a7beaadf7c9b118c50d99462b09e41742251a4a6d9fd57483d20303b3987a,29260,
Asset list Museo/Escoba.fbx.meta,d01db36774aee63c6e772cb00aa0cc3683438b830a186c5f941347316603100e,2830,feec6ab198311554aaaa3129b77b887c
Asset list Museo/Maniqui1.fbx,d1ab181cf1ef31164b3edc0b191581f2e426734e40e69184fb2c1a10b5d0b4c1,23822172,
Asset list Museo/Maniqui1.fbx.meta,d4147d1180e0fb0c65a34a224512d725b89d004a71c6aa2c9e2e059dd0bb6465,2830,c877d47d0ed37fa468c15fbef2ab4fa7
Asset list Museo/Maniqui2.fbx,9ab4d28fa8ee11533a0631ebc31904f612abbf83a52d0098aaccc9edd8de9d2c,3266140,
Asset list Museo/Maniqui2.fbx.meta,c6afea46505aeb1d288538ccd5a558d1d0c4e320403fc7058b36e8bf06166a15,2830,853e1a3baf453fa429677720bd1a9832
Asset list Museo/Maniqui3.fbx,f54fa8deb71a91a492e7ab76ccf909488c689b663b7c6f2f2d49b8da0f410538,31631868,
Asset list Museo/Maniqui3.fbx.meta,81f7a70cdbed1ba3a439ffdc231e3951e0b017ebec1ca949e02fa857dad6154a,2830,ba765daa6a6d8734ca2ac8d16dcc9325
Asset list Museo/Maniqui4.fbx,ce3e65a530c4c3b164aba64391b13db0493dc13af2ee34389a7dc431a6857deb,43721484,
Asset list Museo/Maniqui4.fbx.meta,26f28922d919fdfd31cc054a10528716afaa2636c80313571ea184ec175d8d5e,2830,05d5e15f7e85bab48a30c434ac15f9ac
Asset list Museo/Maniqui5.fbx,c25899be60d34645426864865c792f46fc7cc9710ca0c6eec04132e4d54a5583,15276236,
Asset list Museo/Maniqui5.fbx.meta,1597c8da013afb8dbf82e7b0cc60bc0d7b735113da21288131752460c9136302,2830,6e6cad414d4fd9341b000a630f0aec3c
Asset list Museo/Maniqui6.fbx,63773e9b0e70b6c679d9c3f26ef7d0a368a602bec5a98a99a314ffcea4a8c67e,27892844,
Asset list Museo/Maniqui6.fbx.meta,a659ac4222cc139040f1a35ded5b594da4f687128150199619f7af59ee98377d,2830,443ebcdb25ffaea43b791a3231c42979
Asset list Museo/ManiquiRopa.fbx,5c10984cf5dc0716b6793abb76b7c7837922960f732d17787c791aeeb23d15e4,234700,
Asset list Museo/ManiquiRopa.fbx.meta,09dde3ef7d4dfa935a4bd11ec28fb97138eb54bdc1d56c379ee36176aafc0b83,2830,daa306533937b7a43b45a739a0aa9b46
Asset list Museo/PilaRopa.fbx,f6a4cde98e75657ff66131d0a7290e7a54bf6ea97c73ecb461e2994ba0b0f80b,248652,
Asset list Museo/PilaRopa.fbx.meta,a7b6eecfc0b2529bebef14a63dccadbf80510535bdf51a041c20ac7381fce3ad,2830,cce7bfc2472193a4aa037008f2b992e0
Asset list Museo/Pilares.fbx,0899dff67eb198eb0b9ed967a0b8500c3b8043f10a602f8de1e372da1a42ba67,2648364,
Asset list Museo/Pilares.fbx.meta,58cbd4b690bf27da734b9846750e1471a7c8b510780cf9b4bb4adbf0adc8a723,2830,19fc0f35fa39651438a7b288ff74be26
Asset list Museo/RackRopa.fbx,82079b0ec21fbc6e66f26c9a7d35fdc4bcb5efcd128eed9317aa895e7da7f972,26638604,
Asset list Museo/RackRopa.fbx.meta,5ab8fcc5d89b4526065e8a5e410f7eb0dd8fd1254ed382bb3e701bbe41ee6ba6,2830,8abf3405fb3229549838a7cbc090c22a
Asset list Museo/RackZapatos.fbx,ca0deb7bfa766133d4fe88f163d3ed5fad4f4f478a4da04f81abaeeba89860a7,563244,
Asset list Museo/RackZapatos.fbx.meta,95fdf1628821ecfa66664136d48c90ca1ce4b2fc7983355e35b49324d849c11c,2830,a1fc6ae04ba96fa43830d229b65dd202
Asset list Museo/Reja.fbx,dc6e9cee31110dc7c5004c8ae941e497e96b2568e2a06ec0de69960584128bb5,209292,
Asset list Museo/Reja.fbx.meta,69d467005d38955695457491c6a728f00a3603d7a73ff64fe718c5ee981ffc0a,2830,bd1a4ebe9f94006458abe4e2b5d6f363
Asset list Museo/ShelfMetal.fbx,4086e4c4b0868cb32750ae91252b8e63e2de3bbf1a34717b360dde7bcc03d865,4225500,
Asset list Museo/ShelfMetal.fbx.meta,47f5b00987119ad8c7051634e0a9204117fe6d50fc91f9d4630ce9aaa6947fc3,2830,1a66ef0a88f7ebb4185732de372d8a1f
Asset list Museo/SillasCine.fbx,f25f8b01845eb70f9a856aeb5f7ed05531953a7a9b507ed759e2a310c6cbb28c,3638764,
Asset list Museo/SillasCine.fbx.meta,4272facbcdee93b0e53325ddd12d90245540abca176344fa83c1c5bf884fb3b0,2830,ebbb2853b1bc0a24e964aa0282daf5ba
Asset list Museo/Sintetizador.fbx,768a1d86ccb124b867d48fe8cb59053af8b8548c04c7260c134e5a49cac6e509,13562972,
Asset list Museo/Sintetizador.fbx.meta,9dd61caad05155729463898e372687f5d5580ee379004163f14e4cd8b352c4fe,2830,7a530692505040b4e9f6b50ac4ce9d7b
Asset list Museo/Springtrap.fbx,9778dda1769436bf8e356b23029245ce912a94bf7f25aa5f5aa584e130cbb5ff,3051756,
Asset list Museo/Springtrap.fbx.meta,bc6b098d1cfb6bc19750b7b5ddcc882954ce4e613c3c169fabbd67119d547544,2830,fc2478a33fb9b88489618e7f9da59e6f
BrokenVector.meta,3a629e158b4e653b493bbeb54ec1c60a7c667b4444019cbde2b0721c0794a173,172,1104fbce12b6b104e887d0f383c0abd9
BrokenVector/LowPolyShaders.meta,70523edcd8f24d19626a6a375e00b9288021bbab2e85844a9296a210583cdd21,202,c529e5f80a12ab14fb7cfa2f700abe07
BrokenVector/LowPolyShaders/README.txt,38043eac09a1ae9f129315eb29008a63038d35430d2bc59114547fe895f9a3b1,490,
BrokenVector/LowPolyShaders/README.txt.meta,83f51cab72e4cb5e87c38d8d7de955c983450e75c6d5c526569b4193ee737ef8,187,e4f4a0b24fee3d5429cc21522ce9e8b9
BrokenVector/LowPolyShaders/Shaders.meta,7a291eaf6f82e51eaec996c9d2dd7317ddb5c65e8a47e5fca417e83168d04d75,202,2326b4e5e5251234abbd296c91c048b8
BrokenVector/LowPolyShaders/Shaders/LowPolyPBRShader.shader,ac4734de4f27bfce59da79c6412174368261838f2210c565a16975e8766a38d0,1143,
BrokenVector/LowPolyShaders/Shaders/LowPolyPBRShader.shader.meta,221b826180c1a01f2622f35c5e31a552866a31074d2adc30dffb7e6c3fee7a4d,206,a97e290cd0cec1a4cb176e474e69c1dc
BrokenVector/LowPolyShaders/Shaders/LowPolyUnlitShader.shader,eb6c874a6a838f6a4fd3d53d43b2af5ee14d81d8407e19085974d3f4a2cf51d9,951,
BrokenVector/LowPolyShaders/Shaders/LowPolyUnlitShader.shader.meta,580b3ac83384856bdaa9a16120574f9d26a64eefa98759e6a5ae1fa5644455e9,206,098d4ffc7d7b82d4db28426a03a46477
BrokenVector/LowPolyStoragePack.meta,636213edd53ba07a6697c8c3f6be97aca54505a136cd59b070f449e1f219a160,193,32d2a2c3e91e5044698359eac5ba9f77
BrokenVector/LowPolyStoragePack/Example.unity,65e21679d7877b1415b3fb09d546ed4e7d5d5038569accc44141e72405e352e5,190745,
BrokenVector/LowPolyStoragePack/Example.unity.meta,0182fdab7a68f6c2607ae47cd732777a91cb65ea2974c7b5e27f1d93d1854395,176,53818806613d2954390cf7195a4a49af
BrokenVector/LowPolyStoragePack/ExampleSettings.lighting,0e6e2e58366deea4fa610ea7ccbfed13bc1be853ff12f226b6f75510c6187142,1867,
BrokenVector/LowPolyStoragePack/ExampleSettings.lighting.meta,72dcad52ffb5a26aecf90bc3040888dfe83eca70399c5e56969238f41d69c49c,200,92cdc417b25e9344284b4f0012f8cb31
BrokenVector/LowPolyStoragePack/Materials.meta,2d76f67acb659eb3242adca9baa444c6326dbe8fd74224ff35eba77358f3f8f2,193,e04ab1ea92ba1a44c8f3c9afbe3d8263
BrokenVector/LowPolyStoragePack/Materials/Storage_Diffuse_Blue.mat,978275cdf3095d0abd3959d3c59f4ff6ada9d76af023805373b885b7e1ba205a,2211,
BrokenVector/LowPolyStoragePack/Materials/Storage_Diffuse_Blue.mat.meta,7b717d24baf944039d9e507d417165e0c44979fb9a4d582888c50d46b16bb9e6,181,b0cfeb8b980746945a0afedcf4ec2880
BrokenVector/LowPolyStoragePack/Materials/Storage_Diffuse_Green.mat,aa2930c5aef41380bcffe6d4054630af95c9944c8de44cfb6ef2bd85146cd3c7,2212,
BrokenVector/LowPolyStoragePack/Materials/Storage_Diffuse_Green.mat.meta,990a1070febd287cebc122b01a9e53fbaf2e7b71e9500e98d2a8e8f6fd87cec7,181,72b60f1b3e5a4b94f88154af53968158
BrokenVector/LowPolyStoragePack/Materials/Storage_Diffuse_Purple.mat,4f863882e7a92be0448e1f94b9397b5737ab801ef549233b4be7d3b94e6d8a1f,2213,
BrokenVector/LowPolyStoragePack/Materials/Storage_Diffuse_Purple.mat.meta,15fca1a35704b95c57571c095d890186308b9c4fd1308a901a115871b2da4e6d,181,17b827be00b46de49b67f1a66e3c874a
BrokenVector/LowPolyStoragePack/Materials/Storage_Diffuse_Red.mat,8289b0d9e35b949e8ca04547f4e66287b4b6122646e62e9c11e381cbcd26c6ec,2210,
BrokenVector/LowPolyStoragePack/Materials/Storage_Diffuse_Red.mat.meta,c1fc1ecaa85693a2173168ec391c782239cce620874847a93813f8bd08506415,181,c7d4d55229668c54c9ce656beb9a14a1
BrokenVector/LowPolyStoragePack/Materials/Storage_Diffuse_Yellow.mat,61baf3cf62bc1f5db4bb7e678fad4cb1a1a477427be8d429bdeaad2cb220cd0e,2213,
BrokenVector/LowPolyStoragePack/Materials/Storage_Diffuse_Yellow.mat.meta,70ad56d9c2cbb3d4bbe2448dc8ab9542728c4ee270ff753d2643339248af17f7,189,527353d9e6270254680287bb2593d299
BrokenVector/LowPolyStoragePack/Materials/Storage_Metal_Blue.mat,6a311918682fa42f511d896515b3a40d22c45689a4abbff53c996c726c1c7b50,2217,
BrokenVector/LowPolyStoragePack/Materials/Storage_Metal_Blue.mat.meta,c67e1f57cf01026863012e7b2ad67bba1d4147a3255ae900e2827df50d728cd9,181,2baa316d3d6d44d44b49de38958c3fcc
BrokenVector/LowPolyStoragePack/Materials/Storage_Metal_Green.mat,e2dfec7bf29d133bc467774662e2c1582df5134d10befe03b1d95fd605add0d6,2218,
BrokenVector/LowPolyStoragePack/Materials/Storage_Metal_Green.mat.meta,09a8a53bd37ad9f3d08e9a0c89c54964b017916130d35bcfa06f4949f3be4570,181,5aca6693610276c4190f5740d1183bcc
BrokenVector/LowPolyStoragePack/Materials/Storage_Metal_Purple.mat,a3335ce4f51b16eb29cd5a44e9f049280cb0e2386b2f90ab4304e32eb4fa8c31,2219,
BrokenVector/LowPolyStoragePack/Materials/Storage_Metal_Purple.mat.meta,8823bbc12ac11af759bf859ae35ba0542ff6746ba7e0b69c9dc5de4521c94191,181,19f1aca6176a7614f899e6d504abc147
BrokenVector/LowPolyStoragePack/Materials/Storage_Metal_Red.mat,580b0c047404b45d050e4e2867d0286f292f84fd97f7d0ff5885ee74cacc685f,2216,
BrokenVector/LowPolyStoragePack/Materials/Storage_Metal_Red.mat.meta,d68544abae10bd449c9e35c33c08c9994c80754a939af2ddf7f80c919c35fa37,181,974e4860cba7dbd478b90327dbc32482
BrokenVector/LowPolyStoragePack/Materials/Storage_Metal_Yellow.mat,ec6e2e31275f29e85af6cd66ec9bb47b8f54e680f58998653663b6595e66b0a8,2219,
BrokenVector/LowPolyStoragePack/Materials/Storage_Metal_Yellow.mat.meta,f1855df234f815a78bc6e6320b3fc5281837b50bc73d22da0ae0e82ae9257462,189,42b72ec56c0ab8047879964b928f6fe9
BrokenVector/LowPolyStoragePack/Materials/Storage_Unlit_Blue.mat,a3f6e7eae014109b6e34e2073db6aa136904d9d274b2825e952da76ab30738e4,2209,
BrokenVector/LowPolyStoragePack/Materials/Storage_Unlit_Blue.mat.meta,073dcc72c9d518f9fac8049484c40e8fdbd2bd978a94c22eca6ccb4dd0352d7e,189,0be69c02f81c03846bb3d5d7b79e19a2
BrokenVector/LowPolyStoragePack/Materials/Storage_Unlit_Green.mat,1647469fba992ca7b2ef6a751e7c176afed90d405e76139802083d3d25850598,2210,
BrokenVector/LowPolyStoragePack/Materials/Storage_Unlit_Green.mat.meta,857cbaf88db8c0e79a3ff3b28a500cd49e6828cca25ad9bfd3d91ff791bd02f0,189,2c2fa0db6f0ab4e49a518ffedd66cc22
BrokenVector/LowPolyStoragePack/Materials/Storage_Unlit_Purple.mat,cb4045436ef29c5ff16ec9ccf3be534980027721ad684569d5ce96550e16d3f4,2211,
BrokenVector/LowPolyStoragePack/Materials/Storage_Unlit_Purple.mat.meta,993245d0ceb11f4ad060ee2afd22966994f5e1588c88252b3e1309eeaea1bf97,189,35edf0cdeb6723141b37babb56b2ce76
BrokenVector/LowPolyStoragePack/Materials/Storage_Unlit_Red.mat,ea827282624009611f8aa83f483ba4b89ce9024976a8da5e600e3f7f0c825a30,2208,
BrokenVector/LowPolyStoragePack/Materials/Storage_Unlit_Red.mat.meta,a2e3820562af7105eda637c34093f58c88d3265a186263cce94539f2e3c24596,189,c361b9c61d93b424c972e2699e35553d
BrokenVector/LowPolyStoragePack/Materials/Storage_Unlit_Yellow.mat,6d19e531dbca64cba25199988a2187464ea73409f0afa996403e627364f7a38f,2211,
BrokenVector/LowPolyStoragePack/Materials/Storage_Unlit_Yellow.mat.meta,47c552858af93956685e691f9ab6d8ff9a9d10449c404b2ee6e832063d76956f,189,ba0a51ddd31b75443b518751ff4cb263
BrokenVector/LowPolyStoragePack/Models.meta,662f5faccd9c5773e47994eaa1c470ddcd924a4d95a7597b015febcdce642d7e,193,35efe978f199efc499dc7143e532b451
BrokenVector/LowPolyStoragePack/Models/AmpRack_01.dae,deab505ff1b1a0cb6b0b2118b1949a6c86d1505fba38b15079c655435f0b408b,62446,
BrokenVector/LowPolyStoragePack/Models/AmpRack_01.dae.meta,fcb74ebf431de2acf4b2c0c1e58c98350eb182cad86d9490d6e02f7492a885db,1770,7b7512508ff7ea348a9e143ad109ed99
BrokenVector/LowPolyStoragePack/Models/AmpRack_02.dae,247c8205fa01ad33e4ad84bba39f20e3235280304857270dd78f568e2db7501b,96537,
BrokenVector/LowPolyStoragePack/Models/AmpRack_02.dae.meta,e71b5416ca773a919f2addaf9c0cce58c6d103337ba42414962c01e09c8a1f5e,1770,d31353d1f3002254bb9c6dccb795b548
BrokenVector/LowPolyStoragePack/Models/Bag_01.dae,d99809a96b46b10070ba57c356e2df80c1156aab7a95a2cce29bb33a83ce7445,34171,
BrokenVector/LowPolyStoragePack/Models/Bag_01.dae.meta,590ecac569f55fc88193f8e91ccadd864bd6fa9794c637ee9b9efdc858285c14,1759,c7d246b320fbfff4093aa541d6a54a80
BrokenVector/LowPolyStoragePack/Models/Bag_02.dae,aa23439c2bca84cf5709fe5e2b683df45679d5179f270e51cdb8b861bf73ba4f,48935,
BrokenVector/LowPolyStoragePack/Models/Bag_02.dae.meta,c5ead609130ce9648f3d9ecc2f713d4df2fa724aae1dc6dd6209d58fe40ae03d,1759,32b26dc006e7b5d45a08ff5c9c89ab4f
BrokenVector/LowPolyStoragePack/Models/Barrel_01.dae,e6a94ac5b1e34b1e1a91638c581a1c69dcd032515e34c543a5a5d12286c8cf69,25611,
BrokenVector/LowPolyStoragePack/Models/Barrel_01.dae.meta,f960fee7e4e78b03f05e9ed5ea963af79101b0690d9c7c2e8b62ff6498787737,1762,4570ffb3502664541b65ea4a55f1d760
BrokenVector/LowPolyStoragePack/Models/Barrel_02.dae,9ed5425f2ed43fc6e2ef582a41d8efd7699e15027ff1991e459477c66d9a1089,25777,
BrokenVector/LowPolyStoragePack/Models/Barrel_02.dae.meta,82b6de51701e956ac5b3d3d744a1d3b4869fa6ee53a183ed0cc3af65fe2a23c2,1762,fd5373b161d0d3e40a2d2ff740e3f795
BrokenVector/LowPolyStoragePack/Models/Barrel_03.dae,25c4dcf8e6b535e427342305d56fb2a2425c5cc8189b2d92ddbb653c9fb2998a,26884,
BrokenVector/LowPolyStoragePack/Models/Barrel_03.dae.meta,f5674b94f50fd0e3b102b9040279010df136199defb4f8a37b5017676bbe150b,1762,f1a871656407f1843a8eea3435a3ef93
BrokenVector/LowPolyStoragePack/Models/Barrel_04.dae,895f904ac22739433e4c6f2b7e5ceb75ad161996e39cd24d716e648e40bd2866,34455,
BrokenVector/LowPolyStoragePack/Models/Barrel_04.dae.meta,a89ef2720a22311c859b528bc38ced31ddd6445e7c46546dcb3966e830684788,1762,bd4f279f6db85dd4a912b3cde7c0efd7
BrokenVector/LowPolyStoragePack/Models/Basket_01.dae,7d76fc54ede544bad89de15c35d1c9c205d4267be06d2dc3467575b14d86dda7,56306,
BrokenVector/LowPolyStoragePack/Models/Basket_01.dae.meta,50fe318fb111cf5cd962add941723dc9c3353ea69b058e7e6c3ac88b23cd76ca,1762,2d8033975589a264aa189c915aa5d9d9
BrokenVector/LowPolyStoragePack/Models/Basket_02.dae,d780a4d18cb2f55577fdb152f4b29fd5f87940b680b233fc86ca872bc9a42cd4,61176,
BrokenVector/LowPolyStoragePack/Models/Basket_02.dae.meta,0f6461bd38c970612286dc922b756526967ef9fc443d4cc0200c311eac1ac3ee,1762,982b488cfea6b424b84c9ed986a74f04
BrokenVector/LowPolyStoragePack/Models/Box_01.dae,c8691fdb57f4a18f5b54f8664b687f92a937c6c20933dbb1f07e12de13452f1e,9551,
BrokenVector/LowPolyStoragePack/Models/Box_01.dae.meta,1afcf915a14cae47cace6426d3fa1d89a78490685aa0f39af6955cf6c52f5f20,1759,92e94bedf87decc4bab0193195407561
BrokenVector/LowPolyStoragePack/Models/Box_02.dae,3c10ef1ab84a6d51907c9f0445a43535028214607a2433fc247d3fe89a207759,11306,
BrokenVector/LowPolyStoragePack/Models/Box_02.dae.meta,1a5393c63e8b3c7223adacfc7639826fbb46c815d857704429ad4fd79cb11bb5,1759,7fe7437dc8388e2409a2bdce2c2d1c3c
BrokenVector/LowPolyStoragePack/Models/Cabinet_01.dae,45123094820136fd3bbe8726f297f123315b20739fb193f4b5a18352849243fd,23690,
BrokenVector/LowPolyStoragePack/Models/Cabinet_01.dae.meta,eb2c247ec64bda4df0c00ca901ae6fe7811dcf659d46be2de9d257fc98770266,1763,ffda0faa00b197942bab9c63c81e74e5
BrokenVector/LowPolyStoragePack/Models/Cabinet_02.dae,8e4c73accb5fefd46704f9fdf142f955ef53ae15c92bb3913e80b49b50420131,12474,
BrokenVector/LowPolyStoragePack/Models/Cabinet_02.dae.meta,30d3c583cb005a836b92427c4c247cc7108f2626ae4693e16db4ff3c68e4323d,1763,a9cbe19c5ceb4e34e89fe52e9d4d8918
BrokenVector/LowPolyStoragePack/Models/Cabinet_03.dae,f70824e99369e53ea692f9a0968cbc790a6823f97c417ad88eb63620b54b2d82,9262,
BrokenVector/LowPolyStoragePack/Models/Cabinet_03.dae.meta,90df3a9cc8db87a84ecc46def85693f848f70cd8220591998419f8955635b45d,1763,1ed15304222a5714492c11688b4476ce
BrokenVector/LowPolyStoragePack/Models/Cabinet_04.dae,bf4a1119a3faacf84725c8d387500d392427bec55c4ff5d69a1c5b7edbfa23c3,11776,
BrokenVector/LowPolyStoragePack/Models/Cabinet_04.dae.meta,96c4529984e0facc5f19e82bee8a5e2c4a2ac0a3493057d9c8ae9acd65f4397e,1763,600ba151e48aa1b42afe71cd57559343
BrokenVector/LowPolyStoragePack/Models/Container_01.dae,f0d746d1d4cc5b4b3b3f1391b29197424eb39f46681378bd7ce529467072fcbe,54575,
BrokenVector/LowPolyStoragePack/Models/Container_01.dae.meta,00c16565b71c7851aa0c3761f60ef573724910d24cb3795757fa02ade4cf895e,1765,69aae84d594b6f24995327e55246f937
BrokenVector/LowPolyStoragePack/Models/Container_02.dae,2d7706f7f5d9d199fd018a7ca40fc3efb3ee01742f4e9b87c5327d9f7846a594,33609,
BrokenVector/LowPolyStoragePack/Models/Container_02.dae.meta,e1f2c7f174e60f1524a505c9cf8c37be7d5c75712b81fe3a6e272b7350ce44fc,1765,58b2a76bf4bc9d343ac061af00f7c612
BrokenVector/LowPolyStoragePack/Models/Crate_01.dae,8564e5837a9b6337ac63de8207dc013eb6b592460d7650c25d7830b2c183f04e,14434,
BrokenVector/LowPolyStoragePack/Models/Crate_01.dae.meta,9f021b513a6a659b6ecf608abb619a5df5e33c8dcbf03f7e1710ba6a03c11eef,1761,37af191fce887fc4fa10ccff84e57459
BrokenVector/LowPolyStoragePack/Models/Crate_02.dae,da32625a597737c886cd920b43e8a84ad2c66c7faf7652f7e6833835e2f9bde6,17806,
BrokenVector/LowPolyStoragePack/Models/Crate_02.dae.meta,19caaf6333a68839c3b03d4b7bdd451ed1a656d5e8ad5a6798263714c685cbf5,1761,5453a8aedae39ad4a8f64c24f9fc848a
BrokenVector/LowPolyStoragePack/Models/EUR-Pallet.dae,56ffbdc992a674d8daa69b008385a79e1745c3f125a7d0e347392c4dcaf8aa55,24047,
BrokenVector/LowPolyStoragePack/Models/EUR-Pallet.dae.meta,1c866fcb8e33ee27f735f08ecbcd419b49ad1736f393c9336ab76a23e5b85abd,1764,23015706c0129d644952c2df64fe52ef
BrokenVector/LowPolyStoragePack/Models/ElectricBox_01.dae,e8f584f5cf025d8a3b9e0fee0e2307cc1c3bfd64e2983bf4b92ce7c1a14dbbc3,10890,
BrokenVector/LowPolyStoragePack/Models/ElectricBox_01.dae.meta,8961fa95258fda6c2f9e570474f75f767182a970d600ff97d133eed14dd653ab,1767,183ba50f754853448ac7cdd8ed8d0597
BrokenVector/LowPolyStoragePack/Models/ElectricBox_02.dae,f9ad09d0134efa2531554eb8e0b7298bdb0e52d04786fe3563510381995e0d53,10168,
BrokenVector/LowPolyStoragePack/Models/ElectricBox_02.dae.meta,8307acd5dceb21cfc9348e6597d9c47d8070045b966436e1bc70f70c098fb575,1767,8b31306a55f55a443a1ae198d8098127
BrokenVector/LowPolyStoragePack/Models/GarbageCan.dae,371691becaa395c44d85dc53cc34c01bb581f06d8eadd7a8adc85f8406ee0f50,21359,
BrokenVector/LowPolyStoragePack/Models/GarbageCan.dae.meta,c9471057758cb1e22b8308d8387532af9246b64c2fb08b73d03c8d92bf64864a,1764,f4169bae00484c948a2b9d782b10b298
BrokenVector/LowPolyStoragePack/Models/Giftbox_01.dae,a6f575c51ed93d5bd973dadd2e0f8c8eea1872466ffcf22a7fb1ebc905f71855,24742,
BrokenVector/LowPolyStoragePack/Models/Giftbox_01.dae.meta,cc4d830a6e128a03e435a17973479f98c56b327b648be18f972e7bae7e33be15,1763,601dc9ecbb324ed488aeceaf99509326
BrokenVector/LowPolyStoragePack/Models/Giftbox_02.dae,23d4e76fc1a4b9935532776d139fd949abcba87a0aa7d4455bcb9a140bcc00fc,24384,
BrokenVector/LowPolyStoragePack/Models/Giftbox_02.dae.meta,629318332c1cacdf608511984c07ee4f0518f93fa9055a1bc10ec1f44e476ad1,1763,ad0f380d466940048bdd16c9160d04aa
BrokenVector/LowPolyStoragePack/Models/Giftbox_03.dae,9f1e03e98ca3edba88fdde195559d61275e3a7de7e152c089a075ceb4f40de18,24679,
BrokenVector/LowPolyStoragePack/Models/Giftbox_03.dae.meta,19cd4457dbbdbdceb18477127e9b421f2dd796b8757421b93f79b7ad43c65761,1763,6e1aa28bf5d4c4b4fa59f8a99be843a6
BrokenVector/LowPolyStoragePack/Models/Locker.dae,d9d442001fa5e52e5f0bdbde155baa65be213e2008b6f93eb53d1b0cdc157b7c,15467,
BrokenVector/LowPolyStoragePack/Models/Locker.dae.meta,8ada074fc8ea78ca2090fe5cc85780684bc67f4a38e67ad823e7923f932a30e7,1760,2d260eb281c666c428d94133569434d4
BrokenVector/LowPolyStoragePack/Models/StorageRack_01.dae,0571da6c348c822eeb3223a44570a5cd2216f0274ce5a302863eee90e384c227,18595,
BrokenVector/LowPolyStoragePack/Models/StorageRack_01.dae.meta,e5ff749cc30272cfc7fe58a4307b9bc9ecc5c8a1cac2d7162cc9df9124affaa3,1767,cc04a9baa919bfe47af3b3cfc2bf1975
BrokenVector/LowPolyStoragePack/Models/StorageRack_02.dae,dfc5e7fda2649e62373a6c7351e41c3fe7a0956c12d11fcd07e999d8cc303861,18905,
BrokenVector/LowPolyStoragePack/Models/StorageRack_02.dae.meta,8c0b20e6cb5b1d730bc7b8da5c1bf16dafa20787165652771c1365bd307980f2,1767,7ba0b5a941909f2499cfeed8a6d6a591
BrokenVector/LowPolyStoragePack/Models/Suitcase_01.dae,92f2795036c723bcba4d1a08af5ce662e76e7d5e034f1eef6147cb3dd66b11b0,40780,
BrokenVector/LowPolyStoragePack/Models/Suitcase_01.dae.meta,e46840b9ff1fdd3a5d0642802f1a1a0ae99937291dcb80166ccb123c8fb98c11,1764,0ea575825eb921d459f33d8288f64917
BrokenVector/LowPolyStoragePack/Models/Suitcase_02.dae,81cbc915f188f25f01a8517dd9e272eeb6ef2213054d093d51a0c3af4f3f00a8,36108,
BrokenVector/LowPolyStoragePack/Models/Suitcase_02.dae.meta,b497df5919768f172ea12b2ff6d0727f739b1527c2a1e278f49efccdb27c3799,1764,e63b8c6b9fc029b4aa263a770e49bf72
BrokenVector/LowPolyStoragePack/Models/Trashcan_01.dae,72cad38c5728740af708f068112816ceed608334cb43a0119ffb65491c203fe9,15042,
BrokenVector/LowPolyStoragePack/Models/Trashcan_01.dae.meta,62108ece9dba1ef82c27c47186ebfbb26d580e5b646b9cdd73fec5e60da25859,1764,b4e7baaa5268b264d872a89baff081fe
BrokenVector/LowPolyStoragePack/Models/Trashcan_02.dae,1e60ac56a2a03bf08e5b7e8c331dc499f857b8624d84e5d0493db2b703b40a78,10676,
BrokenVector/LowPolyStoragePack/Models/Trashcan_02.dae.meta,80d23bde65a438eeb27fe6163df1173d3607040b6f884973458c22327c647dd9,1764,89c2d85839a02134e8c7081446ea0944
BrokenVector/LowPolyStoragePack/Models/TreasureChest.dae,4cdc180ca9748f38b63bbc93793a29e0911d7ff35cdc63f02da89f527aecae28,33218,
BrokenVector/LowPolyStoragePack/Models/TreasureChest.dae.meta,6a5b7b753ad44c8edede57e895b75bdeeaad29a16016c4427ab78d52e4c91b39,1767,f0ba207fffea77846a8a979cf75f36e6
BrokenVector/LowPolyStoragePack/Palettes.meta,ec69ee76b2e9560af7bff8eca4182acfa906225bd18a4a8aaee272d2da36a83b,202,26e9205149f07514fa707d7543e5fd9d
BrokenVector/LowPolyStoragePack/Palettes/Palette_Blue.png,f28d26e91c73f8a8f3e660a3f1a1b645bea602d174af126fc6b7697093797f7f,199,
BrokenVector/LowPolyStoragePack/Palettes/Palette_Blue.png.meta,ff18c7b41130f52ec1717b7774f0068823a95f177e71f7c60a3cd0b52caa4f0e,1670,f567ed64624c60444914722fbe1cee38
BrokenVector/LowPolyStoragePack/Palettes/Palette_Green.png,c885cb973c81fbfd23aa5a030b7c50d9edc534edd580200928609f9137913ac6,199,
BrokenVector/LowPolyStoragePack/Palettes/Palette_Green.png.meta,7c208d7d718326ed551b57ce189c978be83280e837c20432b602c57202436e60,1670,a36f7aa6d9d45e14c8a942398aa6f468
BrokenVector/LowPolyStoragePack/Palettes/Palette_Purple.png,ec057de88ab134a3f74c0c166ff4798bb1640bcb49f5b14ea97fc3619f648588,199,
BrokenVector/LowPolyStoragePack/Palettes/Palette_Purple.png.meta,4fcbdc1bd5de63c09e0f9f5a1698bfed1cb7f591743cf9cc3f60b9478c94c028,1670,2f31cca53255f564c986254821a8dd17
BrokenVector/LowPolyStoragePack/Palettes/Palette_Red.png,6a58de9f05b464f6e7e624299dc034d38a96551d5452fb5dde417022acf5afd4,199,
BrokenVector/LowPolyStoragePack/Palettes/Palette_Red.png.meta,22655bd81f8845313969272816acff296a351b2351f443cd5e85902b239ce6b7,1670,f0463186e997f36448fb3d42cf65bdc8
BrokenVector/LowPolyStoragePack/Palettes/Palette_Yellow.png,a707884adb44d1425d77ff401ff3be95322ca3aa95735529d17f308f8df57179,14571,
BrokenVector/LowPolyStoragePack/Palettes/Palette_Yellow.png.meta,cf5efedd5ffe644fd80e913b03242b0bc9d9d7aaf594b0491e4f010adc88b353,1670,5a69156d521450d41b42825fbceaa971
BrokenVector/LowPolyStoragePack/Prefabs.meta,4772408c1a6d0c13d052afa7441e1cb099abafcb7e72c911e213e02e1dc97277,193,b9bb9fb95e7904d429606f4dcd653b7d
BrokenVector/LowPolyStoragePack/Prefabs/Amp_Rack_01.prefab,aa661730d74fdad713c09bbec37998f5fc36746fe25a98343ef7383e1d715e24,2977,
BrokenVector/LowPolyStoragePack/Prefabs/Amp_Rack_01.prefab.meta,d1237724ae3f91d88665093079ab34783bff1bf5f852410598f12667dc4c41c7,189,705d933b89ad2d94a8a505a85bc0a4fd
BrokenVector/LowPolyStoragePack/Prefabs/Amp_Rack_02.prefab,635d467f2704444f78c5c6bfe1b6958b0a1ae46c3177566cefe4fdcdaf13968d,2978,
BrokenVector/LowPolyStoragePack/Prefabs/Amp_Rack_02.prefab.meta,6c929adfd65bf13dcab2a3f216c11eb2efc3bd0048791795c27e59b1cc06267f,189,164922da0c45e13499cbb9c0d181acf4
BrokenVector/LowPolyStoragePack/Prefabs/Bag_01_Blue.prefab,a89cd99a4989cf44c1bf9d1c485c7b6e5ce97228cf5175854a2a9bffb4085f0c,2917,
BrokenVector/LowPolyStoragePack/Prefabs/Bag_01_Blue.prefab.meta,a16a22568771c4ffff56c1687d07a47230e76108ed87adb05d970c425010ac98,181,53feeaf808cce28429d051dcbd6642ec
BrokenVector/LowPolyStoragePack/Prefabs/Bag_01_Green.prefab,be59a53ee5198bb3d367a7fc9fbff38ac691bcdf80b259a20016dee529d20202,2918,
BrokenVector/LowPolyStoragePack/Prefabs/Bag_01_Green.prefab.meta,5783a8637953f7dc68a4a4463a4c224f3f414e9ba5b27db3fa34ab5f1e02702e,181,1de3ed2b342c78d468188c47315371cb
BrokenVector/LowPolyStoragePack/Prefabs/Bag_01_Purple.prefab,24805f61871d19ab802580ae14bd7d438d3f0e24f30617161405122eb8ddc5cb,2919,
BrokenVector/LowPolyStoragePack/Prefabs/Bag_01_Purple.prefab.meta,c7fae6b7cd1ae8b6f0e7b6c89c52eb100a8a8f7297e0d0e0bb13636ba7df54ed,181,5a9cf2eaaa5dfef4f88b25565c281777
BrokenVector/LowPolyStoragePack/Prefabs/Bag_01_Red.prefab,5b88adc1515f53153920ec03d86e94c5d5be72a1fdc6486cd2b052d19431b905,2916,
BrokenVector/LowPolyStoragePack/Prefabs/Bag_01_Red.prefab.meta,eb88134373714da9e67e61c8a796fcd046a17ce21326bc056ff680bd54c29698,181,1cab31799405bf54a952bc3881c055fb
BrokenVector/LowPolyStoragePack/Prefabs/Bag_01_Yellow.prefab,2109e3206b46da86faf4bee410c6083105ca4101d75073a080ad513a6dac7f1b,2919,
BrokenVector/LowPolyStoragePack/Prefabs/Bag_01_Yellow.prefab.meta,307ca7f4c3737c2ff7cf847482aa237d751de39bb935c5a7702c5fbbf122f542,189,54e51794795d1cd4b85e485eb05d8d89
BrokenVector/LowPolyStoragePack/Prefabs/Bag_02_Blue.prefab,886a8095f06c251111370713b95f933c71b27a8a6cd72dca21e85616e9d52e05,2906,
BrokenVector/LowPolyStoragePack/Prefabs/Bag_02_Blue.prefab.meta,0c56ad5104a1cee3f29dc2e7d4b51d52f6d815ea792f0d6ac92a78e01707df33,181,e90e064552961bb478f9d1b92578b170
BrokenVector/LowPolyStoragePack/Prefabs/Bag_02_Green.prefab,650db94133af117bc71daf65ef648633022f50e46d71fb8be43d9ba6ae4c928d,2907,
BrokenVector/LowPolyStoragePack/Prefabs/Bag_02_Green.prefab.meta,eec98b73a489853e57f9ad35d0c5b4b3e92350a7f275ea171813ddeef46bf3dd,181,0cacfa8ee8c79f6469b49ae380836779
BrokenVector/LowPolyStoragePack/Prefabs/Bag_02_Purple.prefab,2cddb0efb6073bf1aff0e8e1a4ddf6d4927b0e466ae0a5b886216c3b466fa2ff,2908,
BrokenVector/LowPolyStoragePack/Prefabs/Bag_02_Purple.prefab.meta,16fea163ade3ea3a4e5813e12ff47ccaed59de4f55c57472692305496bb6accb,181,cb67168c0b7373f40bee1fd44669f986
BrokenVector/LowPolyStoragePack/Prefabs/Bag_02_Red.prefab,6b905a9a07ac3062af17091baeeae529483f897aaa931bbe105e1868c31407c2,2905,
BrokenVector/LowPolyStoragePack/Prefabs/Bag_02_Red.prefab.meta,5a461e2e78b45d616956d72e83de6de7a813c7253a77e1daf632116ae1d469c6,181,7997690bee8c7cd45a58d92cc3ea5dff
BrokenVector/LowPolyStoragePack/Prefabs/Bag_02_Yellow.prefab,9dafc955105ff468b36e8f0cd4ed61a76bc2dc48b9d20a170b9fbba9295fbb60,2908,
BrokenVector/LowPolyStoragePack/Prefabs/Bag_02_Yellow.prefab.meta,ada70af2d997c9fb3262bec75469bc0e884a33d2582d2ff2774f5bf9f10914f7,189,d2843574691995046b12777e54a55453
BrokenVector/LowPolyStoragePack/Prefabs/Barrel_01.prefab,dff24a699fbebcc541cd3422fde8b3ffddd572b0cc7660ee1982e6afb026ec36,2905,
BrokenVector/LowPolyStoragePack/Prefabs/Barrel_01.prefab.meta,165bbbd55c41a031da4d2890d784932c9abf6634651b1ba31359c72d7589d7ef,181,0f950e9a8a9dd2f469026a5b5e908c65
BrokenVector/LowPolyStoragePack/Prefabs/Barrel_02.prefab,81ee3fee43b0b092a678a8b128bf25f99e59cf10e2ab22ec5532130a6e54e747,2905,
BrokenVector/LowPolyStoragePack/Prefabs/Barrel_02.prefab.meta,21bb9221eedda9a546d240b6d648e73edc5b34e54044acf99c481a070afa80ef,181,393666a36512b694893fb4b95c67c386
BrokenVector/LowPolyStoragePack/Prefabs/Barrel_03_Blue.prefab,c59081c375407ce374caa16dd45134ac985aad5d5c53f9162352037555cdb732,2910,
BrokenVector/LowPolyStoragePack/Prefabs/Barrel_03_Blue.prefab.meta,fcac7a5c2f57bc3cf81c09f433b9e87e435d6855946d50d7d5e6fa64f40e04a4,181,53dd11272dbdda346a1936ca914cdac9
BrokenVector/LowPolyStoragePack/Prefabs/Barrel_03_Green.prefab,4c33e7cbd033d5608fbe5b4f5f4d6855d8fc38c29df157268da068f80fe86434,2911,
BrokenVector/LowPolyStoragePack/Prefabs/Barrel_03_Green.prefab.meta,9cac18d6b916b4aca62fe2b7c38589b5bfd15b76af0d0dd585e03d592c56830d,181,410f168ad9e98f543bd001acc1a546cf
BrokenVector/LowPolyStoragePack/Prefabs/Barrel_03_Purple.prefab,0ef14db5bf62604bf365a370fbd6f654d932a15216b25bc19c4cab6c28860e16,2912,
BrokenVector/LowPolyStoragePack/Prefabs/Barrel_03_Purple.prefab.meta,b661d81b938a33f615e6c21d9af1a979f821d00e1d3db217f98ec5f47f16e6dc,181,ae8c8e436c4cd634d9d09709c9537a72
BrokenVector/LowPolyStoragePack/Prefabs/Barrel_03_Red.prefab,9098bca3510bbbb58154d9ba94094f869fa86763224ad901210515caebe5c69f,2909,
BrokenVector/LowPolyStoragePack/Prefabs/Barrel_03_Red.prefab.meta,e03e89fdedc20cac4aa6fbe1b13c861ec2e7ee6c81c0580f64d4f77840ea22a0,181,016291d4f25026846b760aa140d85aa1
BrokenVector/LowPolyStoragePack/Prefabs/Barrel_03_Yellow.prefab,b1c6ac95fbdc57f9ecf67d80a91804c370def6d58cc5cf93ba5df02b47dab7ee,2912,
BrokenVector/LowPolyStoragePack/Prefabs/Barrel_03_Yellow.prefab.meta,00d54925681e8348eae9d309a6952447a09914c08b411869438b619ff7c42d1b,189,040f36dc3eedcd241a0882592506236a
BrokenVector/LowPolyStoragePack/Prefabs/Barrel_04.prefab,eb816c76614a300c1dbf9b51ec5121f3241b970627c96eada993dbb36265effb,2976,
BrokenVector/LowPolyStoragePack/Prefabs/Barrel_04.prefab.meta,877e28d7a85ef46d0e584e2189a3db83088490a138d952500742d1273a69d9ad,181,515fff63c7f669d4abf983437c38c0bb
BrokenVector/LowPolyStoragePack/Prefabs/Basket_01.prefab,33e40f22ca4f79f7934b2c278c2b04b161bfaed18ea9f790b767ba10ac35d447,2905,
BrokenVector/LowPolyStoragePack/Prefabs/Basket_01.prefab.meta,a5a8abc4ca996c0c9c940cff02d86759338e48801e01a0576c6a32be589d20be,181,e331e7340eca68541a71e53e5f80b86a
BrokenVector/LowPolyStoragePack/Prefabs/Basket_02.prefab,7ac2e6f1171bb0b708137829cc179ac4625957bb4ca52cb6571542706d91d197,2905,
BrokenVector/LowPolyStoragePack/Prefabs/Basket_02.prefab.meta,5a7426185d0758dc7098a228bf58e4814e0976c33ffb5a1744fd028d31492dde,181,b2eebec45f249ba4e959a5e0cf96b1de
BrokenVector/LowPolyStoragePack/Prefabs/Box_01_Blue.prefab,e0b90d2f1774d9634e55cd9ebbb73906b9c45686708094c559251c31e09b6d88,2907,
BrokenVector/LowPolyStoragePack/Prefabs/Box_01_Blue.prefab.meta,a66834e9e9585836fc1853a6e4127a89c879069276f8c2c09aea5635d4f83943,181,01d0598bc959e1744a433317fbb1b0c7
BrokenVector/LowPolyStoragePack/Prefabs/Box_01_Green.prefab,7d30b3dc77a183e9dd4fd6f5b7aa650d722ad17d4fd7bd1b0622efcbc4bf4586,2908,
BrokenVector/LowPolyStoragePack/Prefabs/Box_01_Green.prefab.meta,e9a99de8fefd9249f1c663dcae9d5800e7e96fd7f99701631f624030777abdb2,181,52286bfe87fb66749a3c50bd33f61eb6
BrokenVector/LowPolyStoragePack/Prefabs/Box_01_Purple.prefab,a2e88a507beb6e5fbdbee4df8ea144a16c5e1e32afd5455f97352577d5f90eb8,2909,
BrokenVector/LowPolyStoragePack/Prefabs/Box_01_Purple.prefab.meta,415809671f8169d7c789b322815edba627527331fa0f421c144b0646197c1b7b,181,c63b9848197795b43805d085f853e976
BrokenVector/LowPolyStoragePack/Prefabs/Box_01_Red.prefab,3bc000c2b42109f13ad3ab558aa9d48e41a84b6cfa5df7439a4e4bfaaaea0dbb,2906,
BrokenVector/LowPolyStoragePack/Prefabs/Box_01_Red.prefab.meta,730e021e6ba0f288280122cd8e5c0991aba7dace0bffae6489920c50a5591369,181,68e540a3efa72554cad20028e9747fe1
BrokenVector/LowPolyStoragePack/Prefabs/Box_01_Yellow.prefab,c9e9932929b7b76336e5693b05b11f57ce3287bf85b639b9937fd2937f0b045e,2909,
BrokenVector/LowPolyStoragePack/Prefabs/Box_01_Yellow.prefab.meta,52966fbb1a0212413c5e1393cad4994e60cbfaaed1ad871d13915007c9fe908b,189,303a8118f0602de4d848c9d7b7e74129
BrokenVector/LowPolyStoragePack/Prefabs/Box_02_Blue.prefab,5d4039e4fd58ccfaf3ca7283e8ff81804b7cd19994542ea4d460288cf9548edd,2934,
BrokenVector/LowPolyStoragePack/Prefabs/Box_02_Blue.prefab.meta,12ed0207f1cda4a8a4b0998b0071c4b7539c8e651c5629c5bd9c00c96c3322ae,181,bf8363b0ff810d34eb188506e160156d
BrokenVector/LowPolyStoragePack/Prefabs/Box_02_Green.prefab,b18d3d7da9d810b96238114403ec1d5a1c1cb335bc01790eabd2e61c5a46eeae,2935,
BrokenVector/LowPolyStoragePack/Prefabs/Box_02_Green.prefab.meta,1a9a852c1cd2b6ee812db183614e1f734615fc16fca007381dfaa56edb952fa0,181,006f68bc96878b04e9657bc5fcecb726
BrokenVector/LowPolyStoragePack/Prefabs/Box_02_Purple.prefab,42f170c5cd90568aa48534bce5fe0ce1fe2fc37b4dac4e008579f1fe735ab787,2936,
BrokenVector/LowPolyStoragePack/Prefabs/Box_02_Purple.prefab.meta,6d87fa0e928b2157a67cfb7179661a7a4ea8800fc963b1bf7d56dd153255965a,181,0261ec717e40f9641ad55ee135e1a813
BrokenVector/LowPolyStoragePack/Prefabs/Box_02_Red.prefab,1385cce2f220df3b08f3186ece3b0f4366c92e05b0ad20d280dc614fc3d62379,2933,
BrokenVector/LowPolyStoragePack/Prefabs/Box_02_Red.prefab.meta,35172ea50a6b968c99b54809ca954580b75a4c2db9c7f5eb726b825f3d9e79a0,181,5dd25028b7dd39f46bf998a8c618ea6e
BrokenVector/LowPolyStoragePack/Prefabs/Box_02_Yellow.prefab,085a37e81d2ecd6d135a370e95e59db0db06049bcf5593318e521b90d2f91f60,2936,
BrokenVector/LowPolyStoragePack/Prefabs/Box_02_Yellow.prefab.meta,d908225c85b873d7e104c404cb0137b252587cb4d9baaf2fbc41e73d5be5d767,189,16ef0ee9e760e614f9acbcbf95b1489f
BrokenVector/LowPolyStoragePack/Prefabs/Cabinet_01.prefab,f6540674a98b43867190ad7b5f9cc9801738e1c4e42feccc35afe855358d5361,3002,
BrokenVector/LowPolyStoragePack/Prefabs/Cabinet_01.prefab.meta,21e285fcbd013b5c6828cf6015d30bb631f7614b120790d6ff8133b7b6ea506d,181,e32f6a0e129409b49ab1ada5d1090113
BrokenVector/LowPolyStoragePack/Prefabs/Cabinet_02.prefab,a387568519fb9fe845f8da07f94e36217e61547d7c528bc534ccbc663421b92b,3010,
BrokenVector/LowPolyStoragePack/Prefabs/Cabinet_02.prefab.meta,d444874f3f0cf1f6434410dcc8c60d304c7562649885c3eb401f93b15bb39233,181,f2f081c540b0d8f4aa94075355020bfd
BrokenVector/LowPolyStoragePack/Prefabs/Cabinet_03.prefab,ba48212b680e12f578480c832722698f9ad7cf41a92d34c70444be9fa3494f60,2906,
BrokenVector/LowPolyStoragePack/Prefabs/Cabinet_03.prefab.meta,ce0385f3fc9cea84695110f3dc6615947521caa1e6c3f8e726003ff44629561b,181,d9376b7405d6d344e9079a0f9facffd8
BrokenVector/LowPolyStoragePack/Prefabs/Cabinet_04.prefab,2f4e512a7b6a08532467276c0ea0cd2c02c09d92774978256c0ab5aa2773cbf8,3003,
BrokenVector/LowPolyStoragePack/Prefabs/Cabinet_04.prefab.meta,cb9d4effafc5c4f525d8a81d892c2e10dbfea93c9192149775db3136f0ac5ea7,181,83e0b760e96651c448d56f34e3e1a2bd
BrokenVector/LowPolyStoragePack/Prefabs/Container_01_Blue.prefab,16ec58049973fefd2557790dfa43e08846fb8fefcf1c732e9666b0eb5dccc29d,2912,
BrokenVector/LowPolyStoragePack/Prefabs/Container_01_Blue.prefab.meta,65615bb60397d0aa38ae7b47c81ba7999cd31b186407f8733449a76ae8d43505,181,8795553cb16bf3940892b7adf8761504
BrokenVector/LowPolyStoragePack/Prefabs/Container_01_Green.prefab,dda56d695ad2320606f989ad0c44a1dec85d9dd855067bd920de26e08e7692a9,2913,
BrokenVector/LowPolyStoragePack/Prefabs/Container_01_Green.prefab.meta,dc8fcc76d6aec6dd3945704995263834128b39e8f00d6e24fca9fc0155d20ec4,181,ed6ed70884be26a479dd8a819af56329
BrokenVector/LowPolyStoragePack/Prefabs/Container_01_Purple.prefab,a5905829675ce903e0d3ff65ca436a10e915b87af2647ac4dd9282b205c9d322,2914,
BrokenVector/LowPolyStoragePack/Prefabs/Container_01_Purple.prefab.meta,78f4aa99a6fe522238bcb13dd350ec5ae7c209c39f6b5a7c3f7483c56e2d85dd,181,27358e8da8bf48a45a53bba64a04724c
BrokenVector/LowPolyStoragePack/Prefabs/Container_01_Red.prefab,47ecf1a30ff5f25b1fa2fe2228bd7e3761c6a1fcb58d81d1a04acff5083ea781,2911,
BrokenVector/LowPolyStoragePack/Prefabs/Container_01_Red.prefab.meta,dfa9cea6cdc26ac3000b054038559f2722bda80416978c6818498d0b604c9d23,181,bcaff6085a83be0418ea2028313d78ee
BrokenVector/LowPolyStoragePack/Prefabs/Container_01_Yellow.prefab,07b65a4c5af4785c305126744814b7a7e163ef6c934df018db1aca459e2fdabd,2914,
BrokenVector/LowPolyStoragePack/Prefabs/Container_01_Yellow.prefab.meta,4a914a13394aa7feca6c7deee61c26f32531ee2453b672dd92ef58ddb492fe2a,189,1176569b9499a164d81752415b902a1e
BrokenVector/LowPolyStoragePack/Prefabs/Container_02_Blue.prefab,9a9dfadf72c1ff3ea6f289a0c47f5f5fd86c5a924772512f1273cd089bf28863,2955,
BrokenVector/LowPolyStoragePack/Prefabs/Container_02_Blue.prefab.meta,a398b04ac1e1b1b385d4f1df46a7d10112193c9bd9459faff3aebc4c534b4477,181,2f3eeb9b037e853489950df7ec0c4eb2
BrokenVector/LowPolyStoragePack/Prefabs/Container_02_Green.prefab,f956a47e80fe238f0b193ae43eab8bbee964aa907b0d0be0e4cd2aa075c30fcb,2956,
BrokenVector/LowPolyStoragePack/Prefabs/Container_02_Green.prefab.meta,4328ce31fb6cfa6ab06d85fbb5527d96bc6f1316f369ebc6faa00b66fba46c91,181,74c1cb39435213641b90be5965575f63
BrokenVector/LowPolyStoragePack/Prefabs/Container_02_Purple.prefab,9d1ff8ae6370899507a389d2e6291eb53b2fc6581b551f8c59700a5fe7472c6c,2957,
BrokenVector/LowPolyStoragePack/Prefabs/Container_02_Purple.prefab.meta,eb9f0020b94ae0930084a8640979dc332f591df601f3905a1bacf6f6a6cb7744,181,f7506201fa8dd234da8643bc58c1fad3
BrokenVector/LowPolyStoragePack/Prefabs/Container_02_Red.prefab,49e114d2b907056f50a48256d75e954f6e1188f359d8987796609a6647747839,2954,
BrokenVector/LowPolyStoragePack/Prefabs/Container_02_Red.prefab.meta,45cd8c5e5a234048069fcd733f94ca618ec950ed2250166cdd19d57d92d2507d,181,466f5a12c6bdcc54dac02fd25e22b515
BrokenVector/LowPolyStoragePack/Prefabs/Container_02_Yellow.prefab,24c3efe0ce48a0621d33022ada1be36cc07acb03826dadde1861e190f05b06bc,2957,
BrokenVector/LowPolyStoragePack/Prefabs/Container_02_Yellow.prefab.meta,c0eec5c6e7652a57418c27e0844934b92255f3ee4b8be549775e792fffac19a1,189,a366be596fd1924488b647425e458433
BrokenVector/LowPolyStoragePack/Prefabs/Crate_01.prefab,da1b9343323897335029bf215ef06cc36be8477207bee9b38e441cc24938e3ed,2904,
BrokenVector/LowPolyStoragePack/Prefabs/Crate_01.prefab.meta,390cc2c06a65c268b539986a9fbd74a373717995b871f9b07c03339c67b405b8,181,208ca54455d8ac34d8e8c32f367a245d
BrokenVector/LowPolyStoragePack/Prefabs/Crate_02.prefab,2a3aad8ff8419a6b2b161a61e7ad073fd7ae5bfabc11d187281d75c6eeb3177f,2904,
BrokenVector/LowPolyStoragePack/Prefabs/Crate_02.prefab.meta,53be8927d3de5d9c0bd10ac6052351a6d53229aed37dbaedc35fcc1e0afd1037,181,4af2e69a3f0348b44a982423be88c83d
BrokenVector/LowPolyStoragePack/Prefabs/EUR-Pallet.prefab,f1958af82f339727c0fcce7e00a91870d9d3c488d5af3ac48b363833f0fa3379,2906,
BrokenVector/LowPolyStoragePack/Prefabs/EUR-Pallet.prefab.meta,a7e6907310d89c4575d2ce73c507b0563aa025b6649ddb2bee2863ca043d771b,229,be11ab6aad4338d4d8ad965540935796
BrokenVector/LowPolyStoragePack/Prefabs/Electric_Box_01.prefab,229db9bfbeed851529e97999207e4043d948b920444e1587f653e03c0c3cd644,2911,
BrokenVector/LowPolyStoragePack/Prefabs/Electric_Box_01.prefab.meta,c3635a0fd07ee099db724128c12ec54c13f771b8a660c513d3fd29250486102c,181,a578316b64ef8fa4ea35895600971894
BrokenVector/LowPolyStoragePack/Prefabs/Electric_Box_02.prefab,0db32e9564289e8f59e94a3bc1472857e543952c63b02ff51d822a5e8ad57339,2907,
BrokenVector/LowPolyStoragePack/Prefabs/Electric_Box_02.prefab.meta,98c14263971988bf90fa1128791b7f4f32d7d252bdad639bd0a5ca4b6c42db49,181,1f0bf28e3bca88e43ad25cf888971634
BrokenVector/LowPolyStoragePack/Prefabs/Garbage_Can_Blue.prefab,818945a045df2c99e3adac5e092024d0599b57b4d712859a0aa190da87500d3f,2952,
BrokenVector/LowPolyStoragePack/Prefabs/Garbage_Can_Blue.prefab.meta,fb4c077992c37fef22ecf352f757f00fb0be839e6200f8bd60a12a53fa126f22,181,18d51fb81a136504a8012d9c99ca47de
BrokenVector/LowPolyStoragePack/Prefabs/Garbage_Can_Green.prefab,cda0335309f7b6f7814c28a644cdb1d6d992046da584af1df52abb6914084f01,2953,
BrokenVector/LowPolyStoragePack/Prefabs/Garbage_Can_Green.prefab.meta,86aa04b19706c8ab644a772197ae28c739387046971f9715acb42f11023e0ced,181,cddf3d66c16cf1c4eb4d9646cc4d763f
BrokenVector/LowPolyStoragePack/Prefabs/Garbage_Can_Purple.prefab,21aa7ced2c64227ee807c27d32770f6eb0c823906634d4bd3bb006808bdc0be3,2954,
BrokenVector/LowPolyStoragePack/Prefabs/Garbage_Can_Purple.prefab.meta,775a5b079bb9dc4a092d4625688ece21ac70535533e0cb2c062bb65866a1c110,181,f502427f83e10e247a87212504fcc298
BrokenVector/LowPolyStoragePack/Prefabs/Garbage_Can_Red.prefab,268460249d27c13f6c03df5aee3c7a5d1aedbe1e5d2ae646a1ccd947a6ad948a,2951,
BrokenVector/LowPolyStoragePack/Prefabs/Garbage_Can_Red.prefab.meta,61d84a2e42c116475b8dca22c5a66174ab1f4ee2a4725b6e2ff21ab0cb67f75a,181,6092d1bb5a4a3074a88aa2f310c42bcb
BrokenVector/LowPolyStoragePack/Prefabs/Garbage_Can_Yellow.prefab,d33f5aa9d672068f814bf4f7dddf88f318a76509b60f752d116e60ef116e9802,2954,
BrokenVector/LowPolyStoragePack/Prefabs/Garbage_Can_Yellow.prefab.meta,46cf3ab49cffa1d2cbc22db5964c963f86f6a1b0597a610e57061c3fb5cd6591,189,70cbdc76e81f516488de49d9acbef175
BrokenVector/LowPolyStoragePack/Prefabs/Giftbox_01_Blue.prefab,7bf525e99f645dbe8ab14cf62f2f1e8ffd7ca159f5f5e7f14f656a5effd07b1a,2911,
BrokenVector/LowPolyStoragePack/Prefabs/Giftbox_01_Blue.prefab.meta,89253f344787fcf5288f8f0a8a157a2bc7fc1cafa6ca6077491f81826fcef0d7,181,7d7bf6c92ae13cd478d73a6c6bc5fb4e
BrokenVector/LowPolyStoragePack/Prefabs/Giftbox_01_Green.prefab,0f9a19a0660c2f9f810d3e87636f9f9d0e591266d94de5a2b6b3746953a87774,2912,
BrokenVector/LowPolyStoragePack/Prefabs/Giftbox_01_Green.prefab.meta,6abb83287b9c9a2e46fcd2d3d1de1008f053c4bd0a5ecd915673685c2d8a9790,181,f4dfdc4587263744f96196217d1976b7
BrokenVector/LowPolyStoragePack/Prefabs/Giftbox_01_Purple.prefab,163ffd172482e34103874d4d206b24b14a2930fc923e4975e498f57e06d65b60,2913,
BrokenVector/LowPolyStoragePack/Prefabs/Giftbox_01_Purple.prefab.meta,beaa9792e2b82908ac96a660cea1d4507f4000e704cc409f82932120bf3c7cbf,181,429ebdcdf0ae3ce4c9f3279a683e72ed
BrokenVector/LowPolyStoragePack/Prefabs/Giftbox_01_Red.prefab,0a2f0a0a9027f0aaadfa7c84565195db9d52b92623202f3236c67862cefd276f,2910,
BrokenVector/LowPolyStoragePack/Prefabs/Giftbox_01_Red.prefab.meta,c744bde77d2fe69c797873676b55f52bb6c31f2581081a3e6f8777d233ae2578,181,13e2ed0fe08f41e47b8c83e610b93d2d
BrokenVector/LowPolyStoragePack/Prefabs/Giftbox_01_Yellow.prefab,3e553cb747c02930eb79c53c941d5ac7064389e84f4acb3034652856cd34b3f6,2913,
BrokenVector/LowPolyStoragePack/Prefabs/Giftbox_01_Yellow.prefab.meta,8327f652637a65949d7f0d5ea49c383c80bda67eed4451af83a11771cef20dc4,189,41f004686382a67468525c4a27865c20
BrokenVector/LowPolyStoragePack/Prefabs/Giftbox_02_Blue.prefab,33b416edfa8650130d8a9096efb992fed8e3807d4cc80d73b9daec2d24dcbf36,2911,
BrokenVector/LowPolyStoragePack/Prefabs/Giftbox_02_Blue.prefab.meta,54610de71ecb3eadcf7f68d8e51733d4ee1d46e511cd15373127c8e39564ad66,181,8d899f85a0dd1cb4983d94fdae0e1939
BrokenVector/LowPolyStoragePack/Prefabs/Giftbox_02_Green.prefab,8034c546f5be4ab0900d1667ad5d58e7dc7e9ec73f923c27c1c93532cb3c0ad4,2912,
BrokenVector/LowPolyStoragePack/Prefabs/Giftbox_02_Green.prefab.meta,bbc3108de2afaaf6be60b9ca148de668fc5ab4ac1ebe9c66734ca23f24db78fc,181,f132b7480e2d1db40a65bbae13a582fc
BrokenVector/LowPolyStoragePack/Prefabs/Giftbox_02_Purple.prefab,f95daa61e0be0ccbad3b995ae0a04fee283565b24e17ae78dba037c6fafce46e,2913,
BrokenVector/LowPolyStoragePack/Prefabs/Giftbox_02_Purple.prefab.meta,24b4bcfbcc65e6e7aa4c16c2eb9d3395cf6108b61384f14e79166919e16f6dde,181,6f254a04acf0892448fb03144a1b5cc8
BrokenVector/LowPolyStoragePack/Prefabs/Giftbox_02_Red.prefab,5a74262bbddb94e7f26a035bc61373deb1a020bc71b2e62e39374d800b4a82e8,2910,
BrokenVector/LowPolyStoragePack/Prefabs/Giftbox_02_Red.prefab.meta,82820a9f0697ebd023344576bcb1384f28b409aa37430b8a46630bff72e5b1fc,181,c526998ace67d04498684066f2a75d3d
BrokenVector/LowPolyStoragePack/Prefabs/Giftbox_02_Yellow.prefab,af708ebd2f009af862bb812f1fd9158e906c5f9a1bea39b11443e628348f9843,2913,
BrokenVector/LowPolyStoragePack/Prefabs/Giftbox_02_Yellow.prefab.meta,608e3d503d17eb9c4a8e8e76ed834ddc9d961a4d5659734cf0d1656717e03705,189,ae3ef10b277161d41ab5e71e3cbc9983
BrokenVector/LowPolyStoragePack/Prefabs/Giftbox_03_Blue.prefab,df9078e8fab4eef5dadd4d45a6b72933f463016ca6cd8e485dd2cd12fa909631,2911,
BrokenVector/LowPolyStoragePack/Prefabs/Giftbox_03_Blue.prefab.meta,2b8df371fde43ddbf8f2df900f7a2d74a458727f5f061bc296c3e470173ddbe8,181,640a1b7507862ff4aaabf7e8ed0517fa
BrokenVector/LowPolyStoragePack/Prefabs/Giftbox_03_Green.prefab,8c1188b6cc749c011ba90a46dbcf352b544aeb00755b55a17ce9eae1dd2efd49,2912,
BrokenVector/LowPolyStoragePack/Prefabs/Giftbox_03_Green.prefab.meta,2ac4fff37153f262dcc4dbc1c52831e47fa90d604e49ebc76eddf8bf78fb506c,181,548e7859459572b49b76cdb658d13bf9
BrokenVector/LowPolyStoragePack/Prefabs/Giftbox_03_Purple.prefab,4f2c48dce29cd948543640b6dbb9d9b3490f67b551c31988147c25b97e64a5f8,2913,
BrokenVector/LowPolyStoragePack/Prefabs/Giftbox_03_Purple.prefab.meta,9b45d4753d7a3978c79ce6473791caaf1d5f84f904cdfaf17548106ac00da7b5,181,392154adf107eaf47b51a9416a75bcee
BrokenVector/LowPolyStoragePack/Prefabs/Giftbox_03_Red.prefab,428cedfa6b012ab4db7b3a67b1276c0ea1ed2acaa226708e4f46083c0c2aedd5,2910,
BrokenVector/LowPolyStoragePack/Prefabs/Giftbox_03_Red.prefab.meta,1d23ea71436235fb4e7379ad54079c10ede6386db45fb9515e2e6d44d214e25f,181,35380f0d2bbbc714691343711ab2194d
BrokenVector/LowPolyStoragePack/Prefabs/Giftbox_03_Yellow.prefab,2edbd1b10a9d35f574ecd0a6f6e16be945c03286e0da9db0f456abc94dc9ada9,2913,
BrokenVector/LowPolyStoragePack/Prefabs/Giftbox_03_Yellow.prefab.meta,571ac9798799bd7cbfaa841411d4b2fe8324dc3e4afb878ba7c0ba212f9632f1,189,a950da56b2e37e74a881eb9cd2ce72cb
BrokenVector/LowPolyStoragePack/Prefabs/Locker.prefab,bef31f7dc439dd2ec73e6f54a4c628fa7af80e68d62f549a4709ffb65f86465b,2898,
BrokenVector/LowPolyStoragePack/Prefabs/Locker.prefab.meta,0296d59009c49f21e1200ad1582db0376efd345e81784fccfcbaae45ddc652ff,229,5ac3edd53f963024ebc36254c7e55dee
BrokenVector/LowPolyStoragePack/Prefabs/Storage_Rack_01.prefab,22eaad43e6ac445583dbb8aa22523014ec5ad2ae003a11bbeb342c4a33930897,2907,
BrokenVector/LowPolyStoragePack/Prefabs/Storage_Rack_01.prefab.meta,791e8adcfe0942f8d28a35dd272a3ae698a67c40a0917e0b49706e6d1730f309,181,3732512b24557ac43933b8085c822b18
BrokenVector/LowPolyStoragePack/Prefabs/Storage_Rack_02.prefab,835c6c23750070430cc248451ad0d41f5fcaf1cbc631b00d52501640bfd91027,2907,
BrokenVector/LowPolyStoragePack/Prefabs/Storage_Rack_02.prefab.meta,752116b15af9ee65d3f00620bb56567a2b3eca30cacc7c3c2117209a90f33b70,181,34b8a5bfe71cc1844b2d95a6853d2630
BrokenVector/LowPolyStoragePack/Prefabs/Suitcase_01_Blue.prefab,23d2734ab25b7667fe402f1221d5decf6ab778272bc9d56baa18f38ad0237810,2912,
BrokenVector/LowPolyStoragePack/Prefabs/Suitcase_01_Blue.prefab.meta,51b8f8a732125c441d3343cb973407c4751daafb3ad2cbeab12a862aae2b9b10,181,049a31b928db0684c80f2fa76838f5f7
BrokenVector/LowPolyStoragePack/Prefabs/Suitcase_01_Green.prefab,0bb3fc3c479fa4d319f05d5d19ba6534e580f2e34640eef0e0e1431e0cadbd9b,2913,
BrokenVector/LowPolyStoragePack/Prefabs/Suitcase_01_Green.prefab.meta,2ef2c2d940cf5316828ac028b5f7a1886fbd4b51ed21f4247650b77448609c79,181,cc206acf3c629e549a79e89b26695245
BrokenVector/LowPolyStoragePack/Prefabs/Suitcase_01_Purple.prefab,c8db5ef651e65b91714542eb18117c312bf431508a8be359277c8025d325adfb,2914,
BrokenVector/LowPolyStoragePack/Prefabs/Suitcase_01_Purple.prefab.meta,967581430143ba20e0abd140bad1da679df126b979feea6d9165959a00ee2d65,181,19f4c7cc361201e4586f726d42b19251
BrokenVector/LowPolyStoragePack/Prefabs/Suitcase_01_Red.prefab,6c579cc7a70e8b25cfd952d39e095eb466bd8adcbe5a2d9d7c73d54ab8a59e2d,2911,
BrokenVector/LowPolyStoragePack/Prefabs/Suitcase_01_Red.prefab.meta,d3c334bf9247337c3970b3fc9353981360b1903e0032d2095df25b6ad2422655,181,90ee87c3535ae7a4bb03b7a82142209c
BrokenVector/LowPolyStoragePack/Prefabs/Suitcase_01_Yellow.prefab,820fa649a82d8931ea2520080943bac3b4452dd5f9051ee77799e013c034b314,2914,
BrokenVector/LowPolyStoragePack/Prefabs/Suitcase_01_Yellow.prefab.meta,17d94b906ddc711351a0f46ba36bc05b681b56c133485d09a1bf10d45f47bc25,189,98ebe5a4263656e4cb208604d93a4636
BrokenVector/LowPolyStoragePack/Prefabs/Suitcase_02_Blue.prefab,0782a1410d789838370c47d62737deac0f878af6516ecdf25dd72b2271335548,2912,
BrokenVector/LowPolyStoragePack/Prefabs/Suitcase_02_Blue.prefab.meta,e32eb715f87febaa6a9b5fc55ddf04f4e2e3d7e6080b4d4f9b1ed6de5715341f,181,42f519ff7e5f3d54e94c9d02963441cb
BrokenVector/LowPolyStoragePack/Prefabs/Suitcase_02_Green.prefab,37d07e7298c39b1ee377da83b6069fb96b33588641998bb6194d541227f77434,2913,
BrokenVector/LowPolyStoragePack/Prefabs/Suitcase_02_Green.prefab.meta,ca090681b1e80ab09f647b86c015d0c122fe4fcd3a7533f136f935f397e3f687,181,c134220877dc86841963c96f50f810c3
BrokenVector/LowPolyStoragePack/Prefabs/Suitcase_02_Purple.prefab,9dbc60763aa51d1b13b9a37006b2a41f4a476b6d6b756c0921c7f9814fa0adf7,2914,
BrokenVector/LowPolyStoragePack/Prefabs/Suitcase_02_Purple.prefab.meta,0db45a9f5503fbb02fd7ac18519e5a2ef65585c0afcce13f8952663b91cdbcaf,181,22362e7eebd4876428d832d6aa3e4ecc
BrokenVector/LowPolyStoragePack/Prefabs/Suitcase_02_Red.prefab,8ecb9b47dbadb5202363a89e5891e843827379dc3182c44572b160b62a4267fa,2911,
BrokenVector/LowPolyStoragePack/Prefabs/Suitcase_02_Red.prefab.meta,6f5d414fa076b5ff22c93aa6aa78229a625fbac5b047b21a7986ab60112bca89,181,e1cac1d627db5b34fa00d9a05bfa4729
BrokenVector/LowPolyStoragePack/Prefabs/Suitcase_02_Yellow.prefab,291500e8eba7e3a06b500b63895e676235fe95abc2e783c48e9798fa1f00aadf,2914,
BrokenVector/LowPolyStoragePack/Prefabs/Suitcase_02_Yellow.prefab.meta,fd2f1b37c907d08e5ebd3566556458dc35e9ef797bda8ed8c7204e5a5ce77d33,189,2d1c8780b5053c94e8e1b008b8dc2b50
BrokenVector/LowPolyStoragePack/Prefabs/Trashcan_01.prefab,85cfdca15a07fc754620eab062597dd230160182fa1dca767a76171661d088f2,2907,
BrokenVector/LowPolyStoragePack/Prefabs/Trashcan_01.prefab.meta,a0699802dd52de8c20e28e791b365896e13aa6b1ccbfe23c36aaccea5034284d,181,1d9a68b5f87cd504692964e0e0184301
BrokenVector/LowPolyStoragePack/Prefabs/Trashcan_02.prefab,5b7482ae3ead95ffff1820a716bf077837e1f61f85c1dde44609a3e31587aa6a,2907,
BrokenVector/LowPolyStoragePack/Prefabs/Trashcan_02.prefab.meta,e9f59a9da2e07ad14aad50b0812f0840aeddcea4330f9bd08259bc268db18570,181,0ffd42e52125bc740b173f3df62f1518
BrokenVector/LowPolyStoragePack/Prefabs/Treasure_Chest.prefab,0b96af25aadbbf67eb09df3cb079162eb92f257257a4677d9b2f053f59817634,2936,
BrokenVector/LowPolyStoragePack/Prefabs/Treasure_Chest.prefab.meta,e3ecc8912188e3686f2ce509a84644163eba86377503b01ed08e452c9a3fff42,181,7508a35910e500841aa2d8ae33c44512
BrokenVector/LowPolyStoragePack/Readme.pdf,2989dd90a6a516e106d80d71ad2508b5541695ade311d8b03d5feb2a2625b1e0,809618,
BrokenVector/LowPolyStoragePack/Readme.pdf.meta,40e959af3f830d6e0610810f9b3ed9be488a54f5329bbb0485c1efb3a9a8b9bc,184,ef97793c2424fb345a7dbf2f9c0f440c
Corkboard_Desk.meta,2238fb0c99fbb0095d75b1eb21b3ffef2446d23fa6bbeac59d05cc07df9ec99a,172,21525f6034b417d4c85eb9d95202a240
Corkboard_Desk/Demo_Scene.unity,f9a0fd8c14453407050ce26e146f72899c74e44ff7eb1b41dc8f04752d178692,10284,
Corkboard_Desk/Demo_Scene.unity.meta,2cada06401d43b1dec43486b0bab59c1b5b9129734807ef283ba3f176b31fb02,155,e7244237c723a7f40a626741c5f2305e
Corkboard_Desk/Model.meta,d0d896627fb6611b0a084455647b0693d40dca7285de581a3f28e371244b3d3f,172,25b6016fd7fc13b4ba93facfafef9c1a
Corkboard_Desk/Model/Cork Board.fbx,2420bb369f4682ddf030832deea39c047d8192c09d8fdb003a6d322da3c0a6e0,12220,
Corkboard_Desk/Model/Cork Board.fbx.meta,81e1bf20b009c0cee9d43b7ff20747f41fac97eddc2b6d8e8aded17ed89d9e98,2736,6c55f5e06134a6f4e93d2d1cd29935ce
Corkboard_Desk/Model/Desk.fbx,b0883e00f253682eedf4fbea8238503e882397de96fa478db33f29567053b220,18844,
Corkboard_Desk/Model/Desk.fbx.meta,863f95bb9e3df0dd33a1cd5e462e1cc74acecea80ee2654a058776f04369b646,2736,6004018dc8fac6845a45708218df655f
Corkboard_Desk/Model/Materials.meta,f8080c7f915274c1c81476efe6dd8a17d24f2255dee7e754af75a8e2a55510ea,172,ee5c3cb549c9245468d268c8289ec197
Corkboard_Desk/Model/Materials/Corkboard&Desk_DefaultMaterial_AlbedoTransparency.mat,ecb441e295b3b20689935b7b0753fa2e88eba5b5f7e67ccb20cbcb20240582dc,2339,
Corkboard_Desk/Model/Materials/Corkboard&Desk_DefaultMaterial_AlbedoTransparency.mat.meta,cd6753178bb504f44060d7946741704a467f43ea4e195649bb86fd76783db0e3,188,4c37792ef4e38fe4fb7b745a3895133c
Corkboard_Desk/Prefab.meta,4444da8fbfe62d1220581dc06ba43f67621956446d5c62b0fa10ef44c56ec152,172,75f8f7d2cbdf1af4cab1987665a9e6ea
Corkboard_Desk/Prefab/Cork Board.prefab,c1574fc36295e30d11504dafd80a28d80bf4de25629419b86ecc682da7951840,2431,
Corkboard_Desk/Prefab/Cork Board.prefab.meta,134634e79297bc455d819656f3c353220c054366a2cb9a9682d672128d7a079c,154,be4a7eee87cc1f04fa732647cb09064a
Corkboard_Desk/Prefab/CorkBoard_Desk.prefab,787f8ea4f8dc716f4f720ea97fa2e8ff3ecbd2ef3b1e7165b9c70e7a68746066,6430,
Corkboard_Desk/Prefab/CorkBoard_Desk.prefab.meta,3db0bf91b2e4d1e6f4ea863659cab1ca12b7c31549bd48d3e045c37eb3ee7e9f,154,266d20e2d1362b64087f144324e44a94
Corkboard_Desk/Prefab/Desk.prefab,b3b9d5d3d6387e403b92e415d8defac89cf4a5e70df43fbbabcd674678808ed6,2426,
Corkboard_Desk/Prefab/Desk.prefab.meta,eb0b4ea3dc24fa3903dd23b3aeb058ea9cf071ddb7292c4735a5bd4cb16d78e0,154,e5cf0c9b3982b424baee3982d1c44ded
Corkboard_Desk/Texture.meta,2e0c388a3aeb874c3fd5575a8123f92657d48a6dfe7a31ecdf19d902620a6605,172,6a9f188dbf7d27744907323d73387f5b
Corkboard_Desk/Texture/Corkboard&Desk_DefaultMaterial_AlbedoTransparency.png,1bc8730c4298586e78b2d70261629b329607e82876881f564ea7dd53d8fb6cac,3548798,
Corkboard_Desk/Texture/Corkboard&Desk_DefaultMaterial_AlbedoTransparency.png.meta,5913c70c7a68efb0770772f39a98b8d64691023d9f3eef78387c3a2ce5f22c27,2170,11f04dd5c37d3684abad3c6f06df1001
Corkboard_Desk/Texture/Corkboard&Desk_DefaultMaterial_MetallicSmoothness.png,dc37b595c00db44cc8b8b9dde686d8fe69127c484894c552c6df3bb10b16d139,990408,
Corkboard_Desk/Texture/Corkboard&Desk_DefaultMaterial_MetallicSmoothness.png.meta,445da599faf9a4673a1f93700e9a432dd4f6a5a7ff68f3dfdceb1efccd989afd,2170,69e99414adc2ba64186cb6a80c98c7d9
Corkboard_Desk/Texture/Corkboard&Desk_DefaultMaterial_Normal.png,518906bbfd0e953eb73575f1762232fc13aa262bb86aaae9f2ccfcec8a1aa557,3993410,
Corkboard_Desk/Texture/Corkboard&Desk_DefaultMaterial_Normal.png.meta,92cde2ad2595d2a5d09f2819c40aeb5a2f100abacf86d84adf2e353f977bb31c,2170,2505b68b2d1e56049b3fd599b3d5590a
Free Stylized Cargo Props Pack.meta,c7402ff526f815593d8f6f8e2f098b7300c6f8dd61c6a0e5edf4e3bd3f7e9fc2,172,1b504f5e242498741a5a774a91f459c1
Free Stylized Cargo Props Pack/Demo Scene.unity,9c7a0c1141f718f3692c2e35198d6aed56af936a01178bfb15931f166bb073fe,47596,
Free Stylized Cargo Props Pack/Demo Scene.unity.meta,bc5f2ba63f77ed53fc5264dde7405f975fd0aea523cb382cec66990a713dc602,155,8bb62586892145a4ea5cb667ba2404a7
Free Stylized Cargo Props Pack/Material.meta,b22b1255a57f029303da19f7fddc91ac1d94a8bca4d9c1a66a2e4a41357d853b,172,4922c897f6f52c6479236cd6813ed7b4
Free Stylized Cargo Props Pack/Material/Floor.mat,4a8caa4909a7ab135a6d9df1011969d8aa76fe9f96e928ecb245bc0eb61f65e9,3806,
Free Stylized Cargo Props Pack/Material/Floor.mat.meta,7c432a37dc52f63dc9159dd394087a54ef96fc0abdc13b43a287a03da3455adb,188,ffb8bd76ef16c2d40bd7bd0ceaed4a64
Free Stylized Cargo Props Pack/Material/M_Atlas_01.mat,02cc8a73e6dac4b17ad8d04e125e007140d1435c3e8e375d36c2f5ecc73f21e7,3922,
Free Stylized Cargo Props Pack/Material/M_Atlas_01.mat.meta,3e8d21900ac717012ed2436e9f45c301c72ee3a7c28b1a7614e00ccf8b0a44d4,188,4d46b64d79990c740a9cd0e27c8300dc
Free Stylized Cargo Props Pack/Material/M_BuildIn_Atlas_01 1.mat,9c903e909f113480976d631da7b7623169233f0a4c3ecdee7a718377063ba1ec,3952,
Free Stylized Cargo Props Pack/Material/M_BuildIn_Atlas_01 1.mat.meta,c7e93699b36e3e0a9b0fe0ba28ca21055ec6c0b816bad3532194ec4c2f60a132,188,704fde32b8d954b4a961ef103f20bc65
Free Stylized Cargo Props Pack/Model.meta,f0e7b8c4d6f7de509e068ae7cfd60db7d11ed49927af9a20b58e0304f9d564b8,172,b7a542d87acde7447a1d4d13b91f89ca
Free Stylized Cargo Props Pack/Model/SM_Box_Wrapped_Large_01.fbx,5b71a402a01cf532bf093b3a44f1d8cdb70c1f0f88c14024dcb441b11dd58122,62812,
Free Stylized Cargo Props Pack/Model/SM_Box_Wrapped_Large_01.fbx.meta,9ec72abaa07e1f13312a58f9571aa3d12483930a8f1ae453c9f045becd7356e4,3041,964d584ccce655649ae2e76a7f31ae50
Free Stylized Cargo Props Pack/Model/SM_Box_Wrapped_Small_01.fbx,b154de9dfa4b0015677b30183d335677efe4a2bff59933897661c4452bea992a,55148,
Free Stylized Cargo Props Pack/Model/SM_Box_Wrapped_Small_01.fbx.meta,b16882b945931b0ecc2abbad2d35fddc74335ecbd3e6ee3098a234ab95d19a0f,3041,6cbeb3df977f2b04fbf7706953a56e04
Free Stylized Cargo Props Pack/Model/SM_Crate_Wood_Large_01.fbx,199e7b244a7523b4a1632dc2a40a79f805823717f301078b5bf3c6ddbc0ca16c,21020,
Free Stylized Cargo Props Pack/Model/SM_Crate_Wood_Large_01.fbx.meta,e05ab7df0917b05cf6dee42ac10bac67d7e6a3dfa32c78ab3063a4e12c81097e,3041,03c7c2d6c4fc0864b8f4fc281889b273
Free Stylized Cargo Props Pack/Model/SM_Crate_Wood_Small_01.fbx,1f87696c2c040b9e470dbe8e3ad5e3f724fc547b60598584141a7853498d65b5,21804,
Free Stylized Cargo Props Pack/Model/SM_Crate_Wood_Small_01.fbx.meta,3a8aaafcb0fd5fbffa8df68f46866ad4b653645f74ecf36e022068957d9f36f9,3041,c4cb643464b752f4fa45fe7ed67cd40c
Free Stylized Cargo Props Pack/Model/SM_Pallet_Wood_01.fbx,a0711295536af81c9efd75b53d35ddcfca1a385ce1ea03ca96804faa5b8cc1c4,23932,
Free Stylized Cargo Props Pack/Model/SM_Pallet_Wood_01.fbx.meta,5535245bbc76bddf0c78f3d33954d123acf01763ca5beaa69906d27de8ab87e7,3041,130a51ec5ebbc7b44bf980a1d2f105b4
Free Stylized Cargo Props Pack/Model/SM_Shipping_Box_01.fbx,473b176b1e2e830900fd9d189b41855ec667cee070775ffd92b07fedbb551eb7,25132,
Free Stylized Cargo Props Pack/Model/SM_Shipping_Box_01.fbx.meta,299aa146eb0f563c91d5d6f58ad1b22a587fea60dfc65c334ef4ac2a972674a4,3041,dea06e6155bba3241b74f5da71517ade
Free Stylized Cargo Props Pack/Prefab.meta,1665afb97b41b9be04dbd0c4bc7b321e55ec12d5e45fb56c615d858b8b7d9f09,172,b49b2d2b318881b46b1abf6e77b63211
Free Stylized Cargo Props Pack/Prefab/SM_Box_Wrapped_Large_01.prefab,ded7f08bb30bbcce33637e276744335cb88a6485a4fed55fb2cb4d4e9e03674f,2663,
Free Stylized Cargo Props Pack/Prefab/SM_Box_Wrapped_Large_01.prefab.meta,72432b0a53e94962c33054bd27b63b057af2bb75161d9d51116d02e41239efa8,154,8391bedc56fa9fa458eca120d7523eee
Free Stylized Cargo Props Pack/Prefab/SM_Box_Wrapped_Small_01.prefab,4baf155d717f9e40a900758f4dc1f0295ba3c3c6cb35135d72ccc2eba14e2cf3,2666,
Free Stylized Cargo Props Pack/Prefab/SM_Box_Wrapped_Small_01.prefab.meta,f38608ea13f4d4499f649c692d6c9c609b062c48226f93d186ba94c39b7534a6,154,27aa37669325c4e4f8eb6c4e245c8e22
Free Stylized Cargo Props Pack/Prefab/SM_Crate_Wood_Large_01.prefab,a941b4b7fd809497ebd6e7fbc22e5b97d5a20256a8930ad77c91c2c1efb69462,3282,
Free Stylized Cargo Props Pack/Prefab/SM_Crate_Wood_Large_01.prefab.meta,74858a33cb793d9f3fe17f979bdd5076745377eb63f32e61d40d7e54da6e962f,154,4348f198f042dab4292dbd0798fa6b90
Free Stylized Cargo Props Pack/Prefab/SM_Crate_Wood_Small_01.prefab,bf08410a04feac5e1c740c128d1183090b750cd3c7007d8b51f94663f608b944,3303,
Free Stylized Cargo Props Pack/Prefab/SM_Crate_Wood_Small_01.prefab.meta,b9b15c24cb494a5361ba75399f17f25f77ae204ab33392c3d34132e8acbf3dfe,154,84e7bb05d79dd194abf53c73a500d9a0
Free Stylized Cargo Props Pack/Prefab/SM_Pallet_Wood_01.prefab,046c19cce7378c41f3b6614d67aac3d66471f4a5a770ea630e8f2457b5aecf92,3294,
Free Stylized Cargo Props Pack/Prefab/SM_Pallet_Wood_01.prefab.meta,0055e10738d67e2e06b6472c6f56e399f0fc69d65e3b20a795370e56cd79c92c,154,38aca0c98d9253047bb88df72716dd9b
Free Stylized Cargo Props Pack/Prefab/SM_Shipping_Box_01.prefab,867ac00be4a4afe0854de73fca421ffa749b1111349897dd3670f5bddd41529e,3289,
Free Stylized Cargo Props Pack/Prefab/SM_Shipping_Box_01.prefab.meta,b67f4238fe12f8a9e2207c004e2405cc76acb73fe55921cf1e2af47ab0dab3ea,154,795562cd47b6f9a46b3fe2061a23c7bc
Free Stylized Cargo Props Pack/texture.meta,90c23911812b8d2e5cbcac609b5b39667f21b8584ae90e2e03ff74589b38176e,172,620b014660e46d9498a77591f6c3df8f
Free Stylized Cargo Props Pack/texture/Atlas_01.png,dc229f1268b76d54ba9029fa64de47af8aa498cd293b7ba73563f21d0c196b3c,728404,
Free Stylized Cargo Props Pack/texture/Atlas_01.png.meta,041670a6d62faeef86c1c8a5937d8d19745a9e6421351079d2124754e4f05f9f,2652,f60af2459cfad8b43b9e72ed7199eb8a
Gridness Studios.meta,57cae5b778c7129ccd1813e80fb8a962c2b7e5d31706a93fde4068914bb97147,172,9aad81c262a46bd48a923c68668d802c
Gridness Studios/Grocery Store Pack Lite.meta,0edd8c6e434e6803be4399a6be94f6ff13693a14183dd33c965530fd4f54714e,172,abe1784cef44fe2468e07ed5a70c7260
Gridness Studios/Grocery Store Pack Lite/Demo Scene.meta,7af5b79f36ee929a4be8ba480f39d99bffc5f87c7d15b4444799cdedc8771bd6,172,7ceb4287f7f20104692ac502047afd1a
Gridness Studios/Grocery Store Pack Lite/Demo Scene/LiteGroceryScene.unity,a755f9a87a398ccf54e4e34b48b40d974d29beb10bd63511ec2dc30ae4214141,218484,
Gridness Studios/Grocery Store Pack Lite/Demo Scene/LiteGroceryScene.unity.meta,736ea26ca004099fe1546665d43f8109b92af1fca7d7ef9d50c30aa4fea6bee5,155,fdda7aabcef007a4b86aa9610266a9b8
Gridness Studios/Grocery Store Pack Lite/Materials.meta,380c68368bab09fddca7bf66a9d5e9a0115ee806c892b854c613c359e2c3a209,172,f70e8fb23f78d60488cacb6e48065574
Gridness Studios/Grocery Store Pack Lite/Materials/Grocery_Light_Mat.mat,5b363fafb2f99d9197d233b8090a73ce769d4d6e697bc687c79df62b81473f47,2330,
Gridness Studios/Grocery Store Pack Lite/Materials/Grocery_Light_Mat.mat.meta,441b28d88b2f858b6e81a1c5d83e78108954bdc898095c0fd7651941c3bc55b5,188,d09e1e001de19fc46bc36944861655cd
Gridness Studios/Grocery Store Pack Lite/Materials/Grossery_Mat.mat,382a44ff2b116ea5778bddc97a8feeb3f605ae040e31011edd4bde448d7f410d,2314,
Gridness Studios/Grocery Store Pack Lite/Materials/Grossery_Mat.mat.meta,90fd417408c3d75d024ccf63dbb14162ad6a9b0f059601036ddf4aaf6c58afb2,188,7d6dfe16dde3c234581f224f5c2c0408
Gridness Studios/Grocery Store Pack Lite/Meshes.meta,7c2970b167e8b4e6e81486bf0b895391c451e5f97bccacc3db9dc71c76fb683b,172,3160f381f0af58944a62687e3fcfbd22
Gridness Studios/Grocery Store Pack Lite/Meshes/LiteGroceryStore.fbx,c601383398920488de99b8658f2eeb4c4947dc7b7acabd55fac41d086fadcc8e,98764,
Gridness Studios/Grocery Store Pack Lite/Meshes/LiteGroceryStore.fbx.meta,fb8b8a529f08194a674ad73d98b1cc2f58c9cf15d695de69f7dd2338a9a88f20,3237,21bd281347300ca4ba2a46bf7aedc61c
Gridness Studios/Grocery Store Pack Lite/Prefabs.meta,7a414459a9ccc501689494ae2f37fb6d7f3939f8378926a88e7ea36c08333607,172,f96d315dcb70c3d4897eaff57f64c289
Gridness Studios/Grocery Store Pack Lite/Prefabs/Building.meta,d6604242f75739bf2e04cf8ce44a4808041108e60f30a2851c56d61a612dc210,172,1c8ce96170832b848b430e644275c590
Gridness Studios/Grocery Store Pack Lite/Prefabs/Building/Ceiling_Flat.prefab,ba6770b2748590bd36845aa5f0c31719a1faec7a071fa134665cdd193c642cb7,3294,
Gridness Studios/Grocery Store Pack Lite/Prefabs/Building/Ceiling_Flat.prefab.meta,65b81993a0d123e55e87f08e53c2f548cd27e8ea411df0b931bd222194a905aa,154,3ac8934d10cd56a478aafa54a3f6527a
Gridness Studios/Grocery Store Pack Lite/Prefabs/Building/Ceiling_Flat_Light.prefab,3b987cbb1be62d476e6240803dd85d417779aeafb73422b04569c3053a4b3315,3373,
Gridness Studios/Grocery Store Pack Lite/Prefabs/Building/Ceiling_Flat_Light.prefab.meta,bb8756f3efa39164b2fe1bc2e25242983b6e9d88ace84bef6b3c683db2a92a50,154,464403cdea4193b4087dfc659116c6cb
Gridness Studios/Grocery Store Pack Lite/Prefabs/Building/Floor_Squared_Gray.prefab,c0e5b31e5ee47d3de3a6f780673d7bf7ea89b231851da0a694379db63d6f57d6,3304,
Gridness Studios/Grocery Store Pack Lite/Prefabs/Building/Floor_Squared_Gray.prefab.meta,dbe35bea6c0442b0021586248672d73264ff76d763a65ccf1a6e2410df66682d,154,6219a9312b10bb4419651714baed1075
Gridness Studios/Grocery Store Pack Lite/Prefabs/Building/Wall_Flat_Green_HalfDetail_Doored.prefab,7b13670f3c92e76461d08ec6de3e059230a2f89dd8544a3343e35af16439cd81,6014,
Gridness Studios/Grocery Store Pack Lite/Prefabs/Building/Wall_Flat_Green_HalfDetail_Doored.prefab.meta,c01d91d33aff726f7262ea68096d8717722c16ab28d6844e2842ee4e3b297287,154,040ee1e74a313c8459306139f9d93f83
Gridness Studios/Grocery Store Pack Lite/Prefabs/Building/Wall_Gray_HalfDetail.prefab,413a726d0499c50c6f79c46906b9f44492ea0dc0fbf6b4cacdc205016954d2dc,3304,
Gridness Studios/Grocery Store Pack Lite/Prefabs/Building/Wall_Gray_HalfDetail.prefab.meta,135913ce988f82db7aac862bcec43d453db6937daa1e86f68ab5780176928337,154,0739808ba53890545b9b10a78ffb5fb4
Gridness Studios/Grocery Store Pack Lite/Prefabs/Building/Wall_Green_HalfDetail.prefab,9a7ce0cc5895e22f1a1b11188f78ca147c2720a1851d1da4401fc87edf9715e8,3305,
Gridness Studios/Grocery Store Pack Lite/Prefabs/Building/Wall_Green_HalfDetail.prefab.meta,15a913e7262ee4ec9b5e5489347be16e79572f10e870b33bfd82641a0fdfdeed,154,1abc0a3eb77d77744bf2bda259b7e357
Gridness Studios/Grocery Store Pack Lite/Prefabs/Carriers.meta,7b66e9e06d3a6b67230881a2389c5bd3911a35a78cf3360a56bef27821591a52,172,f71f5d4b40e00c248b48ee6e32fcf3d4
Gridness Studios/Grocery Store Pack Lite/Prefabs/Carriers/Box.prefab,857aa4c828b7941a3d8237e65cc4ea3c27927dc54f77344aae25cf7bdf17035b,3289,
Gridness Studios/Grocery Store Pack Lite/Prefabs/Carriers/Box.prefab.meta,a8bbe163f069685653254735a86911691c7ae81d079e01d45cf9f23e8380e36e,154,7232d1220e1e8294ca9566dfae4e9c02
Gridness Studios/Grocery Store Pack Lite/Prefabs/Carriers/Fruit_Case.prefab,df7eb21ffd3d2bbc98b8b4066dcb1ee889f3eb00404afa9e4ee907378635051d,3292,
Gridness Studios/Grocery Store Pack Lite/Prefabs/Carriers/Fruit_Case.prefab.meta,c2ada87ef3d947d8cd88b0e3aa1f758b8a28cc6eeb3795a0a2a39363247f22a4,154,8b2ab9928d6bbb14a970ec52ac740454
Gridness Studios/Grocery Store Pack Lite/Prefabs/GroceryItems.meta,452f6469f4c1413a8cc7c0f14425e8a6def6e1dff202911fdbc6ff98221628c8,172,ae50a3ade83fcef4bb91283ce9648b1d
Gridness Studios/Grocery Store Pack Lite/Prefabs/GroceryItems/ChocolateBar.prefab,a7d487bb7b900e03889708be64ee22b2e3ff4d91f12473bb4b4d6993aa4c0a01,3296,
Gridness Studios/Grocery Store Pack Lite/Prefabs/GroceryItems/ChocolateBar.prefab.meta,636072ff1fb8d34962921b5d049d7fa7a074295c898eb059b0a51ebbdf211c93,154,5a23a418d6f4fbe48b8554feb638df31
Gridness Studios/Grocery Store Pack Lite/Prefabs/GroceryItems/CocoCereals.prefab,12bf3f85ab375d284fb77f47d4f98bdc6f5d47d476283fac043752659532b32f,3288,
Gridness Studios/Grocery Store Pack Lite/Prefabs/GroceryItems/CocoCereals.prefab.meta,fee0ed3b47c739c0887d54b82364758caddf1b3ff49c4cd6149a0d5c73ba0a18,154,1e990e856a122754b8386dd5b0d1d24e
Gridness Studios/Grocery Store Pack Lite/Prefabs/GroceryItems/Milk.prefab,bc7d2b59d3c51c2bd915299aaadf50b268b912613b69b1ff083f836823f97b65,3284,
Gridness Studios/Grocery Store Pack Lite/Prefabs/GroceryItems/Milk.prefab.meta,45d601628c8705aa38c2f8acd80c397ba2b4432d4d2aed0c3ea89226d103b1f3,154,5b4ab89fc44eea1438ea3ab8701aa82d
Gridness Studios/Grocery Store Pack Lite/Prefabs/GroceryItems/Tomato.prefab,6ecd94ecdf87ff77adeb7630ae53f947dc3bd0703721f849b6cf3515a395868f,3286,
Gridness Studios/Grocery Store Pack Lite/Prefabs/GroceryItems/Tomato.prefab.meta,de436e158ce5427d5f8894735201ed43437bef2b8a48fb8b2b0df9eabb900e70,154,f354fb1e81fdf764b8b444d91b097e0a
Gridness Studios/Grocery Store Pack Lite/Prefabs/Shelves.meta,fb0b72cbb247d3a7f725cdfcf37a3666e5062794f9b06a6e8a2187a6c4c3297e,172,d9534004358bf8c48b3e7b6fbdecb064
Gridness Studios/Grocery Store Pack Lite/Prefabs/Shelves/Shelf_Flat.prefab,a30f9ce719ca6e6139dbb55bbac2d788221fbb3361c5a21fac7eb681a0718581,3292,
Gridness Studios/Grocery Store Pack Lite/Prefabs/Shelves/Shelf_Flat.prefab.meta,21afe0224b99d0243d1b1f95d861cfaa6f0f34f975d9778aad43d1d48db060f3,154,68e9c96cedb82e547879362d04050ce9
Gridness Studios/Grocery Store Pack Lite/Prefabs/Shelves/Stand_Mini.prefab,a59028fe633b96a83641c95519337ee35ba607de09699b09688b6b842947e8b8,3296,
Gridness Studios/Grocery Store Pack Lite/Prefabs/Shelves/Stand_Mini.prefab.meta,c9a1d341d8010ec135ff55701be566deb9f859fa319fd4ce47d2cccb4fe82eb9,154,fbe4782e681987b4484f88ceace674f9
Gridness Studios/Grocery Store Pack Lite/Prefabs/Shop.meta,8286a8ef6c75849eee0d80c62a604ecd7c627708c7a4ebe1b9b9b25c74051c4f,172,fafb8187e0fd4fe4da01225675463590
Gridness Studios/Grocery Store Pack Lite/Prefabs/Shop/Barrier.prefab,043cd7592590dd6589f6e7e42ce80839c6951f8a71c67267f8a66161c50cbba3,3282,
Gridness Studios/Grocery Store Pack Lite/Prefabs/Shop/Barrier.prefab.meta,fb989e4df50c08b8f9a0b4c159c84f116813da41697e0a384e6920ab79da2b93,154,2ce77dc051252804fb6550c2ae630477
Gridness Studios/Grocery Store Pack Lite/Prefabs/Shop/Cachier.prefab,e988b7c18cf0d3ef003d8bcb61f2f87af759dfc7baaeb92614329892bf91aa4f,3293,
Gridness Studios/Grocery Store Pack Lite/Prefabs/Shop/Cachier.prefab.meta,f7bb259de8bb98578339475ecd28e51a28111263bbf62d3a23001f13290a469b,154,f2a0404ed85029f4bbdb1185d15522e6
Gridness Studios/Grocery Store Pack Lite/Scenes.meta,d3362501accc50c28a883fd84b24e2b0527592a088c01099bd41b333e8a74da3,172,2c6270d4a72eb544aa2b42165b24559e
Gridness Studios/Grocery Store Pack Lite/Scenes/ModelList.unity,b8c33b459f4b153e41db6058b3a30af2752259709ca66f31c6793e042d2a54c7,47539,
Gridness Studios/Grocery Store Pack Lite/Scenes/ModelList.unity.meta,41de4793bb6ce40469a397e021e5f8ff49b615c16a6d0ff5dceeaa4330a6e727,155,382c513c684dc9542989951f31b5d724
Gridness Studios/Grocery Store Pack Lite/Sky.meta,21684c28282b0c7552bb340a6cf18b1503bbd7ed39b55887206a29f24cf40730,172,39d11a7c63135e84398264724fc78c1f
Gridness Studios/Grocery Store Pack Lite/Sky/Sky.mat,eaf31225658070da5cce6a0604bcfce70afda799fd5e55fd435a9589acc1caef,3312,
Gridness Studios/Grocery Store Pack Lite/Sky/Sky.mat.meta,b97a3ae9a884f341465874482ad631b3ba96313cf33563dd33b917fbbb46b5ad,188,90e9bb2637b83ca4c9063c5797be5f23
Gridness Studios/Grocery Store Pack Lite/Textures.meta,16af75b6fc2a2ac07e4eab44e8ef65dff69a83ab2de12602c0355cc8518b7cad,172,3a3ae85e885955a4b83a7258d117445d
Gridness Studios/Grocery Store Pack Lite/Textures/GridnessColorPack.png,dc1638e90ade7bcd3004c1d67e0a0a5512088a7a4533ea597f5e8b83c1d03304,394453,
Gridness Studios/Grocery Store Pack Lite/Textures/GridnessColorPack.png.meta,3a41d76b8b57f17efde08e55fb693a826367a011bdd0084a87db20785e838ab2,2652,ef17fc781514a8044802bf63400efc95
H&L Assets.meta,f027fc71662ff4c821d582953fc3fea32a7cc2bcf92a86c3c20c07b55d76364d,172,df71562d9508513498249339a16af2f6
H&L Assets/Concrete bench.meta,88bd6097f53d520d007c746d487fad525be5e91157b1cb7b2412132db987df24,172,5c334e4bb2166bf4885a8b69d894be74
H&L Assets/Concrete bench/Built-in.meta,97ccef3eab3e0796f3016c50c4b8c0cb9391d064de6255b44c89985f7d5d5220,172,562f832c09f4cba47ac0dc6a031d829e
H&L Assets/Concrete bench/Built-in/Materials.meta,b20a171a280870fa79584eda0eb93b529343ae4185028d1c0a41ca5a8451f4f3,172,f4aeed6b48f2ff646b73e52e6a1c9800
H&L Assets/Concrete bench/Built-in/Materials/New Material.mat,2d2d30f838752edbaa497eafd88f75c2457fe0d2aa069cb720166ac7250c6d48,2299,
H&L Assets/Concrete bench/Built-in/Materials/New Material.mat.meta,2b09d1a101516e5e56c6c44c8226502b86d14ec80009b7eb96f1a612be4827d0,188,6323cbab51fb3854693cf1432f1c90ae
H&L Assets/Concrete bench/Built-in/Prefabs.meta,326774283f6161ade228750f67c197bb7cea8ed4aa78fc8507c31deadc3653d4,172,3c8c812ddbfe10f43988af7ab7d9cf59
H&L Assets/Concrete bench/Built-in/Prefabs/bench01_new.prefab,f4b414fe96a6f99410f756916c8d111442da0ec1f4891a7913b3d60e093cabfe,2945,
H&L Assets/Concrete bench/Built-in/Prefabs/bench01_new.prefab.meta,148aeac0abf3300b9d5b71a1692767fa2f99c37246a586c0b7b9b234c565deb2,154,ca804b555b6d73a4490acaa569492e9a
H&L Assets/Concrete bench/HDRP.meta,5f6944bd2a0405f4e3baeb7f36ce48c38ff50efd9d9e332554cb6af436c89fc3,172,ce80dc28c2be91f4b8b151a1c0d99b12
H&L Assets/Concrete bench/HDRP/Materials.meta,38a3979c5a0cb9f1e223477eef35cec48dcb7d19130c549747deaa9e86f22286,172,a13d9ee9a640230429deafc5370f7f90
H&L Assets/Concrete bench/HDRP/Materials/New Material.mat,2c329a3a5a53dbc133c0bd701c43e49825fd137825296681b31a03e632b47a44,9354,
H&L Assets/Concrete bench/HDRP/Materials/New Material.mat.meta,42189b6af2a76a0eba376a884a2dbce179448e5716632d66dcc47146afc5b9e1,188,d72b380b7e3bece46b94e2532e1d237d
H&L Assets/Concrete bench/HDRP/Prefabs.meta,fa0a8e00e9ae3384f6aef6cc2ed677f06d2be70097ea452ca773c1cc17e961c8,172,8e4153bfd2d503340852bff9e99a5a32
H&L Assets/Concrete bench/HDRP/Prefabs/bench01_new.prefab,c3b00e654d61d975f50d7576c1d471f11cf321b64b54f743a54f161036ed8d1f,2945,
H&L Assets/Concrete bench/HDRP/Prefabs/bench01_new.prefab.meta,49181e9bade2b7e24f3bf8de074cae696e8b61e3067773a9144e996a8357de86,154,852480d12e3d0914081427966f04bf81
H&L Assets/Concrete bench/HDRP/Texture HDRP.meta,f3fa2dd282f8f067d8256bffc8daf630fd3d8a15649a5f540842da972a161508,172,4dc6c7afd8681854aa0166b72ff6fcae
H&L Assets/Concrete bench/HDRP/Texture HDRP/New Material_MaskMap.png,82e8394a3122deb48992b7c6df384cba4b04bc389b776f3d26100c390815e091,78,
H&L Assets/Concrete bench/HDRP/Texture HDRP/New Material_MaskMap.png.meta,2a5166177b08eeab902e794d010be4d6252e7290b21739019e074675b3f374c6,3007,2d84c70c4325ba54eba1db7765843e27
H&L Assets/Concrete bench/Info.meta,79682165485daa47deee0cd239c6b0bc728cef1d6431891a22b9f148a9db0803,172,1d17660ad6d074447a99ed3aa6ef178c
H&L Assets/Concrete bench/Info/Info.txt,db46aaa071cf6fa9b2b5adabc3db45d9a9df609605e2a47e060a90db4dad4c64,269,
H&L Assets/Concrete bench/Info/Info.txt.meta,92ab27f208a6e728cd0178fe903eb0553bb7846c4128b62015d7e3d9849b6e7f,158,30b2ec16eb2d99047b5d386791b6fb45
H&L Assets/Concrete bench/Meshes.meta,5d9853e4150ed6d7a7a22b36404a2ad733ff78a9919616ebe5e91c820f4d2691,172,ca4a8f149e125b340b4d5c738c4bcc81
H&L Assets/Concrete bench/Meshes/bench01_new.obj,428dbe47751ad4bfada191ee93a60f73f6b5dd52adac03b5b981051ce6adccc4,31113,
H&L Assets/Concrete bench/Meshes/bench01_new.obj.meta,51bd419234d550f762766f3f995998a487ce124d76ca99d31f799202f2298f4f,2784,bb11de2af60ae564b9fa65d4c92e58d3
H&L Assets/Concrete bench/Scenes.meta,f3e4922af1b5b1578705188b48b6d0081eaf854cf36e5d032d687e792b41bec7,172,8f8fdcbf082c4a74f890879a6894cc28
H&L Assets/Concrete bench/Scenes/Built-in.unity,de93c302d441660ab75bfab04a4f52dfe72366c61859db2d9f014fad8421a99b,10606,
H&L Assets/Concrete bench/Scenes/Built-in.unity.meta,583aada4c5b751364074da0b155c91a214581adfcb532dd24d4a9f58f60981a0,155,c133394805af6874fa656a29fe991892
H&L Assets/Concrete bench/Scenes/HDRP.unity,ebf8f408fdfe85ce847af6b5e94883d2db53c81fd04f3e391266cd2f0bd378cf,21051,
H&L Assets/Concrete bench/Scenes/HDRP.unity.meta,27d8fff2977dedd937cc944d71f294404d3e4d3885d07891a18d4b2e6e6bb148,155,1cbfe21be134cca4c9d34cdc8fb53411
H&L Assets/Concrete bench/Scenes/URP.unity,f3fc8414f39b89101d43ece4af35fa542ba22da8dbe5597b5f038296d27ce275,12481,
H&L Assets/Concrete bench/Scenes/URP.unity.meta,0286fc1803a0835522d6f7566e4aec6db0b623dd9f2513bc009d693baa6e3100,155,cc1f885d63908ed46ae3f41e1824feeb
H&L Assets/Concrete bench/Textures.meta,0f11f7ec976c5381f5e67e2547d9b67bb392e872c44c7d69850f9d856a552781,172,105582d29c7687b47966ecdf5ebf1b59
H&L Assets/Concrete bench/Textures/bench_01_concrete_color_2048.png,0cb21d078869b72be70273962dc93a8288278003d1bd740585957dee42db6014,9681520,
H&L Assets/Concrete bench/Textures/bench_01_concrete_color_2048.png.meta,3d978f0a9babf75fa2c0c4f7d1c2cdd5860386c52c17edc9846010eaba28c0c5,3007,75f80817c68e8f945b44533380257a4d
H&L Assets/Concrete bench/URP.meta,2e90eb93eead0af6fa5a34f176b20c5e310a3fc9b4f16701fdcde2ac72a06c73,172,e719b1ba9fd0ee244bdf08439b728eeb
H&L Assets/Concrete bench/URP/Materials.meta,9cd47fe36c521021ba302c99eea8d1491fad701fea1bb9cec573a4e8d07b1cc2,172,a0902ab3bee7fb5488b4ba28fbd0f5f6
H&L Assets/Concrete bench/URP/Materials/New Material.mat,ec47e23ec747bb9f7bb500e5a0bfb6d904625394dd1db2c04fc659707a721191,3900,
H&L Assets/Concrete bench/URP/Materials/New Material.mat.meta,4fc94ffa804106249db54c7233652b811e6eb8bd493be52a1333ac8b255e4c9e,188,3e2c21c5df1d31246a52c9d8f00900c5
H&L Assets/Concrete bench/URP/Prefabs.meta,6c0748e207db315d26781e3fcd963d409c34fec4f2dd0fe659e78b9d85de7915,172,1355fd1e04a94f0409404b7158c63fb4
H&L Assets/Concrete bench/URP/Prefabs/bench01_new.prefab,729479ad169df3597846b73833822109e37cd7f56186e36ae53fce8a252cab5b,2945,
H&L Assets/Concrete bench/URP/Prefabs/bench01_new.prefab.meta,63eddde06a7c9808b9f6b82ead49297c35dd4c184579bbbdf91dd13a340de58d,154,fd5da73d8eebbae4d8f0b62425a42250
Korea_TreasureProps.meta,1b58c4e227051279997abe8abc29c8739f2092667a5ef7ecce43091435c650fb,172,4a45b0d3a7acc72409afd9b5fefa89b9
Korea_TreasureProps/Materials.meta,5c7875065bc62f8c9e749607f2273aed256da5eb9831da3f4db735b5074447e7,172,57365d012ab3e7042b8f98f9073e7885
Korea_TreasureProps/Materials/M_001_Statue_of_the_Buddha.mat,fca2b71f4b0d435a58edcec2eb3affc303fb8f915ddd43a60427013090895aad,5059,
Korea_TreasureProps/Materials/M_001_Statue_of_the_Buddha.mat.meta,a84da2f05e2ec7315326944d00c901f594bb177bd002993c9e0d71e053e1be4e,166,abc00000000012492525427662347315
Korea_TreasureProps/Materials/M_002_Statue_of_the_Buddha.mat,89b98e36be7caf9bf6a26cd293e4246565d49bd9dd7c33ceba2c0c9f708eea95,5060,
Korea_TreasureProps/Materials/M_002_Statue_of_the_Buddha.mat.meta,4c1281f959659f967dd884a66efa6a0e57ac3cb28736d0cd115e0d960b2a6e93,166,abc00000000012675215444688405832
Korea_TreasureProps/Materials/M_003_Statue_of_the_Buddha.mat,72e8ed5a923693ae2cf073eaaa65d7399a48b499197b0df1c647e645bc73fa08,5059,
Korea_TreasureProps/Materials/M_003_Statue_of_the_Buddha.mat.meta,63d8edd39d355c0fb2b4740fe37e17d09801916c393e880be08808d6aebc3e46,166,abc00000000003032031616343454679
Korea_TreasureProps/Materials/M_004_Helmet.mat,b43af1f14b61b3b3b54073d512c95ff2f73b5539d555690940e471f7fb8acf02,5046,
Korea_TreasureProps/Materials/M_004_Helmet.mat.meta,285893b2021aa430a5092f6934fb04a74e00989f7be6f9d5ec5482fe160a822d,166,abc00000000007264415206180028301
Korea_TreasureProps/Materials/M_005_Stove.mat,1c1aae5382fe0cef665ab4db47c1a315436af91aeaf468bc616da9681252d25c,5044,
Korea_TreasureProps/Materials/M_005_Stove.mat.meta,23fd9bdecd393672fe41f1cdc78aae9b111cc603d3a6f727f130ca142827b3fe,166,abc00000000004507094177145652897
Korea_TreasureProps/Materials/M_006_Brick_001.mat,72359b7a02ac48d7936d3b6a6a5345274c75f9bdded2006f4e2b3f7f5585ad3c,4792,
Korea_TreasureProps/Materials/M_006_Brick_001.mat.meta,d9d1923e25b79d44a4eed24e323400419869a3e4b02dc1bc6d261f30d7adf675,166,abc00000000003050251307071305381
Korea_TreasureProps/Materials/M_006_Brick_002.mat,dfc805c3d25388d41fb9a0f45f5720b44d99fc71ff1e2e5f6014beaefde529e5,4793,
Korea_TreasureProps/Materials/M_006_Brick_002.mat.meta,da15a5b7c2a45391b09aca75d61172f2d8fb6e743133545c6d56e5ae2b2dac76,166,abc00000000002500544358589117864
Korea_TreasureProps/Materials/M_007_Statue_of_the_Buddha.mat,e2b209d0ce59e8126898b854d5bdc2acc26158dc536e5898fad35cd5bd20938d,5059,
Korea_TreasureProps/Materials/M_007_Statue_of_the_Buddha.mat.meta,e1cef90cfb4b361f9b560be575769074a87c8c0d61c40b878053d20a682bbc5c,166,abc00000000012821858157351029537
Korea_TreasureProps/Materials/M_008_Statue_of_the_Buddha.mat,1c4bbed0a9c211b85fc37a19eb26dce3201ad78b5ce41958ffadb370a9a9fbad,5060,
Korea_TreasureProps/Materials/M_008_Statue_of_the_Buddha.mat.meta,4c7fb6183bd77a72896aa752e47e12ee42ec70b47b162177b09f14baa4e12425,166,abc00000000000846193076884263541
Korea_TreasureProps/Materials/M_009_Statue_of_the_Buddha.mat,489c044a9d2dd0a37430ee119357824b97a429fb57543ddca6d08726530a685c,4803,
Korea_TreasureProps/Materials/M_009_Statue_of_the_Buddha.mat.meta,7ca8340548e3fa8164bff1b25d9869018d9a00bb342bb4407916d4d7e997d2a8,166,abc00000000005966814309214002593
Korea_TreasureProps/Materials/M_010_Statue_of_the_Buddha.mat,ef3bcb6b1806aace79828cf9d0dbd0270fbc0142fc8c6e99e3453475bfc5c73c,5060,
Korea_TreasureProps/Materials/M_010_Statue_of_the_Buddha.mat.meta,9d2bd24fc9945ddd8a2498602bb69991f7511d4ad48c83ee00a741abef9d4c74,166,abc00000000005757033801770948900
Korea_TreasureProps/Materials/M_011_Statue_of_the_Buddha_001.mat,6741c02855454fbc357b84390b961e41690431b1d20265da356b13c98d26f654,4991,
Korea_TreasureProps/Materials/M_011_Statue_of_the_Buddha_001.mat.meta,34fb74cc30c39c99bf1eda72758b4c0930c26dd552f35d5179c8a06a0cfcb53b,166,abc00000000010691573849062964113
Korea_TreasureProps/Materials/M_011_Statue_of_the_Buddha_002.mat,d2e0607cdba5472c4d04baeb634a0f058d49e2a8f711628ea4505ee809d1fabf,5064,
Korea_TreasureProps/Materials/M_011_Statue_of_the_Buddha_002.mat.meta,34a4c56715b04cfe0ccee2cffafbe99014bba612e446d78104a164540c36ffee,166,abc00000000007836950956182039689
Korea_TreasureProps/Materials/M_012_Gilt_Bronze_Shoes_001.mat,af5b2239461154e29f647ad73dd9c7332b86c5e41839cd3369c3ca84e5a812df,5061,
Korea_TreasureProps/Materials/M_012_Gilt_Bronze_Shoes_001.mat.meta,e7cd1ca8863f213193dc386bd491d439fd00b93a216ce61f6b1f1fb67bfef80c,166,abc00000000016520104545144417437
Korea_TreasureProps/Materials/M_012_Gilt_Bronze_Shoes_002.mat,15827be252aeedc1897e02e5488b93987755e38c840ba13977389b51ac4210c5,5060,
Korea_TreasureProps/Materials/M_012_Gilt_Bronze_Shoes_002.mat.meta,82421d708366400d3bd39dc63ccdd3b9130abeef6121c05f6c7ce048108948c8,166,abc00000000010656214756813315404
Korea_TreasureProps/Materials/M_013_Statue_of_the_Buddha.mat,fd9c278abeff26acba7d7ff130eac6274b8b6922ace32dded2b0799bd05707f7,5060,
Korea_TreasureProps/Materials/M_013_Statue_of_the_Buddha.mat.meta,4e2874beab40e7688326bceeaf1739aa8117baf2db7fbc6e0c8c52dbc250f786,166,abc00000000001192442171474923629
Korea_TreasureProps/Materials/M_014_Statue_of_the_Buddha.mat,b976167ddcaa52a5b61db94d7a2b903a87d925afd554a4f09b67b96a62658007,5060,
Korea_TreasureProps/Materials/M_014_Statue_of_the_Buddha.mat.meta,367075de477e6d5756c6224a6237ae1879503ee6c064dfdeee786adccce877ac,166,abc00000000016341120711294577530
Korea_TreasureProps/Materials/M_015_Stamp.mat,27123fa702e81dbc2785a3c43d228d52179029470c92b717b9a53a0b8a2ba274,5044,
Korea_TreasureProps/Materials/M_015_Stamp.mat.meta,55ccfea08d3de7188985f27a6305bc8e1411fef34949a3c0d889a5270f09ae55,166,abc00000000017511547096944496157
Korea_TreasureProps/Materials/M_016_Stamp.mat,a4a0323ae220921e6f970f2b9fad21ec01ddd3d6fe5d5df9970cc6a6c7b247ab,5044,
Korea_TreasureProps/Materials/M_016_Stamp.mat.meta,2af33db2bded828a57bc2ad9167411b942d3de2112c2298e6a3e2e4a39deb56f,166,abc00000000006234048881362887259
Korea_TreasureProps/Materials/M_017_Storage_Box.mat,61d5301251defa4da10ba0fdcc6e6594d9cfe53a7ef63c83e64dee13c4228e5d,4794,
Korea_TreasureProps/Materials/M_017_Storage_Box.mat.meta,b148dc43aff6a98ca81ee5a576269cbd2cac1f315c7ab00e5b271911ce5ec3e1,166,abc00000000017581648969688520705
Korea_TreasureProps/Materials/M_018_Pillow.mat,791f59a9b1746c6213fa5b497caf671637ba29307c5bd5881d48127293f66eeb,4790,
Korea_TreasureProps/Materials/M_018_Pillow.mat.meta,f1a3522349e68c1ab4caba78873e771b95c5447311c19e03cdd7d1a4a1f93120,166,abc00000000013002069235344456074
Korea_TreasureProps/Materials/M_019_Golden_Crown_001.mat,ace4ff3df696a8e7564dc6af16e3b94cf088588e48a376f923bec369efcd96b9,5055,
Korea_TreasureProps/Materials/M_019_Golden_Crown_001.mat.meta,ad7f2fe9bc74b87a4db0daa9774cf399856225017e98a3dab147e43ba5252408,166,abc00000000015528870932722878761
Korea_TreasureProps/Materials/M_019_Golden_Crown_002.mat,f717ec01eb8e8edcff3b374ef90a22c7de42b7f108cc68b860cbd8e977966a69,5055,
Korea_TreasureProps/Materials/M_019_Golden_Crown_002.mat.meta,3bc444d42f123333c9e8d48d309e21c49af461f9ef49e9e6325b19ff053cadb2,166,abc00000000006217359219550161988
Korea_TreasureProps/Materials/M_020_Saligu.mat,5c760692218b14850495e3b4f751e8dbe5a060c417d3ad366a71b4473ac285a3,4789,
Korea_TreasureProps/Materials/M_020_Saligu.mat.meta,e0f83fcaab3f4bc765e984e474fa6ffcb053b15e9f11ecc88efdad0bcf0fe962,166,abc00000000003410852869038858047
Korea_TreasureProps/Materials/M_021_Saligu_001.mat,a8e8feccf38fabce229bb74be7973b93104e8bc6a47210739e9611dd35fdfcdd,5049,
Korea_TreasureProps/Materials/M_021_Saligu_001.mat.meta,7212fea631633c9d35e9224c743155e7318c61ad46962aae0a56aa3a552e7942,166,abc00000000016471950518906118270
Korea_TreasureProps/Materials/M_021_Saligu_001_Lid.mat,6b4cabfc0363957ae60960cc56a6b8f717c1d17649628894c5ad6ce36849d99f,5054,
Korea_TreasureProps/Materials/M_021_Saligu_001_Lid.mat.meta,ed5787b15b18c4540a9a562ca5bdb678b2006b52bbd7c4598799d7bb4f3c5547,166,abc00000000005039346963886156401
Korea_TreasureProps/Materials/M_021_Saligu_002.mat,cb61a8b2628eb3a8090d59f2f1b403ceacab31c9066a0454c570eb80e213682f,5049,
Korea_TreasureProps/Materials/M_021_Saligu_002.mat.meta,7136c6e3d17efc52b36b6d521971777ad1b8027311199b1d3c8575025feca57d,166,abc00000000010755487182521336526
Korea_TreasureProps/Materials/M_022_Saligu_001.mat,357429fd5c5a371cd43345ff92c1a4db23a530ea975d7602f28fb525554ee183,5049,
Korea_TreasureProps/Materials/M_022_Saligu_001.mat.meta,a0d4ce7381056b3982cf11b32cff5d1687da9b127aa353ac8db1c118c3c03dac,166,abc00000000001354026265515622842
Korea_TreasureProps/Materials/M_022_Saligu_001_Lid.mat,1cd3dd253c027a6668062aa801b40c825431ebfd530ab64d602c8a0806b9dd05,5054,
Korea_TreasureProps/Materials/M_022_Saligu_001_Lid.mat.meta,f9b26570ba515c8b2dc018dd8c97ea04b29f2719fb957e865f599b6b8f11a5e8,166,abc00000000016936247827739596948
Korea_TreasureProps/Materials/M_022_Saligu_002.mat,aa3d2f2426637e1363126a51292df99f6f5cdd596a082984a084e562f18417bb,5050,
Korea_TreasureProps/Materials/M_022_Saligu_002.mat.meta,dda97f1655ea12c00b20c22271a8794de0871069099730ba261403885f9e5948,166,abc00000000001374739436805988442
Korea_TreasureProps/Materials/M_022_Saligu_002_Lid.mat,d48f9126b15801c858d40ab16a97046ee06e4ec892002288d8630670fc5a3976,5054,
Korea_TreasureProps/Materials/M_022_Saligu_002_Lid.mat.meta,b267664473779ddaae389d882c122d7f387313dc34418431311cc8a808a2096c,166,abc00000000010790040823887630619
Korea_TreasureProps/Materials/M_022_Saligu_003.mat,365d4cdb5e26e7cd880d4e1fb585d0a45637e0343830c5f6a8e243769b9d3a35,5049,
Korea_TreasureProps/Materials/M_022_Saligu_003.mat.meta,661f7b629030fde6ee69f4d2b190033052174db6e6db305ed3a8610a6382f342,166,abc00000000004614843817571715311
Korea_TreasureProps/Materials/M_022_Saligu_003_Lid.mat,71966370baac1008e2550d055e5d472a3d12659b80c55bc6567dfd3399e0346a,5054,
Korea_TreasureProps/Materials/M_022_Saligu_003_Lid.mat.meta,67c0187e74e8f7cb88e1ad97ce3678a150629be1f81b2e33b6227ce4a27d7251,166,abc00000000015872134109638947698
Korea_TreasureProps/Materials/M_023_Bronze_Ritual_Object.mat,bb646511aacb86eb88561c1cce2c699b5b518e5b482c6297e100ae4a59795ab1,5060,
Korea_TreasureProps/Materials/M_023_Bronze_Ritual_Object.mat.meta,03d204f2ebec345eae0ee412d0d7e518c38289a3a3a737c0a04fae9b4a84063a,166,abc00000000010333642736099613582
Korea_TreasureProps/Materials/M_024_An_Earthenware_Doll_001.mat,f59b30d3e81c70f8a6671a575f31831c6db5e9223d2053bed514e55339c2e611,4807,
Korea_TreasureProps/Materials/M_024_An_Earthenware_Doll_001.mat.meta,b071411134b72e14dc2a1f76e9b4908a44604247107ac27026488623f706daf8,166,abc00000000009541275492459324450
Korea_TreasureProps/Materials/M_024_An_Earthenware_Doll_002.mat,823ac3f6f538e21bb1e698e3eec1ffeb4af21bb53250823ee4ab5b28f3e7f47d,4807,
Korea_TreasureProps/Materials/M_024_An_Earthenware_Doll_002.mat.meta,a9b4b971bd01f9419bd5e0296101d5f417fa23def556a01dcdd420ebee876ca6,166,abc00000000001779015012418960162
Korea_TreasureProps/Materials/M_025_cup.mat,28cc2b22928b4b00352ec2ab45d323ebff4c45c806c0059bd686aa1c56bd8bb6,4787,
Korea_TreasureProps/Materials/M_025_cup.mat.meta,707c4e815093f85346bbe7d4475cb84343df627a9d5e089a61d5c7790d4d3052,166,abc00000000003760344939137970451
Korea_TreasureProps/Materials/M_025_cup_Lid.mat,a828257cc4bb00c0310e3970e93cb137c8469ef45337d422a57fa07385fb3a4e,4791,
Korea_TreasureProps/Materials/M_025_cup_Lid.mat.meta,f53713503e410feb3d7aa9813e39a0069dd5c3ef7affe8f6d6fb07af52244c5a,166,abc00000000000850959595449412445
Korea_TreasureProps/Materials/M_025_cup_Tray.mat,ce87fff34c82a587225e3b8b0cfb5d710cc1ace58be009197dcc474ba40be8ca,4790,
Korea_TreasureProps/Materials/M_025_cup_Tray.mat.meta,a7f159529e33d29ccea1eea9f63620280e8ff99c15b3aed7811d5d8e74f41eb4,166,abc00000000017092643117129024559
Korea_TreasureProps/Materials/M_026_Statue_of_the_Buddha.mat,419c498cb3b9492c49c95b3266932f2dbab3819449d8e2a2fd389d8927326317,4804,
Korea_TreasureProps/Materials/M_026_Statue_of_the_Buddha.mat.meta,66b2fcad7dfd4a4eb2ec4ee56e2691871f12702f2fdd7ac946549e1e543c0466,166,abc00000000003359060346509569584
Korea_TreasureProps/Materials/M_027_Sundial.mat,3c68d6482d11369b08820aff1fb0271c5e80d1d401e9f032e942a09f2ea21f63,5046,
Korea_TreasureProps/Materials/M_027_Sundial.mat.meta,0bba9502fbbf0f1c9a24368ecdcd9cc0476fcbf9a3188b228cc06cb71b3a7410,166,abc00000000013496978141697739226
Korea_TreasureProps/Materials/M_028_Buddhist_Temple_Bell.mat,a90e75caf41e38ea940856c2e641a64151731d3116a5c4e3c68d6c08d664f561,5060,
Korea_TreasureProps/Materials/M_028_Buddhist_Temple_Bell.mat.meta,be7ce294cb53f534d3b1d5a516975e53903c82ff6857c57c51ee866588fe4b04,166,abc00000000004041381396861782393
Korea_TreasureProps/Materials/M_029_Wooden_Scroll_001.mat,3a1e946d870ec504c884ddd7d73201cf26577561f9e361805b8248ce8a2109bc,4801,
Korea_TreasureProps/Materials/M_029_Wooden_Scroll_001.mat.meta,13f909b4f025d1330d7117c02abeafdfd5d2455dbd62b15af7a7d4ed438b80c6,166,abc00000000005990486036234092603
Korea_TreasureProps/Materials/M_029_Wooden_Scroll_002.mat,8a35a9324eaf55d51900fa5a75f9600956d4b7054d92eff338e44bca00d25521,4801,
Korea_TreasureProps/Materials/M_029_Wooden_Scroll_002.mat.meta,7634ed4d515220d73b12f4b9ed5d7cf790ae5e19e7e3fb8455f99f6d2fc1ac4e,166,abc00000000010647974378675980122
Korea_TreasureProps/Materials/M_029_Wooden_Scroll_003.mat,f1c8334ba3384c93bb0916cfa189fbac9cf63cd8080ace61a663c75fbbc500f9,4801,
Korea_TreasureProps/Materials/M_029_Wooden_Scroll_003.mat.meta,c315a4fe68a7f5ff128ad740bed453d3b8fd84d309b1834546073bb129c8adf3,166,abc00000000005088050377577941292
Korea_TreasureProps/Materials/M_030_Queen_Pillow_001.mat,298b96a120f750afe533cd9f8c87c95d7ced1c75927f077df9588962be4b5d79,4798,
Korea_TreasureProps/Materials/M_030_Queen_Pillow_001.mat.meta,57105c1e1bfb51d421d81b3b3c996b5476b6c3c2242dfb5eef84ea5ac17b3bf9,166,abc00000000002990328616450242340
Korea_TreasureProps/Materials/M_030_Queen_Pillow_002.mat,9c47f6211b1b20ba11d57ff7c33ac961538b77b391ccc06e10fe99140b05b740,4800,
Korea_TreasureProps/Materials/M_030_Queen_Pillow_002.mat.meta,373ff65016e72a0ec1b16ef540bd876996bb493ff800d6e4e8e84d8109d43cc5,166,abc00000000017497071642330672325
Korea_TreasureProps/Materials/M_030_Queen_Pillow_003.mat,f5ef4db63c5c3ae4a834ad269d6e550869912e94b111779a771615f1c4775f2d,4799,
Korea_TreasureProps/Materials/M_030_Queen_Pillow_003.mat.meta,21601e3787c6636919756036f187339693a03dde9df0376a123802aa9971a986,166,abc00000000006125735979635401800
Korea_TreasureProps/Materials/M_031_Bowl.mat,81ff90a0eb66d13f5ee2428abd1d1b65e6ed5c45e0e8b466ff29762c026355b6,4787,
Korea_TreasureProps/Materials/M_031_Bowl.mat.meta,6a9f5bca77f4a740b53e93853d42ae040063baa55f11ec19ccbd7cf976dd5a1e,166,abc00000000011458399340259104135
Korea_TreasureProps/Materials/M_032_Brick.mat,861917fd2f228fd100a9127f2ec250cae90a598931c8643b89b358426d156e1f,4718,
Korea_TreasureProps/Materials/M_032_Brick.mat.meta,98c6ee93378efa94b2c25d7bde6e88d7bf958302425c185338e14d0dbc80b73f,166,abc00000000009446845445301256292
Korea_TreasureProps/Materials/M_033_Bottle.mat,2e67a4a99090d4867f7d51c41c97a3a39c3bf76de861c572092e2e850c38fcff,5062,
Korea_TreasureProps/Materials/M_033_Bottle.mat.meta,696907e1ff551ed888571a0aa687d95554621173c3db4de44a835de8161b383e,166,abc00000000005684345514921656861
Korea_TreasureProps/Materials/M_034_Bottle.mat,d31fb2266f8ada1e7b1f0718782c088d86ab3b57017203a8aea25509e5f7632c,5062,
Korea_TreasureProps/Materials/M_034_Bottle.mat.meta,6f16aa0c40fd357425d80c8ad5db46c2906c7ad0372e7408a63d3f4dcfbd157b,166,abc00000000000655252594832332472
Korea_TreasureProps/Materials/M_035_Bowl.mat,7385944031a7ad07c30d7f6fd77d0690b8397055341b253e1cd827d8db8995fe,4787,
Korea_TreasureProps/Materials/M_035_Bowl.mat.meta,448c5addb98028f394817075576d3d90ddde15b1f903cbb1c42a30a9addcae9c,166,abc00000000005419670034820906838
Korea_TreasureProps/Materials/M_036_Cup.mat,e399d752a88ac89cdf03bec1a880734b51055fc3211d84f4e01acecb4ae04ce2,4787,
Korea_TreasureProps/Materials/M_036_Cup.mat.meta,28943ee4403ce783862c0a3ded4a53205102cefbebcbcd211686da930c7b5295,166,abc00000000004199603840625902767
Korea_TreasureProps/Materials/M_037_Pot.mat,8d612dd91756f3091b5b103a07c4a6794420362918009a68b2b7951bb9627cd3,4787,
Korea_TreasureProps/Materials/M_037_Pot.mat.meta,8ad331e1162adf88938cca9e2e33651539ff7321d4f21ce6b27f52c87527ed6c,166,abc00000000007707766664132774197
Korea_TreasureProps/Materials/M_038_Pot.mat,01f21579b50b152e9ff49619a5e2706cb42c83aa0d791460d615a71d04d54b7e,4786,
Korea_TreasureProps/Materials/M_038_Pot.mat.meta,1e40e20f265e70c78b5262b542ae12cf4ad0c89a9804ff33c91be971d1027d9c,166,abc00000000010458164950258651491
Korea_TreasureProps/Materials/M_039_Pot.mat,9b880ec60e7dbc4b18428b13700b8807d8e4ad5b606de291c59de28c63f2963b,4786,
Korea_TreasureProps/Materials/M_039_Pot.mat.meta,c6260669a35bb2b567ce36a9758c998c8b49c8e1b63c2b2391a9bc2b48ac88d5,166,abc00000000018409677871042973317
Korea_TreasureProps/Materials/M_039_Pot_Lid.mat,a79209366fe89d83ca5209c44f09696f553213ce6752b5ddba2bd4fda952deec,4790,
Korea_TreasureProps/Materials/M_039_Pot_Lid.mat.meta,9e0e90bc11d50be55603ca2af782a62531204700a3b90a6dbf6c6918391a4447,166,abc00000000012055691556404534074
Korea_TreasureProps/Materials/M_040_A_Ceramic_Bottle.mat,0d0d77a0f2433f8756dc518b593f047ea20eb9cb38bbfcf3e774dbd4f3a995d9,4800,
Korea_TreasureProps/Materials/M_040_A_Ceramic_Bottle.mat.meta,b63fa957fac6bba4dc8827ee6144ed157c5f271088eb66a43f189036493dc69f,166,abc00000000010297827191170934073
Korea_TreasureProps/Materials/M_041_Vase.mat,aa2b2a5f4b5c4c1b8404847b2053a5a2285ab15bdc62f4a75a49f27ee75460d4,4788,
Korea_TreasureProps/Materials/M_041_Vase.mat.meta,e66a49fe761d5af7c92f3fe9838fe4197fa71322789a8bfc894ef507fc15cefb,166,abc00000000003280943137623755618
Korea_TreasureProps/Materials/M_042_Bottle.mat,b0a312f63f6e694542e8acb710730a693938e1341c6ae9991c27ee456e2db562,4789,
Korea_TreasureProps/Materials/M_042_Bottle.mat.meta,5ced8721dd0103ca99cec9112390d818995c2951f0ed853c155769cdbb7d2a1b,166,abc00000000018426583987540953950
Korea_TreasureProps/Materials/M_043_Bottle.mat,e944814f15f601858689ebf41d3df57d9270e82b175e6325941adab3e408f0e4,4790,
Korea_TreasureProps/Materials/M_043_Bottle.mat.meta,7a8bf539fb4fc2be9a663ce8440f735e81bfa4376f5eac524adc7823ecdb22f1,166,abc00000000001191317124079905921
Korea_TreasureProps/Materials/M_044_Yeonjeong.mat,cd868678a1f02f622b6fcd56b2db7266315f8e491cce57785a3d6fae31e0b25b,4792,
Korea_TreasureProps/Materials/M_044_Yeonjeong.mat.meta,eb94caee4b1256cedc10cbbf519a607c1e518f074f712ee069398d365fda8471,166,abc00000000017831948303055773116
Korea_TreasureProps/Materials/M_045_Incense_Burner.mat,905153d338790b06bbb899e9c89fbb251a8bc2f01e0b52e6afd68eb2668a30f7,4798,
Korea_TreasureProps/Materials/M_045_Incense_Burner.mat.meta,e9774457e217261514ecb94b38887af070b24417ce16d8fb41eaa0b16b782aeb,166,abc00000000010197640245773409878
Korea_TreasureProps/Materials/M_045_Incense_Burner_Lid.mat,2320b9804a33ba57854f12bbe0b5844f6ffc849dc60aef405969039e5e627fa7,4732,
Korea_TreasureProps/Materials/M_045_Incense_Burner_Lid.mat.meta,924e2f64cd5814693d6c3a3249ad8c868eb7bfb17efea584e41cb7529f5d6af3,166,abc00000000018067958655669367754
Korea_TreasureProps/Materials/M_046_Pot.mat,a88b3cf549e5a3fad6b4c0caea79e935f9c119e7a59f69e7b22f770728d56395,4787,
Korea_TreasureProps/Materials/M_046_Pot.mat.meta,eed0f2fad2bf2ef5f8dbceb3d86377318e03e4bf9fa14d13a6a8d60c96e80927,166,abc00000000006689760094839162560
Korea_TreasureProps/Materials/M_047_Brick.mat,7e181e911cf192507bbe73b20b83b738d4a8c588ecc66e71c4664bbe6d2dee07,4789,
Korea_TreasureProps/Materials/M_047_Brick.mat.meta,671a947417c76b1962d7949a68541ec2f26edf407d64e4a9a3b83fe8fea797ad,166,abc00000000013359536099547308275
Korea_TreasureProps/Materials/M_048_Statue_of_the_Buddha.mat,0b93d425749e0d02f3fd0392eeecb4477ac5f0eeca54e713a6c7e5eda2a2f804,4803,
Korea_TreasureProps/Materials/M_048_Statue_of_the_Buddha.mat.meta,bbcb88533b52d5f64aba2f60ddb1c910b79de3d06023b4af0150ba5fe29ad075,166,abc00000000004572588958490901938
Korea_TreasureProps/Materials/M_049_Bottle.mat,61eb0b2ce8dd0df3e247d9655e0cadd8aad3bfc67df089accb86a869620760ff,4790,
Korea_TreasureProps/Materials/M_049_Bottle.mat.meta,9810c40a89cb64d59c959703c5f7b9c3bce1bfa0da0867f89564786ee9a9e1c2,166,abc00000000012037752746695958991
Korea_TreasureProps/Materials/M_050_Bottle.mat,b3d36e9749b240c2923abb8a080ef75cbbef4c98928a060774a0e366a1575a24,4788,
Korea_TreasureProps/Materials/M_050_Bottle.mat.meta,9794bd52069ccebe8aa446e2eb2c0ee7926f4e1de595fcade57d04970f7b202e,166,abc00000000002635102459044019723
Korea_TreasureProps/Materials/M_051_A_Ceramic_Bottle1.mat,afa021750523011ed3826f4c8592445f31f247f089b2111ae063f3f3b7c20dbe,4801,
Korea_TreasureProps/Materials/M_051_A_Ceramic_Bottle1.mat.meta,36f5658137dd928b062d3fbdb01341f57362fae24885faf4a33b51b20ec06bd0,166,abc00000000002362716413289584330
Korea_TreasureProps/Materials/M_052_Pot.mat,2c0aeb1d8555a5b9b15d47c331bc1af2abb5a37156db19fada62897c5e20599c,4787,
Korea_TreasureProps/Materials/M_052_Pot.mat.meta,7cdcf7991101ef041169fc7695b0eb8a1d129652f0d15583e9df8b3423b701b5,166,abc00000000017987408175120083288
Korea_TreasureProps/Materials/M_053_Brick_001.mat,33ba1ce2f3b1a7ba333ce3556d848521a7648a4544f6d727b6d606898a792bbf,4793,
Korea_TreasureProps/Materials/M_053_Brick_001.mat.meta,b18d251ddd0eeeaf5ca19edbedc4d771deb61727c531ce984218d155b7a97305,166,abc00000000009143157242926488003
Korea_TreasureProps/Materials/M_053_Brick_002.mat,5d3aa15a6b7d0a76c80ef559b32e0b8b3f658eab7044984b81028f28954e6311,4792,
Korea_TreasureProps/Materials/M_053_Brick_002.mat.meta,a09a16f09470d170ea990de9920c13d5d22191b725187bccd43d3f35537889d9,166,abc00000000013920299533534316190
Korea_TreasureProps/Materials/M_054_Statue_of_the_Buddha.mat,97d025560cef64e24b478bd19388c92332e162080b725670d83ec3198c124607,5060,
Korea_TreasureProps/Materials/M_054_Statue_of_the_Buddha.mat.meta,4df650bf3a4d683491dbe0d181a2ae86bc756b82ffddf82f20e4fb8c89df646f,166,abc00000000014635154847360684479
Korea_TreasureProps/Materials/M_055_Statue_of_the_Buddha.mat,e804b6201de0e49e6d958c32c62e03e78aea3c7538945d158aede1140712a8c0,5059,
Korea_TreasureProps/Materials/M_055_Statue_of_the_Buddha.mat.meta,b6727e358fb6f0213e79f54d3060228fd228bf86c986b64d1fadf66a61d9547d,166,abc00000000000229162968773558280
Korea_TreasureProps/Materials/M_056_Brick.mat,5032ef57b3249808f8c8db319dea6c3685983fb4921010221f8c80f3a90a26bd,4788,
Korea_TreasureProps/Materials/M_056_Brick.mat.meta,6eb2004448265a55b82bddd6a2d1acdf69c7d5d39385a457ecc0db15bfa194b9,166,abc00000000010707188091707213477
Korea_TreasureProps/Materials/M_057_Brick.mat,69adc82e4e595317bc7a42ee8dc1359d04608b5f934d94267cf877c21e5e209b,4789,
Korea_TreasureProps/Materials/M_057_Brick.mat.meta,9b62204f1d6a701dfb5c79c2d78c07f008de5f3891911f8cfb51aa4cc091544d,166,abc00000000015011149496270309925
Korea_TreasureProps/Materials/M_058_Cup.mat,ef3e8ff577ee8d06e3a5a0c4ad97a24d4bceec738d55661a24961c17a191fade,5042,
Korea_TreasureProps/Materials/M_058_Cup.mat.meta,da5d26a801e0e79878e7d03651dcd5f1630555a32195bf25b6aff36717e0f6ef,166,abc00000000012732361690625510748
Korea_TreasureProps/Materials/M_058_Cup_Lid.mat,f724be14bf352befa674b6fd0e150bf879ec8bf2b5de40eef271746eab3956a1,5046,
Korea_TreasureProps/Materials/M_058_Cup_Lid.mat.meta,17a3bd4d88315a220c80e7058ad268c8db1300e385f8032654db6df209247b2d,166,abc00000000005376534165933941611
Korea_TreasureProps/Materials/M_059_Clay_Statue.mat,9a73325fddbfe01f51dc9c77a3aafb8950361974c23c0eb0993a5b528de20acb,4795,
Korea_TreasureProps/Materials/M_059_Clay_Statue.mat.meta,52bfa6ba0742a67d938fce443172684cc16410bd2da6e24d6a4c3b690c742acd,166,abc00000000001441387540517891360
Korea_TreasureProps/Materials/M_060_Clay_Statue.mat,d707535d032e9862dbd50224e5c9784e61f189e9448f4b8052da33f5cfbe3df2,4795,
Korea_TreasureProps/Materials/M_060_Clay_Statue.mat.meta,c9ab9bdb7d662374b67fde58e7fd77209eb0c0d5c2aba6b09fbcfba2dce86484,166,abc00000000002446701246250031453
Korea_TreasureProps/Materials/M_061_Jar.mat,693ca2219a01ea8ec04016fd98f5dabf1d2380d3f574c87be865b3c59ea4275e,4787,
Korea_TreasureProps/Materials/M_061_Jar.mat.meta,e8a27abfc002198d5a4567a6c95c5af939f3aa84fa58f3ac77a9f71a69ad3437,166,abc00000000015762443087659680191
Korea_TreasureProps/Materials/M_062_Stove.mat,56b5b239309c0b3dd1bc2db3f4c35684f3ac91063f4d3dece71e3039bfd35971,4789,
Korea_TreasureProps/Materials/M_062_Stove.mat.meta,d9f882b71bb7655c3dcdf44a4521858ab7468e5d3938b4949f7348681fb38cc5,166,abc00000000009354176983585630923
Korea_TreasureProps/Materials/M_063_Bottle.mat,53af2d7c941ae2bcc6f6f118d3853c47373e21ab38752c1173ac2334ece0c2cc,4790,
Korea_TreasureProps/Materials/M_063_Bottle.mat.meta,de4a5fadcc90614b2c88b2831eac5df50d4a08d4e30e3d0be387707da5028969,166,abc00000000017690108771785743707
Korea_TreasureProps/Materials/M_064_Bottle.mat,23211cb1ff1d11842c36be7c915ab7d7d8ce07c0d2eb500ad439ac8d4348c739,4789,
Korea_TreasureProps/Materials/M_064_Bottle.mat.meta,e7ab205d6bf9ebbabd180898f5d36476136b040f268ffb58888ab79c3dc4d884,166,abc00000000004632127356279943612
Korea_TreasureProps/Materials/M_065_Bowl.mat,45a64ccf5b6c7bac6c87c7bb8bc486515037d3d93c1634bde17512e4676eafd6,5043,
Korea_TreasureProps/Materials/M_065_Bowl.mat.meta,13ad1d2712f41f123d015b73cee062db05f6716ca1601fb5b5f719dc3e8a71a6,166,abc00000000005230662367227768727
Korea_TreasureProps/Materials/M_065_Bowl_Lid.mat,c5509d0c45fdb54500e766fd7b69dc043224a0cc3be85125e731f20579ee26ae,5048,
Korea_TreasureProps/Materials/M_065_Bowl_Lid.mat.meta,acb2b504eb73fd22a40426ca93532d17e90d01fcb319ef0e5c52861d93137399,166,abc00000000000870221831500490361
Korea_TreasureProps/Materials/M_066_Candlestick.mat,758655f2f8204e8ba9d0b02d272d76b5a54143820603679c70bd2f77b456670c,5051,
Korea_TreasureProps/Materials/M_066_Candlestick.mat.meta,5d867de12aba7e4a480dd34c4d2c7c36035971fdcd3d1cbbede173178d19893a,166,abc00000000015199374039784934582
Korea_TreasureProps/Materials/M_067_Kettle.mat,4345de1682fa94dfd6795476506842fda1dba7c405bce0065c6b04d13a78eb8d,4788,
Korea_TreasureProps/Materials/M_067_Kettle.mat.meta,74b209fdb823a12e0afd6b4d56709a6f46211c2a976bc77be7c4817dcf993823,166,abc00000000007827593080103238453
Korea_TreasureProps/Materials/M_068_Kettle.mat,4e8758243635ae1c6d517d1f40fd0fd80eb0e358ace9a62b3a9cc74c42195b32,4790,
Korea_TreasureProps/Materials/M_068_Kettle.mat.meta,8c3d00bb4201faf25f10db2f7ec33319cb54d738d9a268a21fa44be651cc6723,166,abc00000000003568175005732701055
Korea_TreasureProps/Materials/M_069_Incense_Burner.mat,6e1d353594917e37dbc2593e07e15e0452b39ca663da279f10810ab5500d5a5b,4796,
Korea_TreasureProps/Materials/M_069_Incense_Burner.mat.meta,aa0da552a108dea57c196beedfa0093f318df2fabbd9d2ac1efac0fd19ea9299,166,abc00000000013708808714849776469
Korea_TreasureProps/Materials/M_069_Incense_Burner_Lid.mat,1ea6f24d2500420152f2cc14d0cb6b38f74205167cde2017da25f335954ac383,4801,
Korea_TreasureProps/Materials/M_069_Incense_Burner_Lid.mat.meta,cf50960b0cc4499143f58c80bd9db488d310da5d921487a56a280a241d2962d8,166,abc00000000014394879307384227805
Korea_TreasureProps/Materials/M_070_A_Ceramic_Bottle.mat,31ca6783ee9ab73b9d57411b1ff74182bc382e9bfa51d38db42ab098f7755012,4800,
Korea_TreasureProps/Materials/M_070_A_Ceramic_Bottle.mat.meta,d81700c04a70ce1b1f621d8f3d79e185c51357850ed86cf57ce1abf7261faad6,166,abc00000000014305877679313112639
Korea_TreasureProps/Materials/M_071_Bowl.mat,7b7a66717a9601faa5675bd6ffbe453ca706550f7ca5ae6f96aeaed1295c95cd,4787,
Korea_TreasureProps/Materials/M_071_Bowl.mat.meta,a98448ef6deeadece421079193e2ee2ece60c4a076e13041dce7847197126256,166,abc00000000013745238331812566068
Korea_TreasureProps/Materials/M_072_A_Ceramic_Bottle.mat,64dd3dc3fdc9457a8b33c6b81a90a79b3b1960ca4a747bf5d4e1960089d4b818,4799,
Korea_TreasureProps/Materials/M_072_A_Ceramic_Bottle.mat.meta,e57459fc0b3f7ddfa6a4d0698648d90d196a9957d9bc90d66d58b966e9b8f1e2,166,abc00000000014781062535545119721
Korea_TreasureProps/Materials/M_073_Vase.mat,2ca4610a93554f61af0b02d516271276eec78a56a4a1a644647bfdfddd4fb4ed,4787,
Korea_TreasureProps/Materials/M_073_Vase.mat.meta,70b84f9d3a5a8ce02485696d42eb255d36e83195dba5ed7caa973e57fb706c7b,166,abc00000000013496909352527387408
Korea_TreasureProps/Materials/M_074_Kettle.mat,f933990d8b389d1aa2b37f8f039f0bf48d4db2f79183bc80ff972aeb5ea16270,4789,
Korea_TreasureProps/Materials/M_074_Kettle.mat.meta,98d28034728d13a00e99ea07d703e22290c19ff081d2c4042c6481a10296a859,166,abc00000000012200465271541304018
Korea_TreasureProps/Materials/M_075_Pot.mat,f50b5e4cb14f53e10ac288d57e080e4fe7c1929d675be250b1835f69789d043a,4787,
Korea_TreasureProps/Materials/M_075_Pot.mat.meta,9db176ef8917bd1221fc5b2c013a6bfcf91dc49d3551b927235190b48e2db26f,166,abc00000000009387718880425172542
Korea_TreasureProps/Materials/M_076_Bottle_001.mat,d690dbb7eca568269792cd2e4bcb8995241dfe42917f5bb9a49d4a62ffcf6028,4793,
Korea_TreasureProps/Materials/M_076_Bottle_001.mat.meta,20fcdff816edadcc28b2974fdb7b78460b1db2a366e68ac9f65055914f26a080,166,abc00000000007601543355306975178
Korea_TreasureProps/Materials/M_076_Bottle_002.mat,0e84ff68264a5590d92848032c7aa4c07c065560bf4daedd41298cac5f8ec900,4793,
Korea_TreasureProps/Materials/M_076_Bottle_002.mat.meta,41dd57bc6b3e757640be818468b8cc3bf8ec11394afd70f476be13190458d744,166,abc00000000011203452421642276669
Korea_TreasureProps/Materials/M_077_Bowl.mat,a5de95afa5f1639fc831526f50a54b0988b4eb24eb2f5fae0f5111425eeb7efe,4787,
Korea_TreasureProps/Materials/M_077_Bowl.mat.meta,51f0f207bdfb1c99d23e17fcf9d9863ef9155a1b56cb1b695089d04482d8fcd1,166,abc00000000000921872653403571160
Korea_TreasureProps/Materials/M_078_Kettle.mat,6ed20a447c0cb89b7396d4db7ec238efbffb699c893a91f299f7bf7782d18c18,4790,
Korea_TreasureProps/Materials/M_078_Kettle.mat.meta,abc70d678a8101aa9a5a26c775f911ac31bc91edefed6b3757910d6dd4341e03,166,abc00000000009428113230306826204
Korea_TreasureProps/Materials/M_078_Kettle_Lid.mat,ba8ac979c3826f0c6a7194b7a8cfa389349613763cf4c06518ffd54586bc6211,4793,
Korea_TreasureProps/Materials/M_078_Kettle_Lid.mat.meta,bae153c5085d1a5fe9219a167fc36b97e755647868b0ab9cbc74921704b5ed49,166,abc00000000003477467884141762465
Korea_TreasureProps/Materials/M_079_Bowl.mat,cb9e8d5d536c003b21f702c59f92a21c0d8e882ae39f519367fde3bcbac343d8,4787,
Korea_TreasureProps/Materials/M_079_Bowl.mat.meta,48ad4d1ec804addfde76a7800f5bb03519d94d06628feeb4cefd9d936fae7aca,166,abc00000000005836780543018506175
Korea_TreasureProps/Materials/M_079_Bowl_Lid.mat,6781f331c903a00866256d9cc5e0a558876ba491b781b375e6773e1038b97e74,4792,
Korea_TreasureProps/Materials/M_079_Bowl_Lid.mat.meta,4e99e71a39d5b0c6a4755f194211748f5404432af5b19fe60604f5f88f66a264,166,abc00000000001205811150675513301
Korea_TreasureProps/Materials/M_080_A_Ceramic_Bottle.mat,390277ec1472aeae3a11f6638550037e3d16f51aed77ee1fdccc132e0788f75c,4800,
Korea_TreasureProps/Materials/M_080_A_Ceramic_Bottle.mat.meta,1465ad2b88f19ccc4a43119b89c3bfd84b829cc9e20e97c08237e3c0a86d0888,166,abc00000000007381992529013928799
Korea_TreasureProps/Materials/M_080_A_Ceramic_Bottle_Lid.mat,34d16235e1f3d1e4c7015335884adb9a6fd8bf110dd70e4548607ed4bcffae08,4803,
Korea_TreasureProps/Materials/M_080_A_Ceramic_Bottle_Lid.mat.meta,4923b0279ca13de4fcb8498ea80ce241b3ac9e6cc5cea1e700ee69d5be08cf40,166,abc00000000006913741528751163973
Korea_TreasureProps/Materials/M_081_A_Ceramic_Bottle.mat,9b88ebef351633ffafc0fc06a02253597e284076057c5b71db9dfc879d675b56,4800,
Korea_TreasureProps/Materials/M_081_A_Ceramic_Bottle.mat.meta,3f5dc7f3bf613a29720f1d857f1d214bc8d3a4cf586d3ec79bf952e6fbbec602,166,abc00000000003814345831602550817
Korea_TreasureProps/Materials/M_082_Kettle.mat,03cf6bb43cef4fb796ffd60fd30df6e8cea34bfce7f12b55e4d7f9b3561035f0,4788,
Korea_TreasureProps/Materials/M_082_Kettle.mat.meta,34798365eea4d2b1514d3fbb4640c11de73fcdc1f2b25e69895b422986610f3f,166,abc00000000012336758520416788756
Korea_TreasureProps/Materials/M_083_Kettle.mat,665b3b56928fd9347c13aacb0bac3c2e00182239091e6e349cf433fad42017d3,4788,
Korea_TreasureProps/Materials/M_083_Kettle.mat.meta,b8729232be2417570e467242d307fc0210dc778f4ffee2cb9aee020333a9aaa2,166,abc00000000002301067516456023028
Korea_TreasureProps/Materials/M_083_Kettle_Lid.mat,5e16977227daa70014b4abaf99f220186fb95fe281375894e16ce65e1d1a0eaa,4793,
Korea_TreasureProps/Materials/M_083_Kettle_Lid.mat.meta,632f13d5540c7182bcd9e09e82767e78a61b9b25aa708145babdebdbe01701dc,166,abc00000000005485694283853308056
Korea_TreasureProps/Materials/M_084_Vase.mat,b73b10518978f4c3e20f89e75091f41bddb180563769d1f228c930a6fdc88623,4787,
Korea_TreasureProps/Materials/M_084_Vase.mat.meta,73cb81e3e92f90f28e65f8af3cb02b4967c5e7ce245f3054afecde446fa460e6,166,abc00000000000816931702145812488
Korea_TreasureProps/Materials/M_085_Bottle.mat,cf5a1d5028dc34eabfdf6704ebe3c5122eb847d630907b1e3619cc5113e80aa1,4790,
Korea_TreasureProps/Materials/M_085_Bottle.mat.meta,0bef3ebe4da760d9bf2d7eb6c87d2ec54e46a19422a649e509b34ec188c91c45,166,abc00000000004758409779313575077
Korea_TreasureProps/Materials/M_086_Kettle.mat,4beb5aa4141e9c0d500c0bcafa54f6e2544e58b6339ea217bc714fb3d1d5310b,4789,
Korea_TreasureProps/Materials/M_086_Kettle.mat.meta,d88042511e43355fff07ee43d706a48b0e9967bb73e23f4b7d48ddf22de0fdbd,166,abc00000000005679401749340684811
Korea_TreasureProps/Materials/M_086_Kettle_Lid.mat,fa6b38edbbbdada1c9a324656c149a420ab870a6d2208bad7f85de8d9d8ff882,4793,
Korea_TreasureProps/Materials/M_086_Kettle_Lid.mat.meta,a3026b77eea453bcd0dacaaea8084e683dfe5ef0247d77d58606a7124e9305ec,166,abc00000000007131797182810196333
Korea_TreasureProps/Materials/M_086_Kettle_Tray.mat,6b924c24fb04106da52943ec056bd8512330c2e3ee4cced7bbaf852c7bb63bc8,4794,
Korea_TreasureProps/Materials/M_086_Kettle_Tray.mat.meta,8c3d2effad4d88b52756711e1c8c7147546a2ea01dc5a35301ce9595d327426f,166,abc00000000003776920165379904745
Korea_TreasureProps/Materials/M_087_Stationery.mat,6ee2a5c910222a1ee388e441573287810f9ee48093be1d68d2a4da9ddd58e2ec,4794,
Korea_TreasureProps/Materials/M_087_Stationery.mat.meta,38a27b6107893b63f693a6dc176d5251fd0e7514a124e0ccff2f276c5c6a9d7c,166,abc00000000012584401257615776698
Korea_TreasureProps/Materials/M_088_Incense_Burner.mat,289de6932c4a15ed3c75b834a98a115f5f08294243bab999d26a9f430cf68965,4797,
Korea_TreasureProps/Materials/M_088_Incense_Burner.mat.meta,e1d4c9bf053c4db89c5d8f4fd8144f3d73bbe20f0dad8e73b885ebde849e9c3c,166,abc00000000017772085748835713270
Korea_TreasureProps/Materials/M_088_Incense_Burner_Lid.mat,51bc59e4c047ff0e32b08d7ec46087b31efc7efe44798b5f93c16f0999550d14,4802,
Korea_TreasureProps/Materials/M_088_Incense_Burner_Lid.mat.meta,64357512f2644b4b4e121f5b9b7134fb1e7c2432cdcbf5bce402524063528854,166,abc00000000014813145845365901131
Korea_TreasureProps/Materials/M_089_Incense_Burner.mat,9c1623a92c1c915e08e57d2e2c9b257aeaa53dbc28273eb5351dd17e082e2132,4796,
Korea_TreasureProps/Materials/M_089_Incense_Burner.mat.meta,f8b88012e0b1508412a0001e786b6e2c50d3ee2eb271b394fc3517f17128a070,166,abc00000000014430485845359750826
Korea_TreasureProps/Materials/M_089_Incense_Burner_Lid.mat,3c9f4be7da33931c0b26ee3132df3871c878599e80403aef861745f6e031fc9a,4801,
Korea_TreasureProps/Materials/M_089_Incense_Burner_Lid.mat.meta,af23f44045474a7dbd0bf2a5260e19fcd098abc9e4c41fce6dfe46317f7ecb81,166,abc00000000011539674549550176642
Korea_TreasureProps/Materials/M_090_Statue_of_the_Buddha.mat,c9267730d4f32b989f7f7713f44278c618011b551d9c11140a504ac00146a20f,4803,
Korea_TreasureProps/Materials/M_090_Statue_of_the_Buddha.mat.meta,12484e65a7ca6a3820004d5c325722bbb878a86d63e68acfd6cc4d2bbad226b2,166,abc00000000013326677460509920109
Korea_TreasureProps/Materials/M_091_Sculpt.mat,7c917985ff589a69f684a452d9f8e5951efd9a6ded7b8dd79f17302f82b9df65,4789,
Korea_TreasureProps/Materials/M_091_Sculpt.mat.meta,2c812a97ff51127c9f269b8f024ca92a9d8ce5725d348cf658c4307db124cdf1,166,abc00000000001574639918402502130
Korea_TreasureProps/Materials/M_092_Incense_Burner.mat,919bc5d9ec36f365e1051b6c07c05bbd61f899bdadc21267a0d0d5c52e356284,4798,
Korea_TreasureProps/Materials/M_092_Incense_Burner.mat.meta,74f249735f80fae3cb7e2811b3c3a573283934d479d6c165ac0d9007f33ce948,166,abc00000000009958781141185557296
Korea_TreasureProps/Materials/M_092_Incense_Burner_Lid.mat,418f6fed684cc947e82f6e56b9a167c3842235009ce8a2979449b760964b4dab,4801,
Korea_TreasureProps/Materials/M_092_Incense_Burner_Lid.mat.meta,fb00f71513cb1e9fab1bff409fc0804cb9f7804ca7585031f01899643613f772,166,abc00000000007397006086520033573
Korea_TreasureProps/Materials/M_093_Bottle.mat,6a74954bc1ef9887fb43c3ef2a1d341787b887a27b2cbb5e29d65b5bd00a989e,4789,
Korea_TreasureProps/Materials/M_093_Bottle.mat.meta,e907380e3af2440d8e5b9db15265022eb98fc4c1ec208c1e848eb86a3b99469a,166,abc00000000017589403885509118255
Korea_TreasureProps/Materials/M_094_Incense_Burner.mat,7b59b940dfcceb6339ee376f1109d97b4becb3c3eb80ca9a477330d3b9c40547,4797,
Korea_TreasureProps/Materials/M_094_Incense_Burner.mat.meta,3a409f89cdb0050aceb38df679ff435830d9a811ec631ba962d21dba96badc98,166,abc00000000006358258585153499932
Korea_TreasureProps/Materials/M_094_Incense_Burner_Lid.mat,9b7e92e899ea662dd094501f5d676c51cd0205df83b54748a499466d4013659d,4801,
Korea_TreasureProps/Materials/M_094_Incense_Burner_Lid.mat.meta,829c18efb62d76d096b4ddd647e84887785e86ec5245783fa8d3aca6df6206e5,166,abc00000000017787802102131382139
Korea_TreasureProps/Materials/M_095_Incense_Burner.mat,2bc7115ce325c4d6ed1b26c1ae6cb56c94476c45c2b55c143bb7fd13289615d0,4798,
Korea_TreasureProps/Materials/M_095_Incense_Burner.mat.meta,9b88d87470a7271ae5bad6a60041f5b6ce57ce0e7b4985bcdfef9900eea793fc,166,abc00000000016138566597796794054
Korea_TreasureProps/Materials/M_095_Incense_Burner_Lid.mat,bef10c969b8363898f6cf439e7a79606653627d506b867c3ec61e5cf9979635a,4801,
Korea_TreasureProps/Materials/M_095_Incense_Burner_Lid.mat.meta,618f59df19129601295f72490f6eb5807df61e5bbc72d057ce3d66493a6856ce,166,abc00000000014945674225515473120
Korea_TreasureProps/Materials/M_096_Incense_Burner.mat,24c4a356ae923a04b94c537349a4c9eda45aef3af2e323c53bd3fcfee9232293,4798,
Korea_TreasureProps/Materials/M_096_Incense_Burner.mat.meta,5c013c6715ee5e57900f7d4ec6fe6d87be4eae7029d3e5be8dc34ad2b3e388ec,166,abc00000000004071381387129322285
Korea_TreasureProps/Materials/M_096_Incense_Burner_Lid.mat,31fa03dd78d97eee403c07b2fabec44a95c766559f19676654cf0dd1704f2efd,4801,
Korea_TreasureProps/Materials/M_096_Incense_Burner_Lid.mat.meta,3ab41d9d08429321b716c6461f8000169756b080843ed0a2dd40fe3dec6f56ee,166,abc00000000003269338529950007543
Korea_TreasureProps/Materials/M_097_Incense_Burner.mat,8b3d7844dc06bff083603602317ffc1cd101516bd51b2c2b246373006f79361a,4796,
Korea_TreasureProps/Materials/M_097_Incense_Burner.mat.meta,2460986e8c5a6270faf7fc9167fe8af9380f23e3a45b6bb00a8295370868733f,166,abc00000000012642960028520977017
Korea_TreasureProps/Materials/M_097_Incense_Burner_Lid.mat,0f634661e95c146c38cc7e0ee5b5732133725eeac4aa43bac7f8f3894de754e4,4802,
Korea_TreasureProps/Materials/M_097_Incense_Burner_Lid.mat.meta,6225ff645429eec4c1d6f6277a08e24576776cad554e519cc44467f952bdd1f0,166,abc00000000014178094156618874810
Korea_TreasureProps/Materials/M_098_Bottle.mat,288ee030daefabd6bf5b61c85ff13faf9f1947300b65bbc8bfc7704ff66b5b39,4790,
Korea_TreasureProps/Materials/M_098_Bottle.mat.meta,a021d151bf20caec5b2d2154431043e7c0c2a92d5ab6297db9f8ada5b87a671d,166,abc00000000002397870588899993344
Korea_TreasureProps/Materials/M_099_Incense_Burner.mat,9a9098e76620985bb9aff7d74c827694f45e75f770763700f4ad7448e48c8474,4798,
Korea_TreasureProps/Materials/M_099_Incense_Burner.mat.meta,80e17a93b1a16ca2e3da74386fea04fb109162686c8aecf36ffe21227f182208,166,abc00000000004402351230338584259
Korea_TreasureProps/Materials/M_099_Incense_Burner_Lid.mat,b1a4c6fce1aaa0967ebe7c4bfea1ec8d000318a839f9353269f94300713d2963,4801,
Korea_TreasureProps/Materials/M_099_Incense_Burner_Lid.mat.meta,259e5b8a10f45ac93e3016a37a658c97dbb8ed8eee61885d6ef10125aa10cf6f,166,abc00000000012790052963375209714
Korea_TreasureProps/Materials/M_100_Statue_of_the_Buddha.mat,2d739066d588c410f001571ea1e07c0378ad478001ebbe09548d6a24110cecd4,4804,
Korea_TreasureProps/Materials/M_100_Statue_of_the_Buddha.mat.meta,7cadd8e83004953f3c9c1cc611735f873d6a3b01a55478827abc26fda7c31043,166,abc00000000014990484909229523834
Korea_TreasureProps/Materials/M_101_Incense_Burner.mat,8626024d52e61776cd753bae9a753cfaafb7cdb43f7f6313c9e1aa9cb0225763,4798,
Korea_TreasureProps/Materials/M_101_Incense_Burner.mat.meta,f2bfe473509e7198fde8262014ecf7f4d6d78633c6203729756d378d13356630,166,abc00000000016903418732927071198
Korea_TreasureProps/Materials/M_101_Incense_Burner_Lid.mat,cce8e51e7da227469fddc90116255bbfa6a7a383abef6f2eb642ad2bb9eeca64,4801,
Korea_TreasureProps/Materials/M_101_Incense_Burner_Lid.mat.meta,77f66f86260fb5588635b837dc44668ef905d8d32cf23eed0770a60ea685bfba,166,abc00000000001983741519372737976
Korea_TreasureProps/Materials/M_102_A_Celadon_Doll.mat,444d96af72686efb92e45759183bb67d5998698dbb098509696bbf33440af0c2,4797,
Korea_TreasureProps/Materials/M_102_A_Celadon_Doll.mat.meta,e64d8c58533f2344fd122ffa992e2ef4f9ee999aa82e0f0cc94ae04fb5da2aab,166,abc00000000010166576052533081990
Korea_TreasureProps/Materials/M_103_Statue_of_the_Buddha.mat,16a94988f76faa830e747edd5e4a5273c700fb1aff5366a7db42cf66c442cc47,4803,
Korea_TreasureProps/Materials/M_103_Statue_of_the_Buddha.mat.meta,cdf4d0ca9b9f7161135a15d1184c6094a70f340c70176e3a2e67967021e8f592,166,abc00000000013221154569713041070
Korea_TreasureProps/Materials/M_104_A_Ceramic_Bottle.mat,a15203d65c108286cb83914bbbb347c71a54bfd677aec18b32597fefacc81a7d,4800,
Korea_TreasureProps/Materials/M_104_A_Ceramic_Bottle.mat.meta,d783190b6181132fbe40216d9a1513c0e2b2d4d27f8f26a976215ab71f6f3edb,166,abc00000000006010426012666956738
Korea_TreasureProps/Materials/M_105_Bottle.mat,039e655c1ecba13a4d0987b8b5a87c7b52a40fd74be43ed0ace6273bf9f39059,4789,
Korea_TreasureProps/Materials/M_105_Bottle.mat.meta,696591bf59e0e5d0115b22ab0deb8862e862ad498a0fd5dd20a482180d354f9e,166,abc00000000000054649776263003582
Korea_TreasureProps/Materials/M_106_Incense_Burner.mat,e1dbd043b07d8da6bbf67131f6c8b0b4c963a9944164137163970440312395fc,4798,
Korea_TreasureProps/Materials/M_106_Incense_Burner.mat.meta,c131601440a9ed6f0fd01254f391f5791fbdf9cdaec7411174fe297c7ff27d82,166,abc00000000000306922761515044233
Korea_TreasureProps/Materials/M_107_Bowl.mat,c869854470b76e87b6f2bc791c2e84228ee03a10c2bb3e5eca2b50b82d33cf53,4787,
Korea_TreasureProps/Materials/M_107_Bowl.mat.meta,7c57eb6cc33f6794d592ede94a10978fdec8f187e5a59449917996da3a7582ce,166,abc00000000009224302786640988688
Korea_TreasureProps/Materials/M_107_Bowl_Lid.mat,0bc7710812cc17abedbfd2331d5e4fb1fb1c78d3e098b994a75bd03e44dadf97,4791,
Korea_TreasureProps/Materials/M_107_Bowl_Lid.mat.meta,aced38c33af5d596ecfed51d67b23a6a2a347dc7aada7d3cd3dc83d5e1a32085,166,abc00000000009076110707757577575
Korea_TreasureProps/Materials/M_108_Stationery.mat,6210efcab51b2d223859cd878d9997a220210ada05074a9d6925ada60b41eb5b,4793,
Korea_TreasureProps/Materials/M_108_Stationery.mat.meta,1720306f35062a58938157e64b624bc60fa05192eb35718f33abe11c8bf0b5f9,166,abc00000000004728676542937821301
Korea_TreasureProps/Materials/M_109_Silver_Cup.mat,35ff85e03d10a9b13a9b27195bea0915ecd952cdbc81989c674af2b25c0387dd,5050,
Korea_TreasureProps/Materials/M_109_Silver_Cup.mat.meta,64b6e693ad8ed39e891d245d31d7a3293d330d42f7566a9c8ad4ab9badd82c9c,166,abc00000000001023698755895885416
Korea_TreasureProps/Materials/T_001_Statue_of_the_Buddha_AO.mat,cd432ee4cd283d777b7897abe77f7ac2b47710e0b71a7b2ab26e3ee67213bb91,2258,
Korea_TreasureProps/Materials/T_001_Statue_of_the_Buddha_AO.mat.meta,92327351f5152dc59873c82dfb8bf4a30dd1e2a4c1854e0857dfda408a03c9b7,188,6fa9264eb0fb1e947b5413321435237b
Korea_TreasureProps/Materials/T_001_Statue_of_the_Buddha_BC.mat,446d33f2e394fb902839158b4f60834ec4b8c8d1fb790a01e6e2010cdac22e05,2258,
Korea_TreasureProps/Materials/T_001_Statue_of_the_Buddha_BC.mat.meta,c14fcec4068b022c231691b19644013589c36ad5e05400f526292bb91bb6dd09,188,f2e442b96510c6941b785108d77e67db
Korea_TreasureProps/Materials/T_007_Statue_of_the_Buddha_AO.mat,512cada006870e2f4a907ba123b56b755cf791f040b9f2430d817d3f86878d2d,2258,
Korea_TreasureProps/Materials/T_007_Statue_of_the_Buddha_AO.mat.meta,df87e953b4d37fd7f9b28a9b869ae97c82cb162be49bc28aa8f5d6f9bb797858,188,58aca3ed70d0c8246942e3281acc755d
Korea_TreasureProps/Materials/T_007_Statue_of_the_Buddha_BC.mat,c21881e2c0aa687ca1f519fe01b651339f0bbb5ac2edb0c87f3cd97ed31c079e,2258,
Korea_TreasureProps/Materials/T_007_Statue_of_the_Buddha_BC.mat.meta,8708f8cb90408b129cd7cd00e2a69e4601a184e7954054722ec121a09e268fa4,188,7f479ad5e79978942bdb600b408385ef
Korea_TreasureProps/Materials/T_024_An_Earthenware_Doll_001_AO.mat,43fc34371ff4a3db6a60fbe73b3eda7b6f0c6052fb03c838fd972ba41786acf8,2261,
Korea_TreasureProps/Materials/T_024_An_Earthenware_Doll_001_AO.mat.meta,2da932df47d0be22e46ac8f124006ec4a0279c8a324a56dccb2516c6474a5494,188,2715be418536b3a4e8523347cd4e1fe0
Korea_TreasureProps/Materials/T_024_An_Earthenware_Doll_001_BC.mat,4d6339e3a517d347752a0ba41a847f9a5d07d65284ee0606d25f71ff13947c22,2261,
Korea_TreasureProps/Materials/T_024_An_Earthenware_Doll_001_BC.mat.meta,3bea3dd3d4e00bb6766c79b833ae07d75f49acd4bffa7332d6bd81554bc8b9ea,188,6bf6dde851e7d864fa79f8c9026d823b
Korea_TreasureProps/Materials/T_024_An_Earthenware_Doll_001_NM.mat,4e1ad3033b07f8ba03a152648d52794e60a4ea21b1fe8ff9227d02aa474b5e52,2261,
Korea_TreasureProps/Materials/T_024_An_Earthenware_Doll_001_NM.mat.meta,4ee190e79bfe1ea10affd94c9b2bb325d4717cbf41226c26f7db23f0a0196fcc,188,e9bd2a62ebdd8a548a2e206b774a6a19
Korea_TreasureProps/Materials/T_024_An_Earthenware_Doll_002_BC.mat,1091d0c3d747d0893ed088431804f0d9708d821a13314ee3fa0dbd9504b89951,2261,
Korea_TreasureProps/Materials/T_024_An_Earthenware_Doll_002_BC.mat.meta,343125465171535f9d8696b5245f0c424c3d57c56187f25a8c4fc9d4568c92db,188,c92c9d84a9fbc914c809aefc81a54c79
Korea_TreasureProps/Materials/T_029_Wooden_Scroll_001_BC.mat,3932368030ca7fe44c5f376740a27b5983bb655441a2194feca2d5f9668e251c,2255,
Korea_TreasureProps/Materials/T_029_Wooden_Scroll_001_BC.mat.meta,2fd594746df5ebcccec4eb7559b67eebd9fd3e4680484c9e9f61eaa8f361391c,188,7f677bc330e2a374598aea14ec48fc6b
Korea_TreasureProps/Materials/T_031_Bowl_BC.mat,0b5c71f290d0c2229e4b487bda2ffb104f48d686302883dbf8efe4ef266bd5ae,2242,
Korea_TreasureProps/Materials/T_031_Bowl_BC.mat.meta,d246567fe7ccfecb9c8d33976ed9248ec81d1b2ae6edf26ddf54b3616f3c4122,188,9da7282fa980f7b428ae3cddf865c8d5
Korea_TreasureProps/Materials/T_031_Bowl_NM.mat,24026ecaa6434539c39ce0774a3055d8aa44974f32d6c058ad163e9b162e49d9,2242,
Korea_TreasureProps/Materials/T_031_Bowl_NM.mat.meta,6ff2d6ecebf33c74670608c0045407c7f3889b28e891144393b9effcc99789c2,188,1eb0d077ef40b5944b2e4ad1bc38564e
Korea_TreasureProps/Materials/T_031_Bowl_RN.mat,eef793637862196bd15e6f203be4b7dce863f48ab3b239ad1cb8f2f2212af9b8,2242,
Korea_TreasureProps/Materials/T_031_Bowl_RN.mat.meta,64673777ca7ee1a5938441c1f6b703d6b519596fef21c8c09328092be477893d,188,1307e92b9372ddd47bf6b7369e717aec
Korea_TreasureProps/Materials/T_032_Brick_BC.mat,58c788ed799020df494daac17dd1e932341072e3d7b6e4ba696f2323545094c9,2243,
Korea_TreasureProps/Materials/T_032_Brick_BC.mat.meta,7f4f6bf71f3f0affacaf638462c1cefdb27d16f276a1676ba1ac74b8100966c4,188,6f04dba0f8daccd428b4eec9cbf0e27a
Korea_TreasureProps/Materials/T_033_Bottle_AO.mat,dad4c9ab08430728179632f8c4e719bc0d1e5dc7eb06726f74f9a29ff36fc4dd,2244,
Korea_TreasureProps/Materials/T_033_Bottle_AO.mat.meta,c3cdb8e2651386008a805ff2d492596875847fe1bd4425e2d8bf5ba7bd80e38b,188,28690dc7a269aa44c9c1b0e9d596f08f
Korea_TreasureProps/Materials/T_033_Bottle_BC.mat,9711234e0520a659bcd3707dcbc5764ada7adaeb47464eaebd46ec9f7226aa0c,2244,
Korea_TreasureProps/Materials/T_033_Bottle_BC.mat.meta,54228f76aac81e88d8eb2fd52e191719f1c691f7a990b5efdcd9d0ad3c7ff114,188,5cfc9ccb4a071654fb727bccb6416f1d
Korea_TreasureProps/Materials/T_034_Bottle_AO.mat,9af6e247f8eee17c9582b3ad60ba38424397a9a071a7b975c7dab662d85c19f1,2244,
Korea_TreasureProps/Materials/T_034_Bottle_AO.mat.meta,67039048020fc70e03511e497b739d5e18b59f67ac3e58f8dd91da6edb501321,188,40aeb47c54dc19d4d9267c76f19f8e5f
Korea_TreasureProps/Materials/T_034_Bottle_BC.mat,6b4b002aa1f0b55d8c83239e15392565d696369425aae35232fb6d4c0a03b16d,2244,
Korea_TreasureProps/Materials/T_034_Bottle_BC.mat.meta,de7185b00d542884ad19cd862ab4f02e42c53aeb55a116715d445f8016f58285,188,46dcf68db435a234695a0791f9454851
Korea_TreasureProps/Materials/T_054_Statue_of_the_Buddha_BC.mat,ae5219c9f8cd31936539f9321ef28cd7cd00af36e2f8c958ba1d3c9684eb4e5c,2258,
Korea_TreasureProps/Materials/T_054_Statue_of_the_Buddha_BC.mat.meta,f92a655581b75a88853a4f6b94ab18f93b1ab07470bbbe1dd3f91a9803a8eb4e,188,fb3f1b5e703a45a4aaa2df6fbef501ba
Korea_TreasureProps/Materials/T_055_Statue_of_the_Buddha_BC.mat,842433af2f4df3ae5c4b7192ea750be57a4ea2f57dbc91b78083071f3dde1371,2258,
Korea_TreasureProps/Materials/T_055_Statue_of_the_Buddha_BC.mat.meta,1473850555de38a44b038b89e64c124be5194d46835581e407ac2c4433aecf61,188,e852fc4319645454aad3939cb1a6aad3
Korea_TreasureProps/Materials/T_064_Bottle_BC.mat,b21129284a8fa1d315e1476ad5d31152f39734cb718a81f835a3bda6d03ccd5a,2244,
Korea_TreasureProps/Materials/T_064_Bottle_BC.mat.meta,dceae12b5e662133b12b3b29c0575a62cf3c0e6d0b0d6c5412446353a4f620d5,188,a0dfe30ea30439843b37acb1be069462
Korea_TreasureProps/Materials/T_087_Stationery_BC.mat,7e3439719440f47956ee4fe1217a6242b5b30f2b006380f169277da843a4dc1d,2248,
Korea_TreasureProps/Materials/T_087_Stationery_BC.mat.meta,a8e6e90e11b7219f843aeff439b1b58d4b717bdb2d0ec0f7d4e7145acfdedaca,188,2569ed9741fec384bb6577c617eaa104
Korea_TreasureProps/Materials/T_102_A_Celadon_Doll_BC.mat,0628b199cc4a480edba3d8c7a1d8ea9f3b39991702d9748e584434180cee9357,2252,
Korea_TreasureProps/Materials/T_102_A_Celadon_Doll_BC.mat.meta,5f04e287fe5820a0618f10cb5fd2767cb56648d704c2e01129125b19d58c2604,188,8f6c515e11bd1b348ad010f9f951870a
Korea_TreasureProps/Materials/T_103_Statue_of_the_Budha_BC.mat,8b08155b613b53276511dffa3fceb7c1f3b3aece99bd771a900883f79f020ed6,2257,
Korea_TreasureProps/Materials/T_103_Statue_of_the_Budha_BC.mat.meta,5b5a55ff1c897ca83b789679565e93cf06900e5b02be4498ae595c62b42c1a84,188,1e1d942811c01f5409b4bde4a1af9166
Korea_TreasureProps/Meshes.meta,3636b243c05ff61022bbca78ce8f3247ddfa448cbdf50c1ef5942638a931db20,172,f9032d52b1928554caf7aadd8c9bb77c
Korea_TreasureProps/Meshes/SM_001_Statue_of_the_Buddha.FBX,0b0731b165de957c6076e05124a528ded0311feab6445ed2e35f109e1433383d,340892,
Korea_TreasureProps/Meshes/SM_001_Statue_of_the_Buddha.FBX.meta,875fa4a5e8c80b714000410fdf34e188be5f4da11101dedd8d1921aaf24ed0f3,3028,b5d8b6ddd4f8c2c44a2cd70381ea6e92
Korea_TreasureProps/Meshes/SM_002_Statue_of_the_Buddha.fbx,a2bb095f99f729e9e409aadb512d1aae73930189f02fe69296f3a651cd1ed24b,1149504,
Korea_TreasureProps/Meshes/SM_002_Statue_of_the_Buddha.fbx.meta,686f0c0ca016e3017ad7b1d5692befab5481ad72e9dea1a6c7fbbbd84f11d3b8,3010,2e13230ccfdf6ec4f9bc09c287715b9c
Korea_TreasureProps/Meshes/SM_003_Statue_of_the_Buddha.fbx,8455e68f5b2d243bbb91432f250a9b4391cf917a9cdb55ae8704c72237dd6b7b,6886096,
Korea_TreasureProps/Meshes/SM_003_Statue_of_the_Buddha.fbx.meta,9466dde5300b310a739c8ed5d634688cae229fb662990c662c7c4517a6310d92,3010,a77fa772f7f27b84d9371e8d7a8c7f34
Korea_TreasureProps/Meshes/SM_004_Helmet.fbx,9e80c1fb650f1047a3a7107b629e78a806eec06cc5fc4325b15959305a3e162f,1835872,
Korea_TreasureProps/Meshes/SM_004_Helmet.fbx.meta,c98ea2963ee1e38218ec8bd142f4543d382d2b821c5b81b7ab4232a0b8e9f212,3010,c16202f107e16eb4bb3b76d3a2cda52c
Korea_TreasureProps/Meshes/SM_005_Stove.fbx,a5641d5f2477d76a9f09d7cca7e396989bd0c5ceed698312a4d96aad97653c81,2795504,
Korea_TreasureProps/Meshes/SM_005_Stove.fbx.meta,f7bd98b9cdd454e0df5d3f880aa725d05709fe3158a6b2813a05492e369c68b7,3010,3e42174e2fa09b34a8685b98cd90cefb
Korea_TreasureProps/Meshes/SM_006_Brick_001.fbx,e42b8f6fa9ad60195cdcce453ba84b4f5d881b4d51768cb917ad88df2ac5ffee,1435696,
Korea_TreasureProps/Meshes/SM_006_Brick_001.fbx.meta,c9bc123862d5dd3e53d0874768e3f601cfa7ec49d843a10d1968c6d782d3934b,3010,fd4feb3c82e186d4fb464ea6c12cc5f3
Korea_TreasureProps/Meshes/SM_006_Brick_002.fbx,a9be6fc9562b9752050fd61a64ee93c9d044bd127518c676fa7785678342fbf2,1416944,
Korea_TreasureProps/Meshes/SM_006_Brick_002.fbx.meta,ce1450ae5a45a3c484ed532ae305b5ae2046fe6a40bfc156962a750f96552d41,3010,8d07057c08ed914479da31a0fcaf2c51
Korea_TreasureProps/Meshes/SM_007_Statue_of_the_Buddha.fbx,725c90d1fc7576eb4516a09cf20088461b62be56fab021922c1750977e2a2841,1207856,
Korea_TreasureProps/Meshes/SM_007_Statue_of_the_Buddha.fbx.meta,cdf92997dc825e6a35fb503f04327e3be389d7913131bdc75e233551d71e14e0,3010,d519eddd47225c24ca61c210b4fbc4a9
Korea_TreasureProps/Meshes/SM_008_Statue_of_the_Buddha.FBX,d2761b34fb51d89b05c88e1465a0d5e1fa69e154b10e3615adb39cab3faeb381,2280528,
Korea_TreasureProps/Meshes/SM_008_Statue_of_the_Buddha.FBX.meta,caee97945ce13f933d7a91b0ffa134b107e8317f578287da8e491c2f6ac24d0e,3029,c030760ae91c4924ea1c4e109d871bcc
Korea_TreasureProps/Meshes/SM_009_Statue_of_the_Buddha.fbx,28734a346a412b009ad437b6a31581239b0bb1c39e716fbfff07fceef653d9e4,2372560,
Korea_TreasureProps/Meshes/SM_009_Statue_of_the_Buddha.fbx.meta,aa97237943044dba6b8fb6548467015cfdf30e355a5f2971122c88020e072154,3010,c3e6417b5b40f084a90a0545c95ec62a
Korea_TreasureProps/Meshes/SM_010_Statue_of_the_Buddha.fbx,e93500765975194de391230bd2500b861d653214df602f904566e64675d023e6,2817360,
Korea_TreasureProps/Meshes/SM_010_Statue_of_the_Buddha.fbx.meta,16cbae8a412fed701452851e791ec21948e0163e5ad31150d62fe10d1e8b4bd6,3010,6fa9382218f59c24795832d9521f62e6
Korea_TreasureProps/Meshes/SM_011_Statue_of_the_Buddha_001.fbx,e661f6be4f67b6ed6b51eed84f245cc7d37ccb4818502bd6449ead8b548aea82,1482976,
Korea_TreasureProps/Meshes/SM_011_Statue_of_the_Buddha_001.fbx.meta,0e90f65ec5d5d10f3ffda39787df0be58dad4f17757d893fe1f75362424a0828,3010,478868c8ad1bc14448e6296d37c3bd3a
Korea_TreasureProps/Meshes/SM_011_Statue_of_the_Buddha_002.fbx,5cc5f36057bcec9dfa3a9153faff2a53cc3f144973fbc9484d22bdacd7bd20b3,1524192,
Korea_TreasureProps/Meshes/SM_011_Statue_of_the_Buddha_002.fbx.meta,8b198ec13609006e2620cf6537e303438228e7394612dd2fb6509e4a33d647d7,3010,6c27f1b53778eea49842c23563caffc5
Korea_TreasureProps/Meshes/SM_012_Gilt_Bronze_Shoes_001.fbx,d13e422cc7a85214c69ae8040b272b15cf52a3c228c3c4eea2c16be850dccddd,1486992,
Korea_TreasureProps/Meshes/SM_012_Gilt_Bronze_Shoes_001.fbx.meta,88f7436ba3c65843967e5294ab4f6a9451638ecc727762a432cbfec34e7a0405,3010,2ce70f5d398564b46855655b947ecd75
Korea_TreasureProps/Meshes/SM_012_Gilt_Bronze_Shoes_002.fbx,635cd631f6decc9341279a384096bfc354c17a1cc455d07119b168735a83a83a,1466960,
Korea_TreasureProps/Meshes/SM_012_Gilt_Bronze_Shoes_002.fbx.meta,e4ec4c67177df07b35e5aaac1b0399bd1ca89c5f183921d6302893a8c3bf44f9,3010,bf308fbe7f131c34cba3f0842ac417e7
Korea_TreasureProps/Meshes/SM_013_Statue_of_the_Buddha.fbx,6d91c5c2d7a856d1a2c3dfbc96b287166e3bdb38f07c6317656f9269c94db767,2645520,
Korea_TreasureProps/Meshes/SM_013_Statue_of_the_Buddha.fbx.meta,b559fde13c84ca6b07b59275129f4258565484161ffeacf9d1ca3b65e121d001,3010,e293e178f902c754bb05215cd0cd4eac
Korea_TreasureProps/Meshes/SM_014_Statue_of_the_Buddha.fbx,804a773c4b5bf97102e3c70428d31d6c3acccb91ffe480b98d40c17a4913f898,1823168,
Korea_TreasureProps/Meshes/SM_014_Statue_of_the_Buddha.fbx.meta,b62d5bbcd50d7eb78e00d67c310538152fb6e4564cb6bc33f414315a96862fa5,3010,60d32a8201de51642a6fe2be89b845a3
Korea_TreasureProps/Meshes/SM_015_Stamp.fbx,a616cfc62d04f3d330697bd3c44dd0facfe8ee449822bd1dc76d34ce6f32e163,1505792,
Korea_TreasureProps/Meshes/SM_015_Stamp.fbx.meta,4a3376ea37417d0cd5b996de5f87e6c7b49fd7e25fc943992abce7e65c8fc1ba,3010,7c3d546fcaa5276478f15eb003d4b400
Korea_TreasureProps/Meshes/SM_016_Stamp.fbx,a65f9b1b14412a81a160413b402aa8352fea4c64de2a2c1d5b1927d369dbaf8f,2121424,
Korea_TreasureProps/Meshes/SM_016_Stamp.fbx.meta,f3ca4397016886670a56e1e6fc3ba93b384e65cb4d7c136cac422368af198b4c,3010,775b3ba1879e19848b20861da793a120
Korea_TreasureProps/Meshes/SM_017_Storage_Box.fbx,eb354644bc7facac1fdc5bcebc46eb48584dd6f2ecb56bd558b20b719ad5007c,1585648,
Korea_TreasureProps/Meshes/SM_017_Storage_Box.fbx.meta,6515a3b544f4d1170b42c958db3ad416d0fc8d9cdf7d2355c444aaa2ec933b4d,3010,af50a4d186f724346bd2f525bce0474b
Korea_TreasureProps/Meshes/SM_018_Pillow.fbx,c9d7fda10dee162063e7da0da8d233c8b40300e977dffa4714eeefb687df8332,759632,
Korea_TreasureProps/Meshes/SM_018_Pillow.fbx.meta,e5a6a1743aea3ed4ed3f811e5aa66effa6e08be4747f05fc3c408018304dbf8f,3010,42362a05424c7344a97d2ea498273555
Korea_TreasureProps/Meshes/SM_019_Golden_Crown_001.fbx,4bf213b34a6ba4aa0c6cad3a6dc03338a5b528927661e5b4e795cc86de80edcd,7692304,
Korea_TreasureProps/Meshes/SM_019_Golden_Crown_001.fbx.meta,0e7f659d317332953b7b5363a46129e826c775917d850af766be1ed8c9660ff6,3010,e8e172a16294f0b49a5149d27a55d987
Korea_TreasureProps/Meshes/SM_019_Golden_Crown_002.fbx,4a0392a07281665f5ff0c8ffc88086e9c2dc43a091b17bef7695e7dde214b0d2,411088,
Korea_TreasureProps/Meshes/SM_019_Golden_Crown_002.fbx.meta,eddf24963181703be074d42fc4adeaaddd211d062f81ba510649b8747513dae9,3010,8e04dad1a8118704d81af330782369aa
Korea_TreasureProps/Meshes/SM_020_Saligu.fbx,387419f3965907b6b4793ff3b10521e328b513b09d8c6d870196660d6de11309,1789616,
Korea_TreasureProps/Meshes/SM_020_Saligu.fbx.meta,e1951387d6bf224bb78751f76fa5e24f4a112e4b80dc5025235e7f656145a636,3010,f78c855378c86184988f0eab83b59763
Korea_TreasureProps/Meshes/SM_021_Saligu_001.fbx,b79b8fa1fe915861e87eff8a02daeb6de2c58464f769ff6938bd02fb59e00e68,311568,
Korea_TreasureProps/Meshes/SM_021_Saligu_001.fbx.meta,8f36c1e8f60728c817bea614749d5f3b5fd504b51d31b49ef1bcb2b0c7e07dc5,3010,b94e7995ccb970440892c24101d46d0f
Korea_TreasureProps/Meshes/SM_021_Saligu_001_Lid.fbx,0aabba8288986e18f6dcfb62435da3c5c2b57b0cae035a2abed61fa6685afa5e,329824,
Korea_TreasureProps/Meshes/SM_021_Saligu_001_Lid.fbx.meta,32c5b749f943d9b86f9c274771983e8c9196c9bdc2d4fdf76472a514aec0f9ae,3010,c4316d31cbe632f499f038f2ec8c319f
Korea_TreasureProps/Meshes/SM_021_Saligu_002.fbx,432b6a5e400f8c60342d8a27459edf3bda8a844fe0bdbdf611b4b76701125838,120704,
Korea_TreasureProps/Meshes/SM_021_Saligu_002.fbx.meta,bb432dcf727d72c075210f4ae3b49ce220678219e7b624d55dad6914618b0da4,3010,44bbf566f3a009e47b5026ae2fd81bdb
Korea_TreasureProps/Meshes/SM_022_Saligu_001.fbx,9f3546e9e81779ce168bfdb0ee5cfadc3b296165055034fe268dffa132e6b7ea,1104784,
Korea_TreasureProps/Meshes/SM_022_Saligu_001.fbx.meta,03c50fa5eefed745393381314e0215eb905eface2b45d4a7ac4d0ceb54dbcc06,3010,c6acbd03f4959674199d4cb0759fcac2
Korea_TreasureProps/Meshes/SM_022_Saligu_001_Lid.fbx,755b271df4a95b63cc746a928af64c42a2223b203c9ad44f8ce0121801b80a25,1098656,
Korea_TreasureProps/Meshes/SM_022_Saligu_001_Lid.fbx.meta,1a98e89c634c6c02ec8be872ec4ba7831e8876eeeb0caee71df9869cd3fa7e91,3010,cbf2b0a2b4660714795e48b377b997a0
Korea_TreasureProps/Meshes/SM_022_Saligu_002.fbx,2c8764c42df8bf82a3c1b74c9484922f43ba0fead917741552e76eb2e5e06908,1081440,
Korea_TreasureProps/Meshes/SM_022_Saligu_002.fbx.meta,db699df673e707886c2c58d0715db89f61a548b1bb8df29a0ca70c0cf0c3e4ca,3010,2fb340380cd923b4ebbea79140155ee5
Korea_TreasureProps/Meshes/SM_022_Saligu_002_Lid.fbx,2f94fc959c2eecd128b78dff592c3157b15cb06dbb1889cbb50ac3c89937ebc3,1092464,
Korea_TreasureProps/Meshes/SM_022_Saligu_002_Lid.fbx.meta,0723c4ae7e3103eab996d890fd0848a240ea23d399cf810329915dbcb9549905,3010,e65ea05d87c69ce4e974ead235b7d204
Korea_TreasureProps/Meshes/SM_022_Saligu_003.fbx,b63128a52b91d940b4ac6e6c300fb68a1c7e8a1b5ddc6c6aa7500e072d8c17e3,1427360,
Korea_TreasureProps/Meshes/SM_022_Saligu_003.fbx.meta,56559ca6a81984315df82950f9de8a084b1ae9d031b74bf0e7f0ad6c4734e1ac,3010,bb28c5d4f596c834dacb052311ae3df7
Korea_TreasureProps/Meshes/SM_022_Saligu_003_Lid.fbx,7e6e24194dff003582a59f2f3dd804b38e8087ef0bcf49cf7b3d45d2ca57d00a,1095008,
Korea_TreasureProps/Meshes/SM_022_Saligu_003_Lid.fbx.meta,064b530c4a1fbd4560beb9a2ec9cff7ed296214bbe112e04970cf3c38b1722c8,3010,d13ad12320bebfb429da53ef4f884c99
Korea_TreasureProps/Meshes/SM_023_Bronze_Ritual_Object.fbx,0fc7a2e55f4af35849ed29fe6c69cc16261f50a4990286718dd66637449355ae,1118976,
Korea_TreasureProps/Meshes/SM_023_Bronze_Ritual_Object.fbx.meta,28f2bf0805fa8782f572c0545a704e100996c436d30c4bfa2f7f4a92eee775b2,3010,b602aade72651764d8a53e2146aa67b3
Korea_TreasureProps/Meshes/SM_024_An_Earthenware_Doll_001.fbx,a32239aa5828d5fb43587f3ecde26b2793ab1a18596ead2169700968b1c99ead,2145344,
Korea_TreasureProps/Meshes/SM_024_An_Earthenware_Doll_001.fbx.meta,2f6a752cf701a637238201b1a2100503df9872f3ee6b6086cc939bae7c577073,3010,b0edbe4dfe02d84489cafb260fbb2404
Korea_TreasureProps/Meshes/SM_024_An_Earthenware_Doll_002.fbx,78b3dce9627a017f9fa399b3d5ebf657380669f840c368aa0ee6beb9b7aa1b70,2223264,
Korea_TreasureProps/Meshes/SM_024_An_Earthenware_Doll_002.fbx.meta,3551fe5a6c7adb6b252d06e75e2d3b1644fa6e51b5857461124b792ce7169062,3010,3a896ee70a2721a46bbed088927b5e47
Korea_TreasureProps/Meshes/SM_025_Cup.fbx,fab22181bb1685f6697698f510ccb53c2d59dee49a88c90783f277247714ee3d,1106672,
Korea_TreasureProps/Meshes/SM_025_Cup.fbx.meta,c678a4e77ac584eeffa43f0dfa7f65d2b5473ba5427941bda5c35b1986d80bbe,3010,2c365fa9c5b101f4fb0df15b589bbf6b
Korea_TreasureProps/Meshes/SM_025_Cup_Lid.fbx,6441751490c6f8458f733e826509f50b04f9ba606276509f11b4dac5f091bdbe,1435952,
Korea_TreasureProps/Meshes/SM_025_Cup_Lid.fbx.meta,51dc22eee2ea2b0d57cd318ff762a84999d7717206266e4ea29c04e53a03f1cc,3010,9b8f6c39d8b28374bacdf502e7fb6ef2
Korea_TreasureProps/Meshes/SM_025_Cup_Tray.fbx,f8e47f9ca8c5b33da1e657922f49b2809d5588e47af106ed208f1c3fccde0864,3490928,
Korea_TreasureProps/Meshes/SM_025_Cup_Tray.fbx.meta,26d883d5449927102698abdf4e20f79bdec0069d4abe454f89b5e4c06d88373e,3010,139530588ed9aa444bb3c5e0a727022d
Korea_TreasureProps/Meshes/SM_026_Statue_of_the_Buddha.fbx,e054411d8a3a948d8cf51319445749dccfc740e628c596d596c0bb62281157d0,1533584,
Korea_TreasureProps/Meshes/SM_026_Statue_of_the_Buddha.fbx.meta,237f3799233d7fdb7581c24b56b489ec0a5631c339532610b0a4b9153e729a40,3010,c9c6ca3d7e3d77c46aeb7fa4147139ca
Korea_TreasureProps/Meshes/SM_027_Sundial.fbx,deaf483454f7b29604623e2c005e06398f86fe5bda2899b84145b18f94945702,2042048,
Korea_TreasureProps/Meshes/SM_027_Sundial.fbx.meta,3c6558b815a5dfec32b36ad82482ad8a181bfa561054016a0c999b747c7b4437,3010,7da9d6bb0ea0b5941a811ede6550af9b
Korea_TreasureProps/Meshes/SM_028_Buddhist_Temple_Bell.fbx,a4fa5a32a0548d4ebe642ed28a85beb4bc6f37892ba9606659ab51841d840b43,2547424,
Korea_TreasureProps/Meshes/SM_028_Buddhist_Temple_Bell.fbx.meta,ce3001b741211bf1167a35009f91d3af651f22e7132a40dc7a09c98b0ce4b28e,3010,2f090215f39f61c40ae025dd0bad5fa6
Korea_TreasureProps/Meshes/SM_029_Wooden_Scroll.fbx,bfae5c192be92ffb955271c114220a53a5d3567118077d87546c9ac07932c078,260032,
Korea_TreasureProps/Meshes/SM_029_Wooden_Scroll.fbx.meta,29e4da47846e49e0f334ffd554139c66d9e5c4ea76ac79233f4d3411e9164607,3376,b374e3dea5785c74981f4ba6409a6f94
Korea_TreasureProps/Meshes/SM_030_Queen_Pillow.fbx,45f2ad2aea6f2f09e9060ac394ce90363158ae6c25b5e0f30d0589f220cb7cf2,468880,
Korea_TreasureProps/Meshes/SM_030_Queen_Pillow.fbx.meta,7dec15cb0801efc4fa102b6b1d580c75ff9dd90311b47ac3205be928e8b8487a,3376,02c3c0dbb2e96ca4398b4d43b7a40153
Korea_TreasureProps/Meshes/SM_031_Bowl.fbx,d695a45621464ac37bbc2a2d838a4e7c98aa9843f8734453503648033e907292,1836896,
Korea_TreasureProps/Meshes/SM_031_Bowl.fbx.meta,b3ea4f87122624f356d17fe95ae08d6fc8589c1c4daa45d8f4ca278323f8b0e2,3010,9f6b6d22727cabe4ca82d5ad19193c08
Korea_TreasureProps/Meshes/SM_032_Brick.fbx,3e5fed2cbfe8c5ca7f216beb732522a0de8e3a70ebf7819e62c4c7a31574e208,2151920,
Korea_TreasureProps/Meshes/SM_032_Brick.fbx.meta,ccffd99554f1ad06300015799656f5adf8ce6b6d594693e471bdacacac07aa5c,3010,bd37cbf63fdff754285eddb73af60f90
Korea_TreasureProps/Meshes/SM_033_Bottle.fbx,e938abd9363a93f73dfbcc40ad6d498da5852d86032fd046e0f81efaa7f385da,1080720,
Korea_TreasureProps/Meshes/SM_033_Bottle.fbx.meta,30d0ea204855c76844bd04315d9548c17f5f633d7f25b1aca32cebe23f2ef3ce,3010,302439b1b80d25f45b89d1790cd15d6e
Korea_TreasureProps/Meshes/SM_034_Bottle.fbx,c109c47593cc693357de03a60b012615212bc300df092a766422c0b33f94eec1,1091312,
Korea_TreasureProps/Meshes/SM_034_Bottle.fbx.meta,d3be4924a29af202d06140ee1f1e1458b1d6adfc0fdbcdc65dc781ae66889896,3010,21b58929ed488ff4393b9dbde7201bfe
Korea_TreasureProps/Meshes/SM_035_Bowl.fbx,14bbde324f5b8af282450a19e7274be356e1067dabd0441ba9e6416ac76a09cc,753936,
Korea_TreasureProps/Meshes/SM_035_Bowl.fbx.meta,2f0bcb14c56425ad1b7db0615a79335f38c381278e9769132fe4ff52cb564106,3010,82da2d454d47b26469525768e757452e
Korea_TreasureProps/Meshes/SM_036_Cup.fbx,9d0d24df33b5d13744ba05d99d870d2edb7333ee80b80a01604f08113680630e,2177856,
Korea_TreasureProps/Meshes/SM_036_Cup.fbx.meta,9742973e756f53c897439d35d35de1e80ca25a7dc24ded76fa26a407d73d3198,3010,232765a4dcf1282448b2d1b822142f9c
Korea_TreasureProps/Meshes/SM_037_Pot.FBX,88a3e625126eadd30d5cd9b5c616c22c561455ec9b3ee31c2f3bb7fa3bc52005,1998272,
Korea_TreasureProps/Meshes/SM_037_Pot.FBX.meta,652527ffbdca205df5d9bb7eee74b42bb6d3500203117efc352f8ab483a04e7c,3011,2a807232e8431f142a52084ac1c731a9
Korea_TreasureProps/Meshes/SM_038_Pot.fbx,3929752525c1512f5dd83392a7d498aee5e5a7d7709bb946ec0336a57cc8d7d4,1798016,
Korea_TreasureProps/Meshes/SM_038_Pot.fbx.meta,9d67b36d78237936e82c7d0143d20ad1456de64c0a799acd26d424a694a28fb2,3010,c8a2f19a9edc76a48abe67fe565a514c
Korea_TreasureProps/Meshes/SM_039_Pot.fbx,00a5e3f0447af7dc228a64081aeecef48574f40dd1c73917ec283fd4f617c8f9,1769360,
Korea_TreasureProps/Meshes/SM_039_Pot.fbx.meta,31c338c73a9951231aaf9fad1abc9fa506a7d1e5d3f19ceab0444cf01bb1d718,3010,8e469e3341c46494b87027175c2b2776
Korea_TreasureProps/Meshes/SM_039_Pot_Lid.fbx,dc20c9799e5677a1e50e4c3dc978c128096794aba075fae3b6aa2f43f42f184d,1814096,
Korea_TreasureProps/Meshes/SM_039_Pot_Lid.fbx.meta,dd6693d90fe225019fa9dca89d6675828534f2d68b9766888fe06f8b99246e9e,3010,2c83d4d5ddd2b37418540b43a50c5388
Korea_TreasureProps/Meshes/SM_040_A_Ceramic_Bottle.fbx,340f7dd5162af18c59d703bbf9c3ce793931a553a400201cda08f0c90b731da7,1069232,
Korea_TreasureProps/Meshes/SM_040_A_Ceramic_Bottle.fbx.meta,ce6f743f7fd20291c8aa292c8c3ce8f6e1957101531b0d87047c78479a250369,3010,d87e7b032e6f4ec4e9634979a9143811
Korea_TreasureProps/Meshes/SM_041_Vase.fbx,2d3f29bf42b39abde43fe8cd7066034f3bbcb11b0f8eaf3d66fc151a86a66ba7,2754480,
Korea_TreasureProps/Meshes/SM_041_Vase.fbx.meta,21e792b07b17dc3dd0c4608a9523b28c96c6b7de81e38b757651b98211488c1c,3010,193c6876953d80240935e558ae420b89
Korea_TreasureProps/Meshes/SM_042_Bottle.fbx,04440f3e08af067c2614931f35fcf7390c5efe5bc29ad7602ac6187eb4fbcdad,723584,
Korea_TreasureProps/Meshes/SM_042_Bottle.fbx.meta,b5a1a53eaa30dd998248dcb7455b0ed9c011435e5d7593bc4e192a1b84936d62,3010,b58159e43b13e39459cf49ee1c67d6dc
Korea_TreasureProps/Meshes/SM_043_Bottle.fbx,69ca1f1b1caa65e6a71da888d12a7b11491975e94f94a81959ab1f5d658f73a2,733008,
Korea_TreasureProps/Meshes/SM_043_Bottle.fbx.meta,9f848788e1f46159a03f04a2e1645be2972a25ba5ab07a0efe69ae15f43b8df0,3010,b5053ed4c6d7fd844869fa365f263c46
Korea_TreasureProps/Meshes/SM_044_Yeonjeong.fbx,8b51e19d790066d8d656257a7241405f4f437bb269e2fc3b56b32d2924758f7b,1058096,
Korea_TreasureProps/Meshes/SM_044_Yeonjeong.fbx.meta,09ac216396d1de2379e443d0ff945c84c0bc449418c8adf0427817196c09c037,3010,fb0ce662cb451df48bba00e9b079ea65
Korea_TreasureProps/Meshes/SM_045_Incense_Burner.fbx,f71dd374292ec5c4e3d802e3f9b97f9874bd3b159fa0f6b20d867a13d38a2f9c,573536,
Korea_TreasureProps/Meshes/SM_045_Incense_Burner.fbx.meta,93c48994268d655849543e1350b4b2e18bafc3df25e1049c1c4a3ed178f6ce67,3010,f325304ed5b127a42ada2c415c11eeac
Korea_TreasureProps/Meshes/SM_045_Incense_Burner_Lid.fbx,c1ca43ab066e8a079077825458e3b678a47fa2a63f68d9ccac3012506625bbda,1504976,
Korea_TreasureProps/Meshes/SM_045_Incense_Burner_Lid.fbx.meta,306bbff3725b31ea8f46af3a2cbdbcbffe83e2c8d1ac87131c7f182ca0177361,3010,8800ac3f87a351b42904675b6a346f9b
Korea_TreasureProps/Meshes/SM_046_Pot.fbx,c064e085cf046cab402bc151dd7cfbf3f72f43b01ac707f6559156c79d042b95,2187920,
Korea_TreasureProps/Meshes/SM_046_Pot.fbx.meta,53cbcd02def5781c3f4df46d9585afea059e43598376f11deac7e197b49fe312,3010,5d13d0b991c18394a94b76c25c649fa3
Korea_TreasureProps/Meshes/SM_047_Brick.fbx,a589df10e1d4c5a2e6e7b4986616c26f1ce4fd088ca61bb57237d276643ebdff,1447840,
Korea_TreasureProps/Meshes/SM_047_Brick.fbx.meta,2245fd288096d98c173219425a1c2ea612ce9d84223fa234177ceb0c3e7c52a4,3010,aaf7a2a9248a478439e84f8f62122da6
Korea_TreasureProps/Meshes/SM_048_Statue_of_the_Buddha.fbx,a7fa7141a586fb21f9dba2e4cfd61e8df1365ec8a34a4c02b7f5f67fd369535b,1838656,
Korea_TreasureProps/Meshes/SM_048_Statue_of_the_Buddha.fbx.meta,3197fe96becc326a6e5c8a61921551456f8d4de486095da85316459b3316399a,3010,20e0a318ec429de449a7a945a64a5657
Korea_TreasureProps/Meshes/SM_049_Bottle.fbx,c3308538417545eed9b9849e01247e7ab240808590a8ab9b76cda8f1e8c67991,1086352,
Korea_TreasureProps/Meshes/SM_049_Bottle.fbx.meta,79dbc7e829b906e93900cd41373fbbf39bf418339a146775a0b96f58b47ada28,3010,873b30fb65b3f004d8dcaf54e9d9640f
Korea_TreasureProps/Meshes/SM_050_Bottle.fbx,957ac6a3c8710e6e1697f9b582b906db52e14129671f192d8c8c015c5b51d69e,1078144,
Korea_TreasureProps/Meshes/SM_050_Bottle.fbx.meta,da08ee16426b6663fdfa3f07dfea1290fd1836cf57875f8632d94aa2e64aa3cc,3010,0e519bf0ca32da349bf95be865033d94
Korea_TreasureProps/Meshes/SM_051_A_Ceramic_Bottle.fbx,8ac0e4206a1e8dd489ea7d05e635ee323d541ad6c9dd3efa70032c4903bb49be,774976,
Korea_TreasureProps/Meshes/SM_051_A_Ceramic_Bottle.fbx.meta,03f34923a62a7c9167f3a86a67d5694e781571bfafe551e58f31da3dc98402f9,3010,f3ab14a5e7973a1478387d3ef797b05b
Korea_TreasureProps/Meshes/SM_052_Pot.fbx,a05e10b27465c1e04c55499e0c55b6f33f885075337eb590768642c369e85e29,1797344,
Korea_TreasureProps/Meshes/SM_052_Pot.fbx.meta,998befb44b9b7cd90b5c0fe348a66ed002c6c504b04df4c26db66221ad273c34,3010,ab2d73151231c80419790a99401d1fe3
Korea_TreasureProps/Meshes/SM_053_Brick_001.fbx,74198aca87246d5d59efda16526457d108272cdb46ca7d8072184222f663ce37,1403632,
Korea_TreasureProps/Meshes/SM_053_Brick_001.fbx.meta,6f7e8a2dd5e6401acccaac6be248a766909915859cbfe35c2d3324b6feb4546c,3010,8072a14761069cb418515ddcc533b894
Korea_TreasureProps/Meshes/SM_053_Brick_002.fbx,35f43a329de8a17d84d1eddf58373f24b429a52d117d5b43c18b1e3aff226faa,1783328,
Korea_TreasureProps/Meshes/SM_053_Brick_002.fbx.meta,9025d9bdba500da213745f9744d478c05bf068ad3bef04be0ae68928c4e70673,3010,73b355160fc62654695765e7ed39b54b
Korea_TreasureProps/Meshes/SM_054_Statue_of_the_Buddha.fbx,9bf2b1eb3c4284abc47c27092d51c0da7caaca2d4dad1eaa1668f98d98e625a9,2236032,
Korea_TreasureProps/Meshes/SM_054_Statue_of_the_Buddha.fbx.meta,6930489eff047ccdd2d647431a517a94a48c2452a9df8fb199a615c7c3f4614f,3010,cf7157ff7dbdaed409ece89938b37f82
Korea_TreasureProps/Meshes/SM_055_Statue_of_the_Buddha.fbx,52b4098f7a3baf8651feec0a9338b962f2ec1d741c190511416af5841d6ef372,1130048,
Korea_TreasureProps/Meshes/SM_055_Statue_of_the_Buddha.fbx.meta,99983c9804af6161bd7166e8c6c1778ef7cdccf0d55a88b1763d172dc99163d6,3010,919b8d5ae1f9588429d6ff6ffad1c626
Korea_TreasureProps/Meshes/SM_056_Brick.fbx,8b55649620db1065fe0fd1a005ddbc17ebbf98aa51973f37d7f2e800203fd813,1777232,
Korea_TreasureProps/Meshes/SM_056_Brick.fbx.meta,0bbc70cd3d19178a1e60a16b8045bae0abdc257ed9071af79a1caff8f4a881a0,3010,bcdeebbebbc244948abb61176a363913
Korea_TreasureProps/Meshes/SM_057_Brick.fbx,ae2872b34264078038d2a5d0c64a5999ffd8fc687c4b827d6d28f2c5ff151176,1801456,
Korea_TreasureProps/Meshes/SM_057_Brick.fbx.meta,3ef1beafd2ec9ac47b2133355dbfa0a9bca53ab7fa3bc4905d5b7d1f346b1368,3010,f37d73fbcfb10984b9a98c011116c873
Korea_TreasureProps/Meshes/SM_058_Cup.fbx,3eb270123abe9cc344ce20c2103f01631cb1a3ed9a3fc30f93aa1f28bd857d96,1704016,
Korea_TreasureProps/Meshes/SM_058_Cup.fbx.meta,12eb5ce86d248d452d22c438769d8083fc5081281923334087623186744fa86e,3010,91b3cdc4b15cccc43a41fd4a7766c572
Korea_TreasureProps/Meshes/SM_058_Cup_Lid.fbx,228d19f902f6f6b289920409acd87612fedbb72e31dff23d78ad4ea52a272c35,812128,
Korea_TreasureProps/Meshes/SM_058_Cup_Lid.fbx.meta,3efbfe57f3d3e8de53c1c1129fa306a849bb6d0c58253e7815380f892486699e,3010,aff4ebdc63e438944b806c1583b61586
Korea_TreasureProps/Meshes/SM_059_Clay_Statue.fbx,87fa98fa98c2a34e3b4bd8c670cc65376a9905c58cc99e4987019149852db2f3,1097648,
Korea_TreasureProps/Meshes/SM_059_Clay_Statue.fbx.meta,1c782e8c02ce03f30f40054ec604dd5bbe14e3b0a214bc26e59cdba2b4e28efa,3010,89e288eda098e3f469e3b90e981b8cf4
Korea_TreasureProps/Meshes/SM_060_Clay_Statue.fbx,11241c191fdc4a664aece254e1890bb0568a0274ee0fa3f47ecc81fe11f5a966,1462720,
Korea_TreasureProps/Meshes/SM_060_Clay_Statue.fbx.meta,1c35febd6874eadb86792bed59f4536f90946e782b55091b57f5819a813c0d57,3010,398427e0f7626534ba117547642f2d94
Korea_TreasureProps/Meshes/SM_061_Jar.fbx,3113934765750f8e5d85c05139ebf65200a545d4910a957bf449a9d4e8a02ecd,1409664,
Korea_TreasureProps/Meshes/SM_061_Jar.fbx.meta,df7a18273b0cc4704b95356ce44c387a391809f0a498ef66c849093acec0bcb4,3010,47798390b2a84c6498f53ec360edff67
Korea_TreasureProps/Meshes/SM_062_Stove.fbx,6e6087464186e264c3c53972a18b9917e950c2bbfffa927e4c7793426b3508a6,1165776,
Korea_TreasureProps/Meshes/SM_062_Stove.fbx.meta,d18aa8f72a579349f2ba722299a74fbeb14b81bb7f6642e8bf2cc298567ea94b,3010,49ca268a28d8d8f47967ff6772606461
Korea_TreasureProps/Meshes/SM_063_Bottle.fbx,9a62ca355fc57c2c20550a2d55a94a23f3a7ed30e1a48a03af26160a2ef28849,1128560,
Korea_TreasureProps/Meshes/SM_063_Bottle.fbx.meta,b1b06953ce86e5ddbcf31f705844f0ee3911928580e29075a2838f80aeb8ff88,3010,424cf96cd2f2fa642bea519bd4bbb8e6
Korea_TreasureProps/Meshes/SM_064_Bottle.fbx,b841bb5a81b669c93c979b79a91ca30eee595965dfd67f4314918cf2578d00b3,958064,
Korea_TreasureProps/Meshes/SM_064_Bottle.fbx.meta,020326d96713ff72c57900bec715cc5c422dc827750912628cbc14fa94fa611a,3010,84501eb32d45b30459c88acabfe45eae
Korea_TreasureProps/Meshes/SM_065_Bowl.fbx,dcbd7905df10023c9999bbf8c0adc1857d5b3cb01aa948f616a129fbbee95513,1088720,
Korea_TreasureProps/Meshes/SM_065_Bowl.fbx.meta,8e0a0b69f19e624957260715dd6f930cdb6c0eb34ce0c44b48c94707392d6a7f,3010,d8a0c66742c5a964e9db3ca3bba6d0ac
Korea_TreasureProps/Meshes/SM_065_Bowl_Lid.fbx,63d871fda5f1a4f838718bc6c207a6c72b95fe7aba9cd63949b6f27dab9d3e8f,1075616,
Korea_TreasureProps/Meshes/SM_065_Bowl_Lid.fbx.meta,08688281e4045a88e2a74c5ff96c2ecec463ca5996f0d109b91e6be6d0a60aff,3010,80c2c744ed3755e4e87cd86bb1ade91a
Korea_TreasureProps/Meshes/SM_066_Candlestick.fbx,11030dea9e4cdf13fd4625fca7aa2c1b49fbb6ce607db80379065b89ef3b5bc5,2170192,
Korea_TreasureProps/Meshes/SM_066_Candlestick.fbx.meta,938ea93527a038af91a0dd8bca2160f7749e21cac74daf85c53f62e01ea81a96,3010,402732beb54a0bf46804267308394c44
Korea_TreasureProps/Meshes/SM_067_Kettle.fbx,d661006d7f391e5f55e4187c9e932f5f69a2c484178899450b5c35f93e38d879,2290304,
Korea_TreasureProps/Meshes/SM_067_Kettle.fbx.meta,0ed580b123ae51b370f18fdf74bf3d3d20cbe6957042489ad4d037cedfd1b1ae,3010,92f79b74514e9d24dbfca2061bfd9954
Korea_TreasureProps/Meshes/SM_068_Kettle.fbx,2b0760a0b42a82845b97e766c952159412bc1c480e95d304ae7057f6c418ce0a,2283552,
Korea_TreasureProps/Meshes/SM_068_Kettle.fbx.meta,a79014416bfccf22073ec6e7ff36cbf47b29b0211de765e16d52c74eb35f23f9,3010,ccbbc960e999a3b4cab8fe1b3e36dd6c
Korea_TreasureProps/Meshes/SM_069_Incense_Burner.fbx,5c99694c67511fd34166c67076e82c607b871402c7251bbdfa9de4eb65983a3a,393440,
Korea_TreasureProps/Meshes/SM_069_Incense_Burner.fbx.meta,ee94eaba40ad13f96de1ae753d7b37a085af3d22869c954c040e48e62dc58854,3010,861fa15821fdb324f9ada8d52f8d8910
Korea_TreasureProps/Meshes/SM_069_Incense_Burner_Lid.fbx,6c52f877c4da8a1ef970e715258541eb2fa7d5a51b905ccba3ce08fbaff7d699,1181680,
Korea_TreasureProps/Meshes/SM_069_Incense_Burner_Lid.fbx.meta,7d10e381b96e8d686350b46ad2b73cef19b5a7094e7c57f1ba635d14eed25f08,3010,379c1ac209f23cb42b04042052e200af
Korea_TreasureProps/Meshes/SM_070_A_Ceramic_Bottle.fbx,d2bdc827be044b30094ee4bbb6a04305509f5f52418efd26d66795069d3a0fd5,781296,
Korea_TreasureProps/Meshes/SM_070_A_Ceramic_Bottle.fbx.meta,a0a75121a2e4a5918546c336f16b812377b6358fea13e067e48bd16cb43ee622,3010,fc10383fc5ec8b846954d42479927c0d
Korea_TreasureProps/Meshes/SM_071_Bowl.fbx,70f6cebf5580d257a63aed8a0d23839c630f79be918fe37a59ae1bf8191df8a2,708224,
Korea_TreasureProps/Meshes/SM_071_Bowl.fbx.meta,51a85e1d4443442bf654674412074f190f0fd7b4b219669f4e0685e5b805f5ba,3010,f07ee45fcaf9e7c4faf41abcb043a893
Korea_TreasureProps/Meshes/SM_072_A_Ceramic_Bottle.fbx,b5c233e860e89a78146d38acd8fa14e7535ead24df6193d5b80812ee07e5b014,1081936,
Korea_TreasureProps/Meshes/SM_072_A_Ceramic_Bottle.fbx.meta,75f2e0ee0b71be94a68be06dc9a8a7e5a4d86886bab665ec62e3a320506a4acb,3010,481a7f61b3ef86647bcce725654b2391
Korea_TreasureProps/Meshes/SM_073_Vase.fbx,7bc139b6b1bb87381dab32be1870515afb70b3dd71980d40e57d86db634a6855,721904,
Korea_TreasureProps/Meshes/SM_073_Vase.fbx.meta,3f255ca6d1d37ff20b7dd386a32911cbb38c5d446cecff66b0dfbaa999a117a3,3010,48c957c5785d57f49ba28939da8b8792
Korea_TreasureProps/Meshes/SM_074_Kettle.fbx,d77c42086766969b3c440288f3536166492bc1fdc3ae9adc17c3d29f7aa829bd,1462592,
Korea_TreasureProps/Meshes/SM_074_Kettle.fbx.meta,81772155acdf0ee2d574336222076e4d73bb9ce8593bdfa14ee9b694ab7e5569,3010,385286f1791deb146ae5d8501ebc922f
Korea_TreasureProps/Meshes/SM_075_Pot.fbx,1d242f66daefca9930f4f8ea38ee6ea9379158747fdc34e4e20e4d9e722cd4bc,1174240,
Korea_TreasureProps/Meshes/SM_075_Pot.fbx.meta,1e04639c833adc375a748b78d13bd46e72040b98e8184d93cf739dc692f8ebea,3010,825e7f3a4681a8a488f315142da8540c
Korea_TreasureProps/Meshes/SM_076_Bottle.fbx,3085e1f0b1e7b92520dc43b36ed6697f7e489905253b46af63e835487ad3fcb4,169664,
Korea_TreasureProps/Meshes/SM_076_Bottle.fbx.meta,14dcaa94109447431e6331aaa8f8b0cff75cd5fc01c450a11c880ad6ed41112f,3193,3cb45f2a27b9f8a419c24bd2066a767a
Korea_TreasureProps/Meshes/SM_077_Bowl.fbx,470f2d2e5670f7b66f996b23c855ba3611befd9158938155fb70d13e54bfe0a1,751872,
Korea_TreasureProps/Meshes/SM_077_Bowl.fbx.meta,9b9af916054054131e6f2d8166d413e86f9b40d778d24b3adc2c3698f9bc7aac,3010,3b34a9acf280cea4d9c87f15aed85b91
Korea_TreasureProps/Meshes/SM_078_Kettle.fbx,a3a628d6849f0006724406010a901f813473a47579a8145768bd318a151659b2,1645696,
Korea_TreasureProps/Meshes/SM_078_Kettle.fbx.meta,bf75917c4c4a28cb964e7ec8f4e6f7f02e22b11b923dc2dc7dc6837ac86d9367,3010,7560c11d697085f4abf8c984eec6911b
Korea_TreasureProps/Meshes/SM_078_Kettle_Lid.fbx,c03de641c6521d61e55b14696180af1f1f03eaa372b0942078c5af3b1b850ab1,403568,
Korea_TreasureProps/Meshes/SM_078_Kettle_Lid.fbx.meta,32f5746204c4fca6316c323739fe8e8499d381d18807326f180cc85e4c009c41,3010,ea33c8b7832df094e9eb11e5bc0316fc
Korea_TreasureProps/Meshes/SM_079_Bowl.fbx,a7397eaaf680ce5f1e28de773b4e2388d54596fbba2da1eff504a6e8f75f5f70,772144,
Korea_TreasureProps/Meshes/SM_079_Bowl.fbx.meta,ac57a0f98fda6b8e6a2ad97166957118856c1498fce183e10e1b6a7a5e767a7c,3010,20c6ebcf43138344381c4d43cb4fc022
Korea_TreasureProps/Meshes/SM_079_Bowl_Lid.fbx,7e7f9ff9a4ee72696e6cefd59b16310f6e2660f48b13d11990b24c8d28ac51b3,723728,
Korea_TreasureProps/Meshes/SM_079_Bowl_Lid.fbx.meta,f2958e6dc51046ea1b54625dc2f676399a7947607079a7dee773ba219756eda5,3010,998d1d2fb91a8854ca907cedc015376e
Korea_TreasureProps/Meshes/SM_080_A_Ceramic_Bottle.fbx,6965e77a0da242102a729eb8cfc1884b98e3831fd595101e415aa14490b71551,738608,
Korea_TreasureProps/Meshes/SM_080_A_Ceramic_Bottle.fbx.meta,8751a2920a775ebb675a6b3a64ca3d89ef217a9e2bb77d2520957753c813a62c,3010,d5b12f742c6f3ce47ad3b3d17075891e
Korea_TreasureProps/Meshes/SM_080_A_Ceramic_Bottle_Lid.fbx,c858d47c358d1f4db02eb269ce556b204ee318fa545bb244e5933c55149deb40,386208,
Korea_TreasureProps/Meshes/SM_080_A_Ceramic_Bottle_Lid.fbx.meta,45288a88449722c9acd3a513f6012e79994fe67bb83dc811a7cdd73ff6a42866,3010,c1cf97d4a42f7d64fa4186f09f9f0921
Korea_TreasureProps/Meshes/SM_081_A_Ceramic_Bottle.fbx,15ba493336a98dfc0a2404e1450fb1d0316e0bc590c78c4089470755230c7c9a,1081776,
Korea_TreasureProps/Meshes/SM_081_A_Ceramic_Bottle.fbx.meta,155637b6dfd5bee03faec44a5fad843d57c39cb54ffd2e49d6c8d6902ac6acd5,3010,511fa1a33dadc8340a6208d93d52a954
Korea_TreasureProps/Meshes/SM_082_Kettle.fbx,2d9a30e9db808906a3ca9962b1dae6186cdc6dc4123116d81fdd3a375b9d4b81,1674560,
Korea_TreasureProps/Meshes/SM_082_Kettle.fbx.meta,00521a689e049e2d160d0e84f179d905c11ffd6e21d52b34d6e64af34cb32ddb,3010,f390937f2059fa6498c4b703da6975e7
Korea_TreasureProps/Meshes/SM_083_Kettle.fbx,2bfc870ba56186539960b944da1119aa7097c2d4f6a7ae2ef99a5a3f34ac5f81,1092272,
Korea_TreasureProps/Meshes/SM_083_Kettle.fbx.meta,94e07a38a649b732c5cfc85ca973396472afda84bd924aa15fdf91061834f7c5,3010,771cc7ef9de33244f876495c5baca862
Korea_TreasureProps/Meshes/SM_083_Kettle_Lid.fbx,70173c11df18f11b1bc78a94f64541ecfa40c3a3b3fdae708ace7f164d7c3fd2,211776,
Korea_TreasureProps/Meshes/SM_083_Kettle_Lid.fbx.meta,a265551a8204a1571f6d81d97370de9f8c00268d4fa3edc6e2afe452d313e785,3010,2c3974bdb2c24aa41b1896fbb5b0b211
Korea_TreasureProps/Meshes/SM_084_Vase.fbx,99708e8a36a018ed6602d5df03ff6f02c570ad233321ac48d48a2ae91f67d772,1818256,
Korea_TreasureProps/Meshes/SM_084_Vase.fbx.meta,83b2fab393f7ad005b8c0e8ac8e5488fc291b54d55306927c4fbe1b284ee5432,3010,e7ad4e44ba4b1cd41845405ab12d5a14
Korea_TreasureProps/Meshes/SM_085_Bottle.fbx,eac60af11e11b63782bd633c599ca0f4c928cc25630502a5f87f3070040f37a3,737472,
Korea_TreasureProps/Meshes/SM_085_Bottle.fbx.meta,2582a398915cf703d652c87f151c7e04450c42eae3b0d74c4a991a4dfe674912,3010,02c0dd56cfc00a147a304fcb4658abc4
Korea_TreasureProps/Meshes/SM_086_Kettle.fbx,56ef65bbd7d81f64d6494376e96093646d2882f8b961164410ff2984cf1b6936,1937952,
Korea_TreasureProps/Meshes/SM_086_Kettle.fbx.meta,ce7d573d9dd927a85e4050cf57636712fd35136923cc1f984c40314f80635148,3010,bf6e969b66b2c164a9246e8115dd7be2
Korea_TreasureProps/Meshes/SM_086_Kettle_Lid.fbx,8147fdfe9d82223cd32a6270c92779df74ec9a112c7c1a5c0267b419563793c7,210032,
Korea_TreasureProps/Meshes/SM_086_Kettle_Lid.fbx.meta,9dc73047c681918d8705505cb67738a5a082a12547a134d71eca25bd0f315e7b,3010,e4df520c17e8c9d40ba2fdba4fef6b45
Korea_TreasureProps/Meshes/SM_086_Kettle_Tray.fbx,d0b3751d00f34635722e222f2f2a9ef1206393905adf50cfd7fabe3bcc4ff865,384528,
Korea_TreasureProps/Meshes/SM_086_Kettle_Tray.fbx.meta,73176a16f0dcb37b1c1f23b748f142e5e7e0ab390db6d1111c27e330e11fcf41,3010,bcc39ccf6af11da4691af93da5417463
Korea_TreasureProps/Meshes/SM_087_Stationery.fbx,d0081010d230468d3a31d8781fe423ebf9266287dfd8a200cececcf21fbb1a55,2008816,
Korea_TreasureProps/Meshes/SM_087_Stationery.fbx.meta,931a2e1198fecee254f670c4b9bc8e45fb5f42c67bbbee03ec1f74704cb24c7a,3010,6d0f8cd544c9edf44914aa0ee345641c
Korea_TreasureProps/Meshes/SM_088_Incense_Burner.fbx,a4cd31d53fcaa2146a07157d4411713ee8c9b1dd4a3b335ee3ad3c08397b894e,1983008,
Korea_TreasureProps/Meshes/SM_088_Incense_Burner.fbx.meta,52d003f13fccbe58c16d38ddfb508b172698cfa8658f6bce97f5f052acae554e,3010,1c45733f9e5bc2b4e87d615bfb8f24b3
Korea_TreasureProps/Meshes/SM_088_Incense_Burner_Lid.fbx,a92f63a6c9cd8ee504d40791205b7d08ed880b807e55fa8c04a385a1f3b1ab7c,1209680,
Korea_TreasureProps/Meshes/SM_088_Incense_Burner_Lid.fbx.meta,a138453c466cfba82de1272fedd4eb344d4b3f5ad4e0ad96f5382ee986f11782,3010,12c72c76c3b435b45ab156d6aa722746
Korea_TreasureProps/Meshes/SM_089_Incense_Burner.fbx,002bbad725d2473b618224482e88de5a7b1112b7ad47b887c02f10cfb31fba57,1109552,
Korea_TreasureProps/Meshes/SM_089_Incense_Burner.fbx.meta,97b0f7d49565b7f9dc759dd20d7da0d4b96885d0e116713c1840f94a17572427,3010,7ad74d143d0063b4592e2f73f453e1e1
Korea_TreasureProps/Meshes/SM_089_Incense_Burner_Lid.fbx,ebd016678ae1887421c7d98563436e78175649a095b26a3680daea6dbf2183d1,1427088,
Korea_TreasureProps/Meshes/SM_089_Incense_Burner_Lid.fbx.meta,b806f089933272fc3b08bc8890acd9b0427a0e6247a9c2e1d1250a2d7a280ba7,3010,018e089151bf2554a8b0b6c0aded280e
Korea_TreasureProps/Meshes/SM_090_Statue_of_the_Buddha.fbx,99da311cfb9b441c81f6e35044dd3542d22ed2926d743ffd53c7b0cd3416238b,1788080,
Korea_TreasureProps/Meshes/SM_090_Statue_of_the_Buddha.fbx.meta,f273c84627a6ac77ba80d5a6a186a328495a7c98ed5f381354fd009e88cd96e1,3010,ac1cb39b4cfa2e14d895f8ded676ecc7
Korea_TreasureProps/Meshes/SM_091_Sculpt.fbx,e6b7f45215e55e777ca6471fbe8ab918d8aa5024448bada7f5fdfd8d89ca6132,780256,
Korea_TreasureProps/Meshes/SM_091_Sculpt.fbx.meta,44b196601188a43e60d863c79145f9e42d8350258fbdf7aafcf323b51fb3cbdd,3010,cb244861b7553354c97cb6e5c7729139
Korea_TreasureProps/Meshes/SM_092_Incense_Burner.fbx,2981f75ffdc473855a8278c257409d8ad55bbdc74857fbaf3d187e9d532bc27f,1914672,
Korea_TreasureProps/Meshes/SM_092_Incense_Burner.fbx.meta,20b6756dedd543f8d84f84421511a82ca8b68c220a5ff94c84f23fa3af50151e,3010,b826051bf468d7f43a01083197b3e59b
Korea_TreasureProps/Meshes/SM_092_Incense_Burner_Lid.fbx,4f47394a37be82d487f233193f5aac999c83742c139f436050620aa2ae1d425c,1519696,
Korea_TreasureProps/Meshes/SM_092_Incense_Burner_Lid.fbx.meta,823597b8b5647437f4668b3abecf6b3c9ecdcb74376ab419c5780f0e89afefc7,3010,98a8b9449b37a9d49b1f3407698899b6
Korea_TreasureProps/Meshes/SM_093_Bottle.fbx,14d7a6877ae4b162d86b5ffc6f9c963ac0fdcaa1e417b0ec02a9814166dfe611,734192,
Korea_TreasureProps/Meshes/SM_093_Bottle.fbx.meta,40a0955e566800f8d7d14fe6a2544bb9fbce3b02811d03f79f0df6965acde678,3010,87dce88889c4de0459eb0b09af440d39
Korea_TreasureProps/Meshes/SM_094_Incense_Burner.fbx,e83d3b5cd6bb2621b180d93eb97570cc77db62eefb3a3133b661f49ca3120d77,785824,
Korea_TreasureProps/Meshes/SM_094_Incense_Burner.fbx.meta,1ce04bee8b7e9596b7fc346fb6089ff6441e52208ae2285c5315d385e1c1ad3c,3010,b75be6270094f9c46be2d4fc7ed14394
Korea_TreasureProps/Meshes/SM_094_Incense_Burner_Lid.fbx,901553f84eeea4e814e30717466cd004626ff2f61fb94fddf778788b189faaaf,768928,
Korea_TreasureProps/Meshes/SM_094_Incense_Burner_Lid.fbx.meta,c7f859aab8d08117bbbb358d4f0553a1afca34127a1cff118c6196743fe55e30,3010,8bf2f6c1801664d489d114fdb3fe10d0
Korea_TreasureProps/Meshes/SM_095_Incense_Burner.fbx,9ea310788b58ac756f6053988f2271363d35e0976fe8006c17e8c46583230dab,729120,
Korea_TreasureProps/Meshes/SM_095_Incense_Burner.fbx.meta,5eeeca8d09ead6897c7cea06078dad573717a4d86db4131087c7c8a3ef7099a5,3010,b859538e762daa149b089486ab38d492
Korea_TreasureProps/Meshes/SM_095_Incense_Burner_Lid.fbx,d228ab0c8a359d11db2320579585bbaa2e9da853fcf01043a88b8169a52c5def,1095696,
Korea_TreasureProps/Meshes/SM_095_Incense_Burner_Lid.fbx.meta,e9c795090eefcba328ec277022cc696563c3cb59f17af5ae9d7e7154c0c1ce38,3010,d59695f15d18a984095b443a86169879
Korea_TreasureProps/Meshes/SM_096_Incense_Burner.fbx,af6697cf08b80d3f38a8fc6a4951054d5badd316113fe9889b0dc231d021b37d,762240,
Korea_TreasureProps/Meshes/SM_096_Incense_Burner.fbx.meta,dd8cb110e8ee77d6b55b94333eff9490d27a0330c1ae93a458a2c27c83c341f1,3010,8c1723fbebb66ed46903ce32803c5ca8
Korea_TreasureProps/Meshes/SM_096_Incense_Burner_Lid.fbx,4679e85a411413d059e5c63354c014a591725c9ac955833057faba873e99f034,775536,
Korea_TreasureProps/Meshes/SM_096_Incense_Burner_Lid.fbx.meta,05a8344b65a47efd89d191869f61fe5e75f56db476d948d0c7dd3674b5c1f9fa,3010,63e61539ac6229f4d99238f08d6b1e58
Korea_TreasureProps/Meshes/SM_097_Incense_Burner.fbx,16a87f53eb2febc594c5961315bc6686250874604d43b8532ccecde1c0f7d745,778560,
Korea_TreasureProps/Meshes/SM_097_Incense_Burner.fbx.meta,11818ae05738d69467d7445ffec2fff50d33c3e0235e40184db7b6fdaad3084f,3010,aef7fcccc593e09498a20610abeddd4e
Korea_TreasureProps/Meshes/SM_097_Incense_Burner_Lid.fbx,988cffd3c07ba1ab469763adecc9c3a0128652433b7ef12744a382837af770b1,1133696,
Korea_TreasureProps/Meshes/SM_097_Incense_Burner_Lid.fbx.meta,d7625a41380d08ef1429b50c7342eccf5645d014150752f58e606d832473bd08,3010,28fa16cd59d02c445bae17a74ba52e77
Korea_TreasureProps/Meshes/SM_098_Bottle.fbx,84d46a0a848c67dcda5028d6da907cc5bbb00367bc62affbe9ef507d9bb50783,759024,
Korea_TreasureProps/Meshes/SM_098_Bottle.fbx.meta,c9a466dd9e958d71363f22b2da15a51aca735acb83cdb98d7b404363569d861f,3010,e0ebe035b25a10e44b5cfc1fd2723d9a
Korea_TreasureProps/Meshes/SM_099_Incense_Burner.fbx,f260660aa0347d87d51fd349df15397af5fe5290a371cfc1081ea6efaa66e866,1131040,
Korea_TreasureProps/Meshes/SM_099_Incense_Burner.fbx.meta,445baa7a969e188b071b4672b47c23f1383c5c2401d6ecf79cb01e59442bd550,3010,43841899519786344bdc47b65597c0bc
Korea_TreasureProps/Meshes/SM_099_Incense_Burner_Lid.fbx,a8d655984b15bfc94ca6dbb0706e07d44bd27066a7d42ad3bdcf4534a31239a6,1242864,
Korea_TreasureProps/Meshes/SM_099_Incense_Burner_Lid.fbx.meta,7e8c07b5f680a96d0a40e4373e07f462c507e1eb4d7c25c194bc6656b780c0a6,3010,8c380c433de25fa49bed90e1d72d395b
Korea_TreasureProps/Meshes/SM_100_Statue_of_the_Buddha.fbx,dff61814e16cd53debbe2e73a67ae2eb06d813f3cb786c7a8b6e0a16ce492ba3,722416,
Korea_TreasureProps/Meshes/SM_100_Statue_of_the_Buddha.fbx.meta,7168896c0a97d43f182124aaa1950f393399e5dd4cc429106000f80418ef4320,3010,e65a4560ab5081a42a036f7bdd8a76ed
Korea_TreasureProps/Meshes/SM_101_Incense_Burner.fbx,eb0179e586a9809ba31a1164e18bb311edc1f39850288c1fa78f5b0ac1843beb,1096192,
Korea_TreasureProps/Meshes/SM_101_Incense_Burner.fbx.meta,d06009d80ca1bb71f34147e1d72c087d32d45875748e9f3aef0bccba15789678,3010,65f46d450490de344b0987121faac450
Korea_TreasureProps/Meshes/SM_101_Incense_Burner_Lid.fbx,c72b39dcc5601c281c52d28c29a94553a2d3ed81ae1aef10269e1f92da7b594a,749312,
Korea_TreasureProps/Meshes/SM_101_Incense_Burner_Lid.fbx.meta,ea222552ad19ab8837c2264353759094f8962a0ccc4757c19078a9031a1f6b08,3010,df6674b5ac6048a429ec4acee1ab62ca
Korea_TreasureProps/Meshes/SM_102_A_Celadon_Doll.fbx,c0accd09486ef0f9e8e703fd40cdc129dc56d1ab528350e6ff497d4946574106,1123216,
Korea_TreasureProps/Meshes/SM_102_A_Celadon_Doll.fbx.meta,6b18e93c1e95a5e39237e93be5c6543f565e550b9b5ff68fb880fe0f6c66f819,3010,af0dc1127bcea1040a6c8cdd38b81446
Korea_TreasureProps/Meshes/SM_103_Statue_of_the_Buddha.fbx,a6e33c27c4d2c3236230d194b5e578cf5aa8e5d19afeac47be5e79e87aa757d0,1510368,
Korea_TreasureProps/Meshes/SM_103_Statue_of_the_Buddha.fbx.meta,7ef8547cbec24c3afb9611b5a321be4b182ef8a856c48ca08b2bcd956e2c65ac,3010,9fecec0700df6d5499fddd38e3dda834
Korea_TreasureProps/Meshes/SM_104_A_Ceramic_Bottle.fbx,643b27835289690b2a65bed9c2a66b871126e3aa372a553bc1b8b5106fda4274,1094912,
Korea_TreasureProps/Meshes/SM_104_A_Ceramic_Bottle.fbx.meta,9917e9c44c3b7e16108b44708e3d6b6fd9ea71ac17b42b82c2ae620efdd063b0,3010,7c2a9bfdacab06640afa9fae636f3ad8
Korea_TreasureProps/Meshes/SM_105_Bottle.fbx,c1f88633bfb7bce8d6a366c948852d27dddccc5c8c8b1d81a746b58946aa6b49,730768,
Korea_TreasureProps/Meshes/SM_105_Bottle.fbx.meta,01dd4d0c3f9dbaeec61a5823f18a00f270eaf82f2d1ea1297afee39f78056c90,3010,2dd0c3a8881176540ad68a1cb185f1f5
Korea_TreasureProps/Meshes/SM_106_Incense_Burner.fbx,4ee507bfcce2f62c4a29a1ba80939035465ce4be02b057be9c03663f83ee631c,1103280,
Korea_TreasureProps/Meshes/SM_106_Incense_Burner.fbx.meta,5e625dcc04a6b10a05dbe20406d2fa5cd85c08ae30e44ba651597827dcc2dfdd,3010,8c2effdabdf5f2f4a93cf09ef9e9d492
Korea_TreasureProps/Meshes/SM_107_Bowl.fbx,f6a414bd8baece87cf8fbaaafe1c5a29ada24f7a4107f2aa22995fb9e656fc6d,742032,
Korea_TreasureProps/Meshes/SM_107_Bowl.fbx.meta,74e4adaa10e42db8243f7fc899b764a4a880c865fa4bd8ad08b6b64a5a838bfd,3010,73c562325cee3704a99ede4de8fcce9b
Korea_TreasureProps/Meshes/SM_107_Bowl_Lid.fbx,9619724b694ac9ab0202889fa2eeeda65dfe6fe104ed9ba15ca286f002a29284,602480,
Korea_TreasureProps/Meshes/SM_107_Bowl_Lid.fbx.meta,819f955eea1d3e334b1b4560ec4d53009138807998dcf3472221116777183845,3010,7665c1fb7bdc8cf41963d2a893c7accb
Korea_TreasureProps/Meshes/SM_108_Stationery.fbx,39bb5f2c43473b50c3f18863dd5a4e3eaa5f3bf38d004a5092740dfa763cf6f9,798048,
Korea_TreasureProps/Meshes/SM_108_Stationery.fbx.meta,9fb7380089d5a46117cc18842d404340efe4a526ab036e7619784af7b7b555b8,3010,1644e76bb53add0488c7854be8ebe3cd
Korea_TreasureProps/Meshes/SM_109_Silver_Cup.fbx,eed137a1c94c7a6af33c4fa57432c00ae7b66f8121b520c3cb65c87575bc2317,1714352,
Korea_TreasureProps/Meshes/SM_109_Silver_Cup.fbx.meta,f7d56b10e9ed398d1fc7debe20cf9885c9670ceb05e5d1ee650414bc0140eadc,3010,0cc421e11ab1c3042ad43695703c8760
Korea_TreasureProps/Prefabs.meta,1370e7519481d42bcd03f188c26bd4c16bc6c54828b5f9580a65620755d4966a,172,857648c2b2d31e34caaa7f76d195813a
Korea_TreasureProps/Prefabs/SM_001_Statue_of_the_Buddha.prefab,b947ba2bb922612ddd84b7634894b87231e4cac3e02a75cf1a641c02cb70feb0,2454,
Korea_TreasureProps/Prefabs/SM_001_Statue_of_the_Buddha.prefab.meta,09ad2f04e1360918fd7b6142884dd4438b2906d14f8ec13c8914ba0b68ba3991,154,3fff4351e2262f84fb8811be7c6156c4
Korea_TreasureProps/Prefabs/SM_002_Statue_of_the_Buddha.prefab,e3f80cf98507af96d0d74d10b73c73fcbef4cc88e3c8270c140f9f7900cce478,2454,
Korea_TreasureProps/Prefabs/SM_002_Statue_of_the_Buddha.prefab.meta,64cc4c5d3429d33218e01bd154a4e852f56b3f7f3f1ac50379d7bd657ce231e5,154,a6c17941782da6d4ebdadf2cab82ee05
Korea_TreasureProps/Prefabs/SM_003_Statue_of_the_Buddha.prefab,37a3e7952cae616525106cc17390950d94f568d0bc27a7ccbac78ac1979a6bd5,2454,
Korea_TreasureProps/Prefabs/SM_003_Statue_of_the_Buddha.prefab.meta,1277ba015d04ccd9a829175166d55e235e69289292c77e3bef0bca0abfdd304d,154,f23a1b2fb96d18e4b80935e5322c6a96
Korea_TreasureProps/Prefabs/SM_004_Helmet.prefab,bdabb0c13ae541aeddb69ab12dbfe73750eea0f534f864eda75d2eea784311d1,2439,
Korea_TreasureProps/Prefabs/SM_004_Helmet.prefab.meta,ec40f2737b0a0e1ee442cfebe40d76f7f6785a6b609620e4f51a5caf64af3a36,154,feeb64a70a776ee4eb9227b17d70462d
Korea_TreasureProps/Prefabs/SM_005_Stove.prefab,64dfa232897ea91140474a32173407fcb3723bc6881ad31e451b1ec53d81db84,2436,
Korea_TreasureProps/Prefabs/SM_005_Stove.prefab.meta,4a685dc7e2082047226cdd8b07af04f75b0ed8585c4c7fd10c26127297e0eb42,154,8151391b917f52c49a0ee1d84ae3c6b6
Korea_TreasureProps/Prefabs/SM_006_Brick_001.prefab,410ee4a303f2851ed75bbc0fc3a755f8ac46d2d7acd1b695468b11b6394294c9,2442,
Korea_TreasureProps/Prefabs/SM_006_Brick_001.prefab.meta,d45af484078352b1a21b2847456b1ce392e965e8de000418c5b0bd44474bf580,154,c0ed6ce0be40ba9439ef5071b636f32c
Korea_TreasureProps/Prefabs/SM_006_Brick_002.prefab,02b9b388b979ea04a64d9a05e11f94e0b0de3f549080a6cb9ba98ecd85db47da,2442,
Korea_TreasureProps/Prefabs/SM_006_Brick_002.prefab.meta,a51fafceca8109b317c8ada4b32b9aa17944bc950799190aa813889e372c0971,154,67a645cd03a80b741a47a01d04643b21
Korea_TreasureProps/Prefabs/SM_007_Statue_of_the_Buddha.prefab,010e8e8b49bf030ce27d69df41087bb4da3c12fe925071644dc09f80937cf3ae,2454,
Korea_TreasureProps/Prefabs/SM_007_Statue_of_the_Buddha.prefab.meta,88a37d8440a6cf344aa6d4b26ec52a387b4fbe292ca131aa5a876dc31fef79f5,154,83ecb32699371e84cae5bc56ca7c5287
Korea_TreasureProps/Prefabs/SM_008_Statue_of_the_Buddha.prefab,050d0c23ec13a37e50a14bc81908d05a94d209b695827f2213c912fe4b3cc7e1,2452,
Korea_TreasureProps/Prefabs/SM_008_Statue_of_the_Buddha.prefab.meta,b7a7bf702eaabe7e9d1ec423678b7c7428980d673f4d0a13734303e5ba35403d,154,26b31614ca6a25c458eb9014eb8fb833
Korea_TreasureProps/Prefabs/SM_009_Statue_of_the_Buddha.prefab,db17f8d73983f8b98714607e536df270e8a9ec06ab157fbdab54bcaf9fb3ee61,2454,
Korea_TreasureProps/Prefabs/SM_009_Statue_of_the_Buddha.prefab.meta,bd6af92c58756e3115f1c634c4363b901fb05ef0726f75444a57596e5870efa4,154,a82857197c4abfd429d08d99329b141f
Korea_TreasureProps/Prefabs/SM_010_Statue_of_the_Buddha.prefab,11c63a26dc239e8dddc2380fb4004b771dc9874e7a3d909d0045b3f3507be205,2452,
Korea_TreasureProps/Prefabs/SM_010_Statue_of_the_Buddha.prefab.meta,c21873cf1ac69e986d6338b67a6f19d8c30c9e596eea1b069d14874a28068c8a,154,9fde3896d7bda444bad79d7ee2f7afa5
Korea_TreasureProps/Prefabs/SM_011_Statue_of_the_Buddha_001.prefab,9dfda0995d7028f13e0e7df961fd451791caf8cfb94f979e8d47ff109fda054e,2456,
Korea_TreasureProps/Prefabs/SM_011_Statue_of_the_Buddha_001.prefab.meta,eb827b6b7aee82b864474c382c4cf13cc83a7afc702daa735f4d8bc522d75a82,154,3792fa23fd4268e4e979f5d38c67f166
Korea_TreasureProps/Prefabs/SM_011_Statue_of_the_Buddha_002.prefab,316a47f3078bf85247bdb621572c2d02703303acf2f2bb7d5c3f9ea08a0e2ef0,2457,
Korea_TreasureProps/Prefabs/SM_011_Statue_of_the_Buddha_002.prefab.meta,55c709e6d9a321af625c6d8a657bc8760d9ff7f91e865a5641ec078ce29df6bf,154,3832eaa439b50e047b854946c7ae62c1
Korea_TreasureProps/Prefabs/SM_012_Gilt_Bronze_Shoes_001.prefab,6a30f84fc461dd7deade0348e988df513b3595098dc1c6ddfa58331d5f6a4e0e,2452,
Korea_TreasureProps/Prefabs/SM_012_Gilt_Bronze_Shoes_001.prefab.meta,bccde726c58121e0a72b32c24bc8e6f66f6513d0adeb5b93854cb0d36d6b27e6,154,26d0daaad57b40344bfe1286e5585e8d
Korea_TreasureProps/Prefabs/SM_012_Gilt_Bronze_Shoes_002.prefab,594775114ea5bf1e155747c1b19c6b988e9c79baa966ee2c91dcb778021fdf0d,2454,
Korea_TreasureProps/Prefabs/SM_012_Gilt_Bronze_Shoes_002.prefab.meta,7ae141d5d1b2356dae60e77dcb22b70cbcc06e1b49b719b3acb1a07e0f9c1f1c,154,5d030d45173c0ea47ae89b9febcd31f3
Korea_TreasureProps/Prefabs/SM_013_Statue_of_the_Buddha.prefab,bd41630f8020e043e24247358b6830a944aa3d59c1be5c3c8e28ab60d553b3f5,2454,
Korea_TreasureProps/Prefabs/SM_013_Statue_of_the_Buddha.prefab.meta,829011083fd7775aeebc1f2ab071a6512a947c4f9adb0d37dbf4e1f452b57a35,154,561acca8f1dd3a24cb1ce8715fe6db84
Korea_TreasureProps/Prefabs/SM_014_Statue_of_the_Buddha.prefab,84d1fe845c2b5d4ef8e3373250518ca9ffc5029236de38cc89a83ccbd9f17c41,2452,
Korea_TreasureProps/Prefabs/SM_014_Statue_of_the_Buddha.prefab.meta,1e58f362304c1ae877a6249f9f575aa12b697a74cc7079a4d85d7b2e2e0ef53d,154,21a2a82feb146cb4384d420a7df9ee92
Korea_TreasureProps/Prefabs/SM_015_Stamp.prefab,fc2f854f301a9d71cbe57900034ca7c40cf8c4500bc398fabf7bbcc6658ea112,2439,
Korea_TreasureProps/Prefabs/SM_015_Stamp.prefab.meta,973ffbbd4b07c27ebd216244eedfd1d689d662da47b56feb14b3b5aa59ffbc99,154,437af1340624717469e01b4346a3efe1
Korea_TreasureProps/Prefabs/SM_016_Stamp.prefab,be2e01be727c36fdf84a22580d1c8df25b276f4611f057f9906f1b68576435e4,2438,
Korea_TreasureProps/Prefabs/SM_016_Stamp.prefab.meta,a4424b7172e839ed67a6c5bf78d2f6529518e14f7967e13b7f45ecf78907249e,154,730b3166d44e614428af915750c81704
Korea_TreasureProps/Prefabs/SM_017_Storage_Box.prefab,8d630da32b2916dc2280915c5ca854088c974cf186b2daa6fc3c2d592728afab,2446,
Korea_TreasureProps/Prefabs/SM_017_Storage_Box.prefab.meta,ca73e1d4e9af434fb69681aa3bf2f4d2699f1e3a31732bce428798b24fe367c1,154,12c09f99e1638814fb3157c7184179d6
Korea_TreasureProps/Prefabs/SM_018_Pillow.prefab,f44fead4b20fd92e10cd6b0cde39f351c35526b53e780dcef35b875ceafe5b8c,2439,
Korea_TreasureProps/Prefabs/SM_018_Pillow.prefab.meta,fbf8ec4cb16276d8e84dea252b059621049d615ed265a65b9b2f8f50574cda99,154,ea13b10e888adfb4b9e6fda98d49eb5c
Korea_TreasureProps/Prefabs/SM_019_Golden_Crown_001.prefab,2a7a5b22eac35dcd900c7e28d11284a098006d9f128d2aa49b67678d4222201a,2445,
Korea_TreasureProps/Prefabs/SM_019_Golden_Crown_001.prefab.meta,a8c462c84a40ac153067580b70fc3db2611259293fe10695d2daf60215f7196a,154,4aa06bfb4bd44f6469b529b2a7b2ffaf
Korea_TreasureProps/Prefabs/SM_019_Golden_Crown_002.prefab,f4c3d0225f91541501584fdb1d05b1dfaec60a6e30c03d87ba551af1887a02e1,2444,
Korea_TreasureProps/Prefabs/SM_019_Golden_Crown_002.prefab.meta,263084fb15557a73c70ca2ae6bf6e11c9538095cd75c2a7ac80d1f6e06cd0ea6,154,0858f884a08ac0f44aa8f7ae61cc29f0
Korea_TreasureProps/Prefabs/SM_020_Saligu.prefab,b3bb740923787f3245fb9dfb026e4fcef912ccf873e06e4d66e2eafcf50e6dac,2441,
Korea_TreasureProps/Prefabs/SM_020_Saligu.prefab.meta,927c4e2f2b0b1bb6116c05c78c979bfca9162579fc90332716175e5de3e8f094,154,f0cb76a9ecd02bd42816f2fc04b40349
Korea_TreasureProps/Prefabs/SM_021_Saligu_001.prefab,d2b089ec00e922d2394adfc9f763046f8181a31a84e9a8d8b6427c37b1f64d8e,2443,
Korea_TreasureProps/Prefabs/SM_021_Saligu_001.prefab.meta,f13adc76babfbef15605de5e866a323ed891c0ff9d34d4bd403e192a9914870f,154,4c8385db3b92cec4c9c6e3457ffcb750
Korea_TreasureProps/Prefabs/SM_021_Saligu_001_Lid.prefab,93ffb48afd343d2d9923fc41da3c406d7aa8e00032385f4aa54093d5c26938bd,2449,
Korea_TreasureProps/Prefabs/SM_021_Saligu_001_Lid.prefab.meta,5e5abbd98f7a28ac799ee9621fbbb77a3f6bad7dcdf92d2c76a43356ca95f2d3,154,771ca7622a013244a9472e3e7058a220
Korea_TreasureProps/Prefabs/SM_021_Saligu_002.prefab,9603ca57f9cb9c4e49d6bc7d076103dd2bfc7389721507645202e5dc52c2fa41,2439,
Korea_TreasureProps/Prefabs/SM_021_Saligu_002.prefab.meta,0821328a5454554820711b79202eaba26666d55094066dfa479bc34d9817d9da,154,b5988f399385ec549b3c866062a61f93
Korea_TreasureProps/Prefabs/SM_022_Saligu_001.prefab,ac3165a6ef7bd47a011fdb4dcb4f1bf970375a17a237bcfcfb4d0ed1930589c5,2445,
Korea_TreasureProps/Prefabs/SM_022_Saligu_001.prefab.meta,cd67219f9bf62a5b6af7b1e65a9cd73b5d8124e1a09de4a983dfca281d57b35c,154,af4b0e667b876b043b5bae9c0c041681
Korea_TreasureProps/Prefabs/SM_022_Saligu_001_Lid.prefab,4f633dc4f4c309145c6886c4206f65b82d1972d7b0da3fccbccc8de890f57f11,2449,
Korea_TreasureProps/Prefabs/SM_022_Saligu_001_Lid.prefab.meta,46069f6dc5881eb5556f8be7aa54d76a8ed6bfbee2ecd1c1cd0e0ed7daa8de6a,154,43e329e14d16f2e4ab4760a3721532cb
Korea_TreasureProps/Prefabs/SM_022_Saligu_002.prefab,ee5f12edd7c2e6b2fc5fea5e8236ecf60184ea784249cef6c78be668435ebd7d,2445,
Korea_TreasureProps/Prefabs/SM_022_Saligu_002.prefab.meta,580812aad1b00a69d6480e91772920cc5d9f1fc5e85c447d3f803ff2be27e68c,154,40d4e51e7866dc2488b0472ad6047d0e
Korea_TreasureProps/Prefabs/SM_022_Saligu_002_Lid.prefab,4056b5dcb236f06be05f368def5285b4b308a2fee02813e8274f9338843b6d38,2447,
Korea_TreasureProps/Prefabs/SM_022_Saligu_002_Lid.prefab.meta,71edb5030f641e04701814795a278a3bc5109293b65b78aac9785268cf24f9eb,154,4c0f5039a7843df4fb9a334336c6f10a
Korea_TreasureProps/Prefabs/SM_022_Saligu_003.prefab,4ea6f34747835a0b8832a546ee4efb447115a7bae826c9eea5810f6b9ac83603,2442,
Korea_TreasureProps/Prefabs/SM_022_Saligu_003.prefab.meta,087f81f909ec89d96f8913b02518f7c8ed191e86c06861f9f6225de6d21350f7,154,70677a4a23e39d34eb3e20c6e9319a49
Korea_TreasureProps/Prefabs/SM_022_Saligu_003_Lid.prefab,c340cbd4f8a41ef2ac5a28b9e0b3d2eb1d08c597eb923a5fc947ebdecf9a6a90,2442,
Korea_TreasureProps/Prefabs/SM_022_Saligu_003_Lid.prefab.meta,22785a05af9e0f17c8cafaff4254fb49565d8c9b86544c679d264a6037f32246,154,a1a3fef8e16dd9f488c6bcd9cce1dc5a
Korea_TreasureProps/Prefabs/SM_023_Bronze_Ritual_Object.prefab,82f0b1a2d74fe9d4563722a29bd21adc7ba9715d6e9ae1d8daa3d62de67d8bf0,2453,
Korea_TreasureProps/Prefabs/SM_023_Bronze_Ritual_Object.prefab.meta,4144e149e4da075cd9c8da59646952980dc7ada57be62e21088dfb0425daf7b4,154,d76387d2b94b7b140a13c4b28290928d
Korea_TreasureProps/Prefabs/SM_024_An_Earthenware_Doll_001.prefab,fc724f5c71adddbacbc3758331efff8357b1dd4cd62c814eb871f8eced4ff3c7,2456,
Korea_TreasureProps/Prefabs/SM_024_An_Earthenware_Doll_001.prefab.meta,1a994cf014c740e08e98a792fe7ed0ec1c50dd83b62999701e23564390bee47b,154,222a74e011ae3c74491cc159b884726a
Korea_TreasureProps/Prefabs/SM_024_An_Earthenware_Doll_002.prefab,0605473f44b752c83dbb10706ae2ec2c89f9bac137a437036b96f5bdff60c917,2456,
Korea_TreasureProps/Prefabs/SM_024_An_Earthenware_Doll_002.prefab.meta,f27e5c90ab146f9f3e3791ae2935915114ce23ff7aa8943b694447e32a294a70,154,0a1cb5dd217f2f248ae14db977108d2c
Korea_TreasureProps/Prefabs/SM_025_Cup.prefab,80e8beb55a274dcbfa8407fe102355c5f0401b214308be9a6ac18d07c8df6e9e,2436,
Korea_TreasureProps/Prefabs/SM_025_Cup.prefab.meta,3162eabae223ab580b5430767176c8e2f09a1d089b02cc74bc1dda0f755710d1,154,3538a6d7d82b07f45b6be8bb1e91969b
Korea_TreasureProps/Prefabs/SM_025_Cup_Lid.prefab,54c28f8773834bd37b4e2fb65af788bbf688db552a83e98c14a6511cc2008741,2441,
Korea_TreasureProps/Prefabs/SM_025_Cup_Lid.prefab.meta,ea668fba851f7ed0d3d44b32a5f26d06208ac75a89c0111a47e7e828f0bcb2dd,154,91d113fa0568e564885bbd3881fdb6b3
Korea_TreasureProps/Prefabs/SM_025_Cup_Tray.prefab,aa611cc575190bb2ff536b1b3c503a901347034f8fb4b96fd51ee2f2bd7fd323,2439,
Korea_TreasureProps/Prefabs/SM_025_Cup_Tray.prefab.meta,e5816d40e3c4e89878c4dcab99e7abe52009f7693c5324809282fbcbde780526,154,0a2b4ac5c1c9c9b4ba5dbda72cfe2a72
Korea_TreasureProps/Prefabs/SM_026_Statue_of_the_Buddha.prefab,b234343c5ff5385e38e86a51070192e21daade91865ff895f3a0f6b2b0c092e6,2454,
Korea_TreasureProps/Prefabs/SM_026_Statue_of_the_Buddha.prefab.meta,66af7de6de06682ac327311e958d6e1c6234591f3d69a9a9ec33c9392bcb9418,154,5fda7000bff10bb478b2e8b88e626174
Korea_TreasureProps/Prefabs/SM_027_Sundial.prefab,cd6854dc328931c2bc2d98204cee05a1580b6d1e1f6bf812520c8ea62ca8293c,2439,
Korea_TreasureProps/Prefabs/SM_027_Sundial.prefab.meta,da3b69645dc1112f35dbf6caaf5d01d072335ddc0e2762c143c8559b9ccf4de7,154,709c67bf21eb5b54a8626c2edb2dc453
Korea_TreasureProps/Prefabs/SM_028_Buddhist_Temple_Bell.prefab,9236166907960fbc94f894abbf591d79194b8d97fdc2041aaf28964f8ded574b,2448,
Korea_TreasureProps/Prefabs/SM_028_Buddhist_Temple_Bell.prefab.meta,010defb0ec3041572b77b39273f2bdb7b7e6487a1bfff71402422cb711fb98dc,154,fa67fe4681ec6e240b742f9bfdf6d768
Korea_TreasureProps/Prefabs/SM_029_Wooden_Scroll.prefab,8cb57499220efd2d047d458a6f5543d172777f77e495d2df02ca735516bed2a3,2588,
Korea_TreasureProps/Prefabs/SM_029_Wooden_Scroll.prefab.meta,01d3f2bbd780120d648c3710ba35d7a852e7f02a617c18e604c589be4e46340a,154,26ffdc56d967f8e4fb0b273023995f08
Korea_TreasureProps/Prefabs/SM_030_Queen_Pillow.prefab,7c2c280343108b7386374d072bdb7cd77b7b5329a4badd5df8b9fca1741b598b,2586,
Korea_TreasureProps/Prefabs/SM_030_Queen_Pillow.prefab.meta,4daf97d5421bd240887fe2e419be3eb76db7bf31033cb9ed1abfb00e2f3461f2,154,3ce70c0fe33e6f04db80b9ba643113f2
Korea_TreasureProps/Prefabs/SM_031_Bowl.prefab,9427937bfe60a60492461b6e66e51d79ff42ead9774cec345df1aa7cf2a48277,2439,
Korea_TreasureProps/Prefabs/SM_031_Bowl.prefab.meta,bd89ab3958f8799121c70be6227a4334d765cf938bae898377559494eb03a16e,154,954fb5322ee71c94f94198f2760f179f
Korea_TreasureProps/Prefabs/SM_032_Brick.prefab,33a086f49d75ccdb74b5c02334ea55c3e18810cd137ef77ff7507597210b657a,2437,
Korea_TreasureProps/Prefabs/SM_032_Brick.prefab.meta,221601a4dfd8a2af12f6fb505e5f443be92a4ee77311e7e142d77eb7a8defc6f,154,3b0a9be20842d6d47a2757621c2d75ba
Korea_TreasureProps/Prefabs/SM_033_Bottle.prefab,ddc7f38c34cbade215a93d1b9c29c12dd97aa4523da30b89e72580f26666301c,2441,
Korea_TreasureProps/Prefabs/SM_033_Bottle.prefab.meta,9a64b4385e213d271b85cd924b3fe0fb019ef3642dfbcc29fc344aff7c1a6125,154,4041ff09557405140b79171f0b9c5fe2
Korea_TreasureProps/Prefabs/SM_034_Bottle.prefab,eb69b94ca73423a56f8c1b1c1ff27664f811a5dade9767f4d8aa5866942455c7,2440,
Korea_TreasureProps/Prefabs/SM_034_Bottle.prefab.meta,d494bf04624032f2604ffadb1e13663c4ab1a7303f0e35a38632d49d70185998,154,26e4e0ca163a7da4fa63ec557a3e724d
Korea_TreasureProps/Prefabs/SM_035_Bowl.prefab,eee566af43fdadb090f5a32e82d909dda567acc98ca3200b0c98128d23e00cee,2438,
Korea_TreasureProps/Prefabs/SM_035_Bowl.prefab.meta,540fb976cb730ea17b19e56abd6220d62063d7191524c139920beb0c84109f5c,154,4eef607171d85c546a30cf614ec8387b
Korea_TreasureProps/Prefabs/SM_036_Cup.prefab,49234ecc0cccbe9ac563449451a88ec31ec23c53397be206415af69a1c63d6ba,2438,
Korea_TreasureProps/Prefabs/SM_036_Cup.prefab.meta,daabd38383d22c4760aca0e4090e78ccd5290e24cbcc20598e09007403b7004e,154,87b1177c95f691c4284c65c66ca0b267
Korea_TreasureProps/Prefabs/SM_037_Pot.prefab,41ac9c42905bcdb0a111399e27f1706a78e93aa20602068f183bd3da741d09e0,2438,
Korea_TreasureProps/Prefabs/SM_037_Pot.prefab.meta,55970664b14219830811637d5cc826f403bc3b140eb47101b90671cc825714ae,154,61117bf3c8620ff4292f63ad7ee9ed01
Korea_TreasureProps/Prefabs/SM_038_Pot.prefab,64e3b8ae52f1a9490bfdb499a7a9ef123ae45d59b24190d4e035116b2c8dbc39,2438,
Korea_TreasureProps/Prefabs/SM_038_Pot.prefab.meta,96a7da6ec712c4147aa0e30e7cb9483f9cfb439faca10a40fb20f63451e9a634,154,27ccadc09cba809418cf1ff849d5f30b
Korea_TreasureProps/Prefabs/SM_039_Pot.prefab,9ce46898171c678a6461bb9822cd6a27308c15d9b2e86511879da273b1219c34,2432,
Korea_TreasureProps/Prefabs/SM_039_Pot.prefab.meta,fa664df9bdac40b8e75b546e3dd95aacc005dcdbbfd58050921ea41c28ab245a,154,d3a617cec9de71c43aa3c68db29f06a4
Korea_TreasureProps/Prefabs/SM_039_Pot_Lid.prefab,ba02e7167ef55dcc7a1541ae8563f4381f8a3cdf63ede8e565e51cd7025240f6,2439,
Korea_TreasureProps/Prefabs/SM_039_Pot_Lid.prefab.meta,96b23b28bae72b1a81d0d4c9aa82e88c16216bb0a463d573cc349cfb549f250c,154,71852ed4a14f61b43abcd41f1d8c2e40
Korea_TreasureProps/Prefabs/SM_040_A_Ceramic_Bottle.prefab,a3227e9c1269ea212449784988583da4e295043c95b42a893282cbe3ef88569d,2448,
Korea_TreasureProps/Prefabs/SM_040_A_Ceramic_Bottle.prefab.meta,ac13d97b799575660158428ea2dc33efd907b554c4abe216f1d89f1f58ab6061,154,4d284c0e7be046e44bf53f781be80019
Korea_TreasureProps/Prefabs/SM_041_Vase.prefab,bf257d4a1953ac2f821c72c5572fbd4822c8bdb352a7431b684974cd9ef7d988,2436,
Korea_TreasureProps/Prefabs/SM_041_Vase.prefab.meta,488aefb42912c0530c14ff6c1e32618141726555cd9e95fb2aceb64c1006b5c7,154,a290d4963fd12024797274dd3b37d5fc
Korea_TreasureProps/Prefabs/SM_042_Bottle.prefab,70e9db2d8dcb1a218ef8a3193422cdedf48db70c4ebb891db6a2aa70fc91c4a4,2439,
Korea_TreasureProps/Prefabs/SM_042_Bottle.prefab.meta,cb2bd09d154eb3cc07699c90138fe009b77faec7d6a1cb72943fb53209ad7b3a,154,887c726d88189d74db652a5631112e17
Korea_TreasureProps/Prefabs/SM_043_Bottle.prefab,bc1dc4bba99ceb48090ad4fed77edf2068ebe97fa2c5710dcccf56d2523f4aff,2439,
Korea_TreasureProps/Prefabs/SM_043_Bottle.prefab.meta,fdae101e4bf95fe9210a63b565b37ea29891fe95f3da3388fe15d87a31cfe2f2,154,4bd09b640e62d7b41836087fbec14b5e
Korea_TreasureProps/Prefabs/SM_044_Yeonjeong.prefab,fa6bed127944b13528210dc1c5ef82ecf5bc0fb34e7d09d909379d0b9e380062,2437,
Korea_TreasureProps/Prefabs/SM_044_Yeonjeong.prefab.meta,6b7d5857ad9f90d1d3fb77829626fea0cd444874633b0e3d8a76b5224e94cf8b,154,f9607beaee03fea4fab034c0e45ad738
Korea_TreasureProps/Prefabs/SM_045_Incense_Burner.prefab,2ee1d2f6eba87d3c855af5ca68189abafb543b8ae47f69258849b4ac243d85d4,2448,
Korea_TreasureProps/Prefabs/SM_045_Incense_Burner.prefab.meta,b6b1af90d861183bbfd4d301dc5aa18d10e53afef2fad75ae6a38cb924da12fc,154,08dcd7b625b1def43afe076d28c4c1e2
Korea_TreasureProps/Prefabs/SM_045_Incense_Burner_Lid.prefab,2088852031ed58d5b557fe98ca1a55aad1b76de17449707239bb260b31d55867,2452,
Korea_TreasureProps/Prefabs/SM_045_Incense_Burner_Lid.prefab.meta,0835fbffbe7eed16415eeadc002d15378ac67972e78e6e7d370bb07d7bad24a3,154,022b15b40327d7240a0c0bc43243b97f
Korea_TreasureProps/Prefabs/SM_046_Pot.prefab,46a5643ff4c3687ff22b06bc89f62242db14ee33c1e22ef2efeff702a0878d7e,2436,
Korea_TreasureProps/Prefabs/SM_046_Pot.prefab.meta,e7edf799caafdce25552d86a0a69c0ae00215ead1bea2559071fe43914bbc914,154,6eabff10c42036546aebf7fb8666f62c
Korea_TreasureProps/Prefabs/SM_047_Brick.prefab,ddd569ce8333f86c5e1b3b30097e648c924ffa0d187b29a24a9dfc19e83bbe9e,2438,
Korea_TreasureProps/Prefabs/SM_047_Brick.prefab.meta,f36be9c0378f232fe8abbf97ac61c32a18f63dd836bedef86f2fee011bdd1d23,154,90ede0066f763324da29a0590ae87bc9
Korea_TreasureProps/Prefabs/SM_048_Statue_of_the_Buddha.prefab,34198e2ec3613eeec121de590dcd45073f52befc3c362d6ea5c8623d563abf59,2450,
Korea_TreasureProps/Prefabs/SM_048_Statue_of_the_Buddha.prefab.meta,e4bda90364b40ba55971616fdcc29c791e3b9ce477a2e44aaaf17e5bcd6bffa9,154,c9da0eb7507b57742bb8a42acae95402
Korea_TreasureProps/Prefabs/SM_049_Bottle.prefab,60a5b46f467f604509eb57377524cd7fd9525d32125b0690284b32c2da851086,2441,
Korea_TreasureProps/Prefabs/SM_049_Bottle.prefab.meta,14865792a563cb604f2bd74fbe78ebbb408ebbb153985b89d69d92f43e8fe63a,154,736456e3e3374024996f98a23af5b696
Korea_TreasureProps/Prefabs/SM_050_Bottle.prefab,2a628036c0e7d1c9957726781cfbe0b8e960123bcedec9bdb5fc128f4de05e1e,2441,
Korea_TreasureProps/Prefabs/SM_050_Bottle.prefab.meta,4dfc0b920b57874bbeebc0636ac8e62ff4335e7fb3dd34d2ddd22db2e17869ec,154,62b48cc68708da743a4da1f10cf9c9bf
Korea_TreasureProps/Prefabs/SM_051_A_Ceramic_Bottle.prefab,8c93bc2f0bb8578ae58f47db2607ee61fa5856470fdc1f22df10c48e3bd8bb6c,2449,
Korea_TreasureProps/Prefabs/SM_051_A_Ceramic_Bottle.prefab.meta,8bc13c722624a50594911550dd48e351e0d909db134ee09b9bb6fd4073be86ae,154,2a79a2a913a3f674fb8fabfa08e99678
Korea_TreasureProps/Prefabs/SM_052_Pot.prefab,e33c03517943e2cc3818502da004fbfd4bbb2708f076990a613b382791bd5445,2434,
Korea_TreasureProps/Prefabs/SM_052_Pot.prefab.meta,2716db164d3490d00cee2da21efe7a96fbed64d8d8d486c08bad9bea3b4ee1bf,154,c68a48b2a93b83a4a8cd6349c176f4f2
Korea_TreasureProps/Prefabs/SM_053_Brick_001.prefab,bb811b7b110ac69e4694f29db28b16cbe4506e12b7948ecfc1ef166bdda84660,2440,
Korea_TreasureProps/Prefabs/SM_053_Brick_001.prefab.meta,b74273ddba9efc24669f62b9c8bbee4739fecfa9d05f8bce5804f06ae2feeb25,154,6d1899c6cc951104996bf8d866a0ddd8
Korea_TreasureProps/Prefabs/SM_053_Brick_002.prefab,79ee34832d3a6b5bb76f4b8793bf6c9fe4e1bfa42b5c50d1fac015b5f2f7f396,2441,
Korea_TreasureProps/Prefabs/SM_053_Brick_002.prefab.meta,c4d544b0b19de3ea86446726dfacec576723cccdbada92e922fac239cdd059d8,154,d0ab86ee92d1fb5469455ace41935a69
Korea_TreasureProps/Prefabs/SM_054_Statue_of_the_Buddha.prefab,e2a2ed8154cc10bfd1ccc93521d7f92f9aa330e3b169bf817af33d681e756b8b,2455,
Korea_TreasureProps/Prefabs/SM_054_Statue_of_the_Buddha.prefab.meta,4abdbf163a781bf744550e34c104991d1e0d4e65967b77bef14e5224d7a9dc6c,154,707ded1ae6226ca4988deadbd5f2efca
Korea_TreasureProps/Prefabs/SM_055_Statue_of_the_Buddha.prefab,62f7872d27b68bd8d0f6a4e3febc40d8992141141ed350ad6a98f9117763d125,2453,
Korea_TreasureProps/Prefabs/SM_055_Statue_of_the_Buddha.prefab.meta,9740356b478f94b50c2a4f651de687664e2285b49a889df0cbb73eb3166e344e,154,e73ee866cf9bfbc4cb05778f37f1526b
Korea_TreasureProps/Prefabs/SM_056_Brick.prefab,82a5928e5153972a97fbb52b21c38e9e00805a2865a15b084635989f86188e98,2437,
Korea_TreasureProps/Prefabs/SM_056_Brick.prefab.meta,c9028c7abf69cfc9d25b59eef7cae98f8c68878da40fdf321e95fc43cdb6428f,154,5d0e2388e52888d498d722bd381140d8
Korea_TreasureProps/Prefabs/SM_057_Brick.prefab,a8acc85793c2eb781dd7300b2a0e95598fce2cf82506df5648de73c4ced0a7de,2438,
Korea_TreasureProps/Prefabs/SM_057_Brick.prefab.meta,a5d5b4f513c19eea8e4ad961de55b47c60d76b5550beda062c728ff131f42aae,154,938ca171084b251408df30266d645eae
Korea_TreasureProps/Prefabs/SM_058_Cup.prefab,f4545f109753aa8780d1cdf296035953d260921ceb95ba7ba5e8c87722007b4c,2436,
Korea_TreasureProps/Prefabs/SM_058_Cup.prefab.meta,fb1df2fd8b56cfff01f86b5f8eae72da8568bca107c04bf17c0802a6f6f80108,154,e14352a91886cd34088af9eae677006b
Korea_TreasureProps/Prefabs/SM_058_Cup_Lid.prefab,c34abd3af6069b19f80d44c82ea6e3fb21b21ab0ad1849e6cfac28f6fed392da,2442,
Korea_TreasureProps/Prefabs/SM_058_Cup_Lid.prefab.meta,42dd1c23173d076497c5b92e8c1f40e56689dd994f40e8ad7ba440bb640ffebf,154,f9654d825c249f441805c532da28ed44
Korea_TreasureProps/Prefabs/SM_059_Clay_Statue.prefab,d49964ac378d643219e62139ea2558facacee53072cac66d4363c2f44187c036,2446,
Korea_TreasureProps/Prefabs/SM_059_Clay_Statue.prefab.meta,b9ff9462c326b5994dde41d4bc6d627f69b968903e34f72bd4a8afb0147b2128,154,bf5bc26f61841e646a62279bbff67dbc
Korea_TreasureProps/Prefabs/SM_060_Clay_Statue.prefab,9137030010ed1e2e2d3994406c5b29678814f6329c6b7e59583ea2bcc2aa8da3,2446,
Korea_TreasureProps/Prefabs/SM_060_Clay_Statue.prefab.meta,3ea751b3e35809f707186873d3b5c1dbbcf2dc1c9b18a0f07cd4713bcbbf0f83,154,3dab1174b254f7e48b9ed0e8c519e6f7
Korea_TreasureProps/Prefabs/SM_061_Jar.prefab,5ce4b09211fc0bed71f4345cb7f4deb386c61d2283d21eacf309debca335a994,2437,
Korea_TreasureProps/Prefabs/SM_061_Jar.prefab.meta,a396ad7c2c1dfbf14773f43f395abb1199e9d8503005e697b69b4f8cef145243,154,1758d242a9772fa488785bfe34d13fa2
Korea_TreasureProps/Prefabs/SM_062_Stove.prefab,463d129851acad4e7693d601a9e1e411662a2c53dc2474e2ff53f1fef357cf58,2440,
Korea_TreasureProps/Prefabs/SM_062_Stove.prefab.meta,1cbd57188771d9cb6ad8f0006a1a451fcc574d0202cba060116ae7fc57ece599,154,6b07e40d261b21a44820e96271c6883d
Korea_TreasureProps/Prefabs/SM_063_Bottle.prefab,c225989092d400688ad1a0f615ee9e73da49a8b36897f80288952ffb10de765e,2439,
Korea_TreasureProps/Prefabs/SM_063_Bottle.prefab.meta,783318e4b87f29ecc77983e5f01617a04dd242cc3ecd9a8eebdbb244b6468dc2,154,aef4ef84d1ce4354287fc753dbb2c13d
Korea_TreasureProps/Prefabs/SM_064_Bottle.prefab,b1e9e76851e44fe7231598a2a2d43d0c2fe5510b1246bd29933eac48561359b6,2441,
Korea_TreasureProps/Prefabs/SM_064_Bottle.prefab.meta,4678f12fe8dc4743eb9f78e128b1e39017334c6d7fed1eebe7b0446ec24dceb4,154,20c5dba3a8e3729479272c90c3cf17d9
Korea_TreasureProps/Prefabs/SM_065_Bowl.prefab,5d05c14be62af720d2ab84f68a55013b6d7f566ed786b125a4a979bef0ad5b76,2436,
Korea_TreasureProps/Prefabs/SM_065_Bowl.prefab.meta,399be15ef2110175b0e55e5b70aaceb44bd3bcf98e3fa17dc77c7e51fd85f619,154,13c9556382dfce341a8c9c50709bd836
Korea_TreasureProps/Prefabs/SM_065_Bowl_Lid.prefab,f1fde52e8a8fe845617d73c2ab9e63e12143d75a8521d67f74616f2a7c6b8a42,2443,
Korea_TreasureProps/Prefabs/SM_065_Bowl_Lid.prefab.meta,fb9dd37bc8a91d9d95c991816b6dd7a27472b331604e3fc77261bbf62db3ee00,154,b312734f8c230ed4d9d0aa5e63e7dc5a
Korea_TreasureProps/Prefabs/SM_066_Candlestick.prefab,8f63b96d21a8738aed515b248b154bbd4c86fd457e36c843febf69f8eeb41217,2446,
Korea_TreasureProps/Prefabs/SM_066_Candlestick.prefab.meta,212f6c11ea4331d67a58006115af8f49421a3e0015b886259c56a58dbffa540f,154,b7753f9a71ea358448f9925d3065d1e6
Korea_TreasureProps/Prefabs/SM_067_Kettle.prefab,c527b6b9847c8224dee22aeb90f5aa73f4ed8efb32e34efa22190d084332a303,2439,
Korea_TreasureProps/Prefabs/SM_067_Kettle.prefab.meta,68f44ce065f9285826ce065616890a73c912a9f26e86e6b74702a64be45f1ee0,154,f806200153fcce4438786df47efdb566
Korea_TreasureProps/Prefabs/SM_068_Kettle.prefab,183cd60cea8ab6363f7e256860bfa7b9de5666a7597d69fb04179d46c5ba9a7b,2437,
Korea_TreasureProps/Prefabs/SM_068_Kettle.prefab.meta,96f534d9c1d52b16cb5245a88dbd4a6fd4d9420d0b165ee7ef1114336afb4e3e,154,19428887734d02f498190a8250f8f727
Korea_TreasureProps/Prefabs/SM_069_Incense_Burner.prefab,0c5e1570f93aa6f54d95869e9a4d1294484de082250145572613969e3115914b,2449,
Korea_TreasureProps/Prefabs/SM_069_Incense_Burner.prefab.meta,bed5bbaff2260523433673ba1e2db70e83d5a8da202f2e8f716c83b8af40cf72,154,80f92e101bf6a58419b0afdbec58e55e
Korea_TreasureProps/Prefabs/SM_069_Incense_Burner_Lid.prefab,4779e628ecea641f87ac70846bb923732866df145f3d1e750f42d0961e587e4c,2453,
Korea_TreasureProps/Prefabs/SM_069_Incense_Burner_Lid.prefab.meta,d53b64155cea55e9a62a483b1dc7fa5361e93da0651889149f1f3ce9a5fcc7ef,154,1660a87002f92e94db4cca7d95b5183c
Korea_TreasureProps/Prefabs/SM_070_A_Ceramic_Bottle.prefab,4e0a71b812686bca6f641683f38a3ceadd4bf3f5701793b9043dd1041d9306ed,2449,
Korea_TreasureProps/Prefabs/SM_070_A_Ceramic_Bottle.prefab.meta,78a1cce3b4171360ca29c1d8e9acfbd60be17dc7c266bb80caa2ea435a796e98,154,a87554fca91615a4fb9f9298f0496257
Korea_TreasureProps/Prefabs/SM_071_Bowl.prefab,246d6112b5673cce95a133d7a8a171d3ce079a8aabf1449ff3f309174694e6f1,2438,
Korea_TreasureProps/Prefabs/SM_071_Bowl.prefab.meta,b3e6ca07c808ce15bb535516c1c2aefbc87580ec966542cf318e64dfbf6c4368,154,44d111feca0db5642a3e62ae5d9d4506
Korea_TreasureProps/Prefabs/SM_072_A_Ceramic_Bottle.prefab,79c1e2e603c00dff5d7bbcfd03b8860b20e51a1f862797b4415c2b7d30416803,2451,
Korea_TreasureProps/Prefabs/SM_072_A_Ceramic_Bottle.prefab.meta,52fa53deae742d1f35436907dab4e84f3ce632759c906da1c9e98e19bafaf0ba,154,9afacf4c56eb583499b31d9d53c39443
Korea_TreasureProps/Prefabs/SM_073_Vase.prefab,ff0a660a16aa0a6c10200cc6be305d10d36cd380aa3884667b924d572c98cf6c,2439,
Korea_TreasureProps/Prefabs/SM_073_Vase.prefab.meta,b261ab2d1b84c9a1aa9501f4e463d2439bfffe50484791d6f4280a8d738d3365,154,58e2e16ecf88697499f3cb0289b39e27
Korea_TreasureProps/Prefabs/SM_074_Kettle.prefab,8fbb09b9353d6cbbf6ec22ab2be066b542b8368712105ad067c6c17909a19129,2441,
Korea_TreasureProps/Prefabs/SM_074_Kettle.prefab.meta,476047f04b7ecbffb6855fd9df5509839dcb759315de9de9bb0105221a6e09f1,154,e45d956a7457f6642ac4f41d901ee1d7
Korea_TreasureProps/Prefabs/SM_075_Pot.prefab,527de68405e5f66e4b3c930cdcee45c52f4451f8b16ee780b5d60c91dec3eb21,2437,
Korea_TreasureProps/Prefabs/SM_075_Pot.prefab.meta,7edcca7843923234d5886fdf7f1403c77eda8ae27f55161c0414c9c774510d1f,154,94472972f9730ca4b96e4038080671fc
Korea_TreasureProps/Prefabs/SM_076_Bottle.prefab,fccde5798c86be0802d608ffeec77d65ae17c397bd1e07008d7ee1983b9970b8,2511,
Korea_TreasureProps/Prefabs/SM_076_Bottle.prefab.meta,099bb7fc4d6d2ba310a6249f646a3bf187ebaeb0fb55584d49ccf824e48bc5e5,154,cd1c1d603aa9fb442a11e64bf2aec970
Korea_TreasureProps/Prefabs/SM_077_Bowl.prefab,2f1d6ae0e4b20c52ba261077b9cb3b2e9158c10c52b317d7fb425a74febed25f,2435,
Korea_TreasureProps/Prefabs/SM_077_Bowl.prefab.meta,71570cf6bf835f5dd8a4ac34cfab58eb42befb0f7f591fdc92ae35eeb8c3a623,154,8b0aec8ce0f9f874b9462420f6de185f
Korea_TreasureProps/Prefabs/SM_078_Kettle.prefab,766e3f4283690c020971fa5a94b3864096398e9f669ae741490d81e09b958c10,2430,
Korea_TreasureProps/Prefabs/SM_078_Kettle.prefab.meta,d57bf804522675fa48f42faea72dd1d42d2c4b04e67de51b7b2a4b63874a603b,154,ee32c3604cef33642b4d15b9dab6b157
Korea_TreasureProps/Prefabs/SM_078_Kettle_Lid.prefab,8956a774345f1633271cc6806034e4d014574c02dcf9a3a2fb83b32014efa459,2443,
Korea_TreasureProps/Prefabs/SM_078_Kettle_Lid.prefab.meta,c374766c5e95ed68b34ec4d86dc64cc4cbbc2b23a7dc924dd353147161dd99f9,154,fba6b7adce56327419c6a198884e2ebe
Korea_TreasureProps/Prefabs/SM_079_Bowl.prefab,760e1c48ab83e8b4cb3bfd915fcfd144b47f9c9bf51d61a7bd490e0598fee318,2439,
Korea_TreasureProps/Prefabs/SM_079_Bowl.prefab.meta,b85346469a81cb2621eeedb2e6bce7333c51bc343ddf952f02493d8f4d2322fa,154,b2b0d8223c53018438fc23ce138e81c6
Korea_TreasureProps/Prefabs/SM_079_Bowl_Lid.prefab,bbc1f06aece9ff829cf4d51ccf5c7a0716f025cbb2001b6beae1f6812b4a5105,2442,
Korea_TreasureProps/Prefabs/SM_079_Bowl_Lid.prefab.meta,9fa7be82045bbbbdcd00b5586e494bbf6520ed59fa798679d9f0a5261ec805f4,154,b1f29b03d3bc28940a5e371f2fafcb4e
Korea_TreasureProps/Prefabs/SM_080_A_Ceramic_Bottle.prefab,79372bb8ab0da49bb80874a28b4b27aaf596eab05fc50205d75a142c64a626f2,2449,
Korea_TreasureProps/Prefabs/SM_080_A_Ceramic_Bottle.prefab.meta,31cb21aa175eb10337d75702e320c432d630d138c4d80080579912ec92a91526,154,6a68191b0d2f90145bde7f8814fc1a2f
Korea_TreasureProps/Prefabs/SM_080_A_Ceramic_Bottle_Lid.prefab,27093d5947413ed77aab3ecc85d4ae4a9b3c0b5bf2faad83cb6ddbdf1ac6591c,2453,
Korea_TreasureProps/Prefabs/SM_080_A_Ceramic_Bottle_Lid.prefab.meta,d7498662a7d46ae4abcf8c7caae1c393f57cb564b8963cb8c11d1e3365a8f3dc,154,bbe9ef7f3cf8ea342b7c9717ac936082
Korea_TreasureProps/Prefabs/SM_081_A_Ceramic_Bottle.prefab,e8241e67a4464c4a24b442e1874ac5d1680e26930a2dfc427c8a667e46d7dd27,2451,
Korea_TreasureProps/Prefabs/SM_081_A_Ceramic_Bottle.prefab.meta,8eebc39618ac268c554c0cc3e368ab10f84b68a1792d135d19cc3cbdf5a3e6e7,154,cf3ba03e02b7f4641b394751c486b648
Korea_TreasureProps/Prefabs/SM_082_Kettle.prefab,fd1f84488f8389eca2c7b54f6088eee7273fe2818b44b81d867b83a4c3371a1e,2437,
Korea_TreasureProps/Prefabs/SM_082_Kettle.prefab.meta,6fab9e1f80fb77a4796377442b8792b27c1703ad992487d3ec5c28eb8636f2c8,154,56e0c3244d1ce704192ffce74fca4659
Korea_TreasureProps/Prefabs/SM_083_Kettle.prefab,127ff4ef6edfd713217958f66b43ed7cd87d212af2369c4dc39cbfb6fa29a693,2440,
Korea_TreasureProps/Prefabs/SM_083_Kettle.prefab.meta,4d1ed39830627c790dad4c8efbe9ae6276e7c09ba2579f6e2a5087877662e1ef,154,d640bf4f3f77e6a4ea335970e2761e00
Korea_TreasureProps/Prefabs/SM_083_Kettle_Lid.prefab,e78d1c1f6b665e2225cf78446e17c41fddd5776aa0e3d178ded94e8084ae6841,2445,
Korea_TreasureProps/Prefabs/SM_083_Kettle_Lid.prefab.meta,91a289a30792a3a9091b09fcf2525c6917461bafc4550036ad806c2e0077691d,154,6d79aaedba33f504e9af7acf60343794
Korea_TreasureProps/Prefabs/SM_084_Vase.prefab,814ba6807d309a873b8202dcf2784ded0f3d483820effada0d8f712cd52d6d24,2433,
Korea_TreasureProps/Prefabs/SM_084_Vase.prefab.meta,c600f74e91b086d3d115d311eb7483e59953c06799354915d6eaacc20e9c0e04,154,3829ec67d0c88e149aa0da4ef875498c
Korea_TreasureProps/Prefabs/SM_085_Bottle.prefab,274fcf18745df407011f8ede53a09deefb181b253baa84f1b3dc2352335e4e1e,2441,
Korea_TreasureProps/Prefabs/SM_085_Bottle.prefab.meta,c154404918cefca74ddfcb717a201522385a3e45e9f1df24c622a795d52f7a73,154,b7be0c970acf3b743a62677462931f8f
Korea_TreasureProps/Prefabs/SM_086_Kettle.prefab,95b938e2be4b609f32412f7f929c7cfd19ae7b75b0d132788e7e2dc816cbc5bf,2440,
Korea_TreasureProps/Prefabs/SM_086_Kettle.prefab.meta,4fcc503ba3e347825a38b05c738980c14765f7e51b3cf40767b88fac99fc03f7,154,4df9c2171d2d13d4ea52656e2573ad18
Korea_TreasureProps/Prefabs/SM_086_Kettle_Lid.prefab,22f838b29748f87f1809b4c5ba397376b41dbbf2dae908faea4245e658996257,2444,
Korea_TreasureProps/Prefabs/SM_086_Kettle_Lid.prefab.meta,2674280470661b6104bc385a2cf191a7666f154dfa93942e2ae31e7066bfffa0,154,d7fc967f04ab6c8428d228a48fb0762f
Korea_TreasureProps/Prefabs/SM_086_Kettle_Tray.prefab,9e640c4a174a88fd1560c59eca92bdee5a62d069350a4791285dd73a3421c18c,2438,
Korea_TreasureProps/Prefabs/SM_086_Kettle_Tray.prefab.meta,2e01139f5749ac145fd7ae95eb74a42e470dfd5d25e70085b0c9787ee8d4d176,154,ea69e0352acaff547969e373e210f9bf
Korea_TreasureProps/Prefabs/SM_087_Stationery.prefab,36e6fbe9ad7a6985f77e5f91b0031e06070b1ee5fb2b7e5cf0f761c339cf7538,2442,
Korea_TreasureProps/Prefabs/SM_087_Stationery.prefab.meta,24ef36f8ca4f2f765085cb4d9be49867613bed591e094888fec6969174cccf72,154,f1be9928cf15be04baf0f3726741f1ea
Korea_TreasureProps/Prefabs/SM_088_Incense_Burner.prefab,c5cf8dc0f1e7b5669bcbaadd03ee3d6350e25d0fbc405dbc11f06da46b5cb65b,2449,
Korea_TreasureProps/Prefabs/SM_088_Incense_Burner.prefab.meta,c9f85d19fa2f04eb7091f64917d279f301adce089f5d3c8bb6ee4e639e2c9820,154,3bf268a3bd52ff14b801cc599ab11941
Korea_TreasureProps/Prefabs/SM_088_Incense_Burner_Lid.prefab,79d9f5a8f48f6e9026bd222657c77bcd20a9e23e7e460ab4fecb995eeedf1c58,2443,
Korea_TreasureProps/Prefabs/SM_088_Incense_Burner_Lid.prefab.meta,34e4df434a4b5e0f4afe040c4046985bf9e2e27de9e774acf8148041aa3bddbb,154,b9447134b2ddc0b4db63ad466c5a2516
Korea_TreasureProps/Prefabs/SM_089_Incense_Burner.prefab,890c2c022b40b0b26a95603ae92d34588eb4dd18be6a76152b816a56b3763ffd,2448,
Korea_TreasureProps/Prefabs/SM_089_Incense_Burner.prefab.meta,2ef81c3224f12c3b114022040b474c8f257e6d58b6142e7bccc4e579e92dfde0,154,f0e011ab0acb12447aff48360b58e640
Korea_TreasureProps/Prefabs/SM_089_Incense_Burner_Lid.prefab,83cb337a3a44230b6f8109c66d93a92e1aa71b6855e9c18df388bd052e19b993,2452,
Korea_TreasureProps/Prefabs/SM_089_Incense_Burner_Lid.prefab.meta,e4ec95dec114179c85e9c3cd13b54a58bf06233f14e73ab42feb9b775cfcb681,154,ea3641914d081aa438345b37b4099879
Korea_TreasureProps/Prefabs/SM_090_Statue_of_the_Buddha.prefab,0ab04cebca185a8c7a402bc97ac2f8c70890b4afba16df37939d2295789f6d75,2454,
Korea_TreasureProps/Prefabs/SM_090_Statue_of_the_Buddha.prefab.meta,c0f7735236b0c26d7adec1e51460de46f22c0ee9e37faa8d2891e35302dc9ed0,154,f491ae8c643c9414ebbe3f268cccecef
Korea_TreasureProps/Prefabs/SM_091_Sculpt.prefab,5072ffc52031441aaaf31f17dff3e2b822bf917bc69ad34ea3c11ef1922748f8,2438,
Korea_TreasureProps/Prefabs/SM_091_Sculpt.prefab.meta,83f0f40bb9c33fedbd8635cbfa68f35ffe2d7ae2534995254a74a4c67b182aa7,154,d24768598757e5e428f4777cfa21f111
Korea_TreasureProps/Prefabs/SM_092_Incense_Burner.prefab,c2c1f5b4513b57bddcd1a8c37638047bd7b204e68ecbe58b384c7398aeaf3bf1,2446,
Korea_TreasureProps/Prefabs/SM_092_Incense_Burner.prefab.meta,5972570fb1945b10f01a8a85ac497a9ec3a0a7fd29234c6741e07dea86b22749,154,ab5fb2f33d92ab74890125b781e889a6
Korea_TreasureProps/Prefabs/SM_092_Incense_Burner_Lid.prefab,f52a781ea50131dcbf671d652e1953daef1b32449dbb482cf97e156a784e0624,2453,
Korea_TreasureProps/Prefabs/SM_092_Incense_Burner_Lid.prefab.meta,ed341f4f7feaa43d7653f1c134a8f447ece516560598d03f489514edbbf121a9,154,07b682274c5d1cb47a2051d82be67d1a
Korea_TreasureProps/Prefabs/SM_093_Bottle.prefab,57d98377e99164ef129ae555d6cc4b867df9c2c36d3a50f9b0f4785749441c53,2441,
Korea_TreasureProps/Prefabs/SM_093_Bottle.prefab.meta,2906d70e96dc8f96093dee5421ad02fe87bff9402183086ca6babda2dccbeb73,154,4fa99ea9509441244b834dcc43f4cf7e
Korea_TreasureProps/Prefabs/SM_094_Incense_Burner.prefab,2a98794f7d7ef32a88e5d4275a6329489d9f6280c852626f00b6076e80d121cd,2443,
Korea_TreasureProps/Prefabs/SM_094_Incense_Burner.prefab.meta,6e2560ae9eda0988503b33cb99c06b9c1339fb4416191ee5dcf8c7f146ac77b6,154,d08f7b2c293d35b4a97a4109d341eb8e
Korea_TreasureProps/Prefabs/SM_094_Incense_Burner_Lid.prefab,146ca9232a7e8433e20aa4482c0e18234cc2e43fc9fbacff1c0a3c2402fa9059,2446,
Korea_TreasureProps/Prefabs/SM_094_Incense_Burner_Lid.prefab.meta,665a9bd495c9577e2e1ca19b6714fc9d62e763710042c1d46d6cb6dce5ddb287,154,f652dc035b20c8044ada221c9088ccdc
Korea_TreasureProps/Prefabs/SM_095_Incense_Burner.prefab,ccc508b465269205c1d1933ca124cb91e6a0f4acb702c821522e121bc23c28d2,2448,
Korea_TreasureProps/Prefabs/SM_095_Incense_Burner.prefab.meta,230cfd6a23fa0e3b82b2283fb4a6ccfbe9e80461a8c2c568c704f8a8bbd4650f,154,3cfe0e9c4f41236499742bf50c8bee3b
Korea_TreasureProps/Prefabs/SM_095_Incense_Burner_Lid.prefab,5db8fabaa348213b6e9372b736755c6daec1cfa1918f5d0d4b0c3fe1009d17ad,2450,
Korea_TreasureProps/Prefabs/SM_095_Incense_Burner_Lid.prefab.meta,080bf9797b2a21088e2c0138fc238ef5d3ff3154edf9b3428b52b9857d825e72,154,43d65451637aef44ca4610de75b037e5
Korea_TreasureProps/Prefabs/SM_096_Incense_Burner.prefab,55cf8891d06eb9ed6e872c480193afd0d588f77d06ed7b1d6dde642776c1e33f,2447,
Korea_TreasureProps/Prefabs/SM_096_Incense_Burner.prefab.meta,28624fc1bf7fbf9489fd98df4645310f3ace672215849bccbbc3d1b7c01d5336,154,1d4a4d23f1636bf4597c4f1badb84a8e
Korea_TreasureProps/Prefabs/SM_096_Incense_Burner_Lid.prefab,6fb878070d54c99cfdc82aa3d1fe6ee0b0055f58393cefb903a9710519f78caa,2453,
Korea_TreasureProps/Prefabs/SM_096_Incense_Burner_Lid.prefab.meta,6ebdbec8f1e3679048ccdc3829c82c2b20bf49c9d45b9fe39710a4338eb376b2,154,667399811df365a458389ca05cca25ec
Korea_TreasureProps/Prefabs/SM_097_Incense_Burner.prefab,a17b92e25395db7a250c4b6fae8808d9a50472a9dfc7a009f19b2e55ac1c9b39,2446,
Korea_TreasureProps/Prefabs/SM_097_Incense_Burner.prefab.meta,448fe6f6198419638f7a994a6aae4d8f668230435c99253183a790be9ded15fb,154,0027f64857d272344a2bfea432d74a33
Korea_TreasureProps/Prefabs/SM_097_Incense_Burner_Lid.prefab,89652ef4c2b3cf8c7240c4d6186fa026e02a39f6547efb8fca75a34ed50a0e00,2452,
Korea_TreasureProps/Prefabs/SM_097_Incense_Burner_Lid.prefab.meta,22525f2ed3c744d69cbd2463d8d21e913a7c8859b8712e375a236b4964b7fbd7,154,7d471928d67fea04fa3c514ba7a6c762
Korea_TreasureProps/Prefabs/SM_098_Bottle.prefab,3dfeb59b827fa6f278ee2845037cfc1063c38107f40af1ab5484a21ef7578992,2429,
Korea_TreasureProps/Prefabs/SM_098_Bottle.prefab.meta,331b5bc3110705d783e47b5a09e53f63b6d1e0e8b71b9ef128936bc0b5cd1527,154,bc63f737f1ccf4546a16cfdd7ca9fc87
Korea_TreasureProps/Prefabs/SM_099_Incense_Burner.prefab,17fdb00e3320ce43ddcb7fbfabcb1658808af5a3760baab2b0dfa10fe84bce81,2449,
Korea_TreasureProps/Prefabs/SM_099_Incense_Burner.prefab.meta,c3de0b5ee07865649882bc1a212475798316c669f8eda20ba60bc77afd1d04fd,154,942978f8770c6b146b642235b1810e8b
Korea_TreasureProps/Prefabs/SM_099_Incense_Burner_Lid.prefab,e088bd5ca2e27c9c7dabd2b7fccd212809aac0fbe1fec43292185361f1f1051f,2453,
Korea_TreasureProps/Prefabs/SM_099_Incense_Burner_Lid.prefab.meta,8ef0c9dfdcb67ee6bf2a970b91573c682a456256acda32336dd84bd82be27ec0,154,7562fbeaa47a192499fb12df47bcc647
Korea_TreasureProps/Prefabs/SM_100_Statue_of_the_Buddha.prefab,80b35a2e9a3b40747a7b3bae425fec4bfc48b1c0863132900968600cc325ab87,2454,
Korea_TreasureProps/Prefabs/SM_100_Statue_of_the_Buddha.prefab.meta,2a8217ba4cb224f433ef864ec4f1b9f1d5ac272489c347684b8667f704076d47,154,09d4c01728387514189abdb42b505b93
Korea_TreasureProps/Prefabs/SM_101_Incense_Burner.prefab,84b38490b93463ffbd4b86b8248337c8a59a2d69937f954cdc15819ce61cbe2f,2448,
Korea_TreasureProps/Prefabs/SM_101_Incense_Burner.prefab.meta,3a45bc3afcc960fa40081ecc636858707e929c48701c417125ee394149fa6940,154,8ef3d8997daac96408cb5e813684cf1b
Korea_TreasureProps/Prefabs/SM_101_Incense_Burner_Lid.prefab,b9e242845af5850d71f7cd8b712337559e06be1165f371e9c90d9ea492b0fe57,2451,
Korea_TreasureProps/Prefabs/SM_101_Incense_Burner_Lid.prefab.meta,16667d93aa50d956b53532726765fa59d260600d80ef3a8d2ca4b32d330bd0cf,154,6ba7bdf0f838133478700c50e341214e
Korea_TreasureProps/Prefabs/SM_102_A_Celadon_Doll.prefab,7216a2d79419cb8bfa5967808c0eebb5badba3d796a58ec63cf369fcb8cb4308,2447,
Korea_TreasureProps/Prefabs/SM_102_A_Celadon_Doll.prefab.meta,e20bb364c502f10f2bb0d27bbe9432497fe89ab596f98573f8af034abd161c2b,154,032bf533825241a4dbcf315460b1c6ab
Korea_TreasureProps/Prefabs/SM_103_Statue_of_the_Buddha.prefab,49958cd826aa40327abe979ca9ac628737a0b90fda711f0d6e843e10dd795b34,2455,
Korea_TreasureProps/Prefabs/SM_103_Statue_of_the_Buddha.prefab.meta,7bc7ba7443230131f112557407a6585656b4bbbca125366d4f1ed98458ed9541,154,87f97447422f366449ee5c40757768b1
Korea_TreasureProps/Prefabs/SM_104_A_Ceramic_Bottle.prefab,54185f9f25cc72daafaff285735f39e03d853385f7beb8eae14831369ec38c03,2450,
Korea_TreasureProps/Prefabs/SM_104_A_Ceramic_Bottle.prefab.meta,9ca85da89f09dd2335d3d43445027beefc8e97333b59eb8d9e2f22cd1d798318,154,456ee06d5b80b6045b776d143a971d84
Korea_TreasureProps/Prefabs/SM_105_Bottle.prefab,ba1ea5f92c529ba9d65f86334dd4d04b825e55574da1ef629a5958d814da91c9,2440,
Korea_TreasureProps/Prefabs/SM_105_Bottle.prefab.meta,2748dba4f2fd1098e87365356f97940c3bca69138015ab5a382dde3bd6f70e29,154,013bc0efa1631794fa0545dc3676155e
Korea_TreasureProps/Prefabs/SM_106_Incense_Burner.prefab,a60b8488c3165f5e41d6ac7bfd76fb8775fc8ce0fe60a80044bfb4d789a882fc,2446,
Korea_TreasureProps/Prefabs/SM_106_Incense_Burner.prefab.meta,119436332374d56241d2dc70d97982d26d3e2592b26713052d2521638bc4b44a,154,3f9165a1239e4fc4c9e91326d2c7e1f7
Korea_TreasureProps/Prefabs/SM_107_Bowl.prefab,b849b10a9d66f7cbd895af5488de96862af5d51a29dcb5db7efde4c27bf4c342,2437,
Korea_TreasureProps/Prefabs/SM_107_Bowl.prefab.meta,6020484e69e8892bf1dbaea4615dc2c19d41ac491753a52ee8793214a5bd6547,154,198dcf819ed36ca489f20ed6c6a82b80
Korea_TreasureProps/Prefabs/SM_107_Bowl_Lid.prefab,515e410705eeff1152163b7589cf64f05556adbc7e6fe6594c9289f021a9dbc9,2442,
Korea_TreasureProps/Prefabs/SM_107_Bowl_Lid.prefab.meta,a82770491450002cab791f9989715cff1e5eb7b82e8f864ead42c56626f60901,154,6273ee5dd2a32c64d8d3a0907cd644cb
Korea_TreasureProps/Prefabs/SM_108_Stationery.prefab,1532520612d71bc00611ff3a2afa211df1dac46b0f8526d7792adb1a1ff34a99,2444,
Korea_TreasureProps/Prefabs/SM_108_Stationery.prefab.meta,8663460dd0d6aea6adb833c14ad1b39efd797865b5e57540b2cfef1a5b50c7d0,154,9bda24386e33cfc4b9e1c881ee608467
Korea_TreasureProps/Prefabs/SM_109_Silver_Cup.prefab,7523df30b5c11e679a17476807a4fa2b264b7a94ba597906f8fba36a3de8a36f,2445,
Korea_TreasureProps/Prefabs/SM_109_Silver_Cup.prefab.meta,ec04d5a238deb8887d377898faead5714ac24c33aaf95a47bcb797e9028055b2,154,b8f2777dc1a5c97469730cf808f3049a
Korea_TreasureProps/Prefabs/Sets.meta,63285fc9a6eb7bc0058ba444df2c71b14ecab6571c896daea75649c478ed51fb,172,4c4a9323735b7f046aee39fb3bd0de0c
Korea_TreasureProps/Prefabs/Sets/SM_020_SaliguSet.prefab,a20742b06f260b7e8e9996ee516820625124d50712952483cc41ecbd17119dde,9024,
Korea_TreasureProps/Prefabs/Sets/SM_020_SaliguSet.prefab.meta,4aecf0cbbc938045b207c0f2fbbc53497b9c75fa03535e06f9da75011c123ab8,154,e9ff563cca1a73a4ea3b6094a4292372
Korea_TreasureProps/Prefabs/Sets/SM_022_Saligu_001Set.prefab,fbbc0285ad9372bcf93edf0cfc9a099374acde3ab77b3033d39e2ca074babbc8,6322,
Korea_TreasureProps/Prefabs/Sets/SM_022_Saligu_001Set.prefab.meta,36b2fa03e40bc2d0cdc8c5cd1d1d76e068f5fad60d1aef92c8cc10f8f4b3198e,154,931a66f0ec29acf4e8235a94446ee70d
Korea_TreasureProps/Prefabs/Sets/SM_022_Saligu_002Set.prefab,e8ba289012fa83a38dfad1b77d46276c4e649e37dd3331f7189474422de7e23e,6337,
Korea_TreasureProps/Prefabs/Sets/SM_022_Saligu_002Set.prefab.meta,e08fee4b6997f6f69ac87c7fb7e8c64652fa5c35614c1facf8e11d12918d32ac,154,9d58980e5f219b642834db5b5c61ef82
Korea_TreasureProps/Prefabs/Sets/SM_022_Saligu_003Set.prefab,5030a7fbcbc3b3f5572319ababd4a42e68d89befd93daf3883a840c01a15fd35,6326,
Korea_TreasureProps/Prefabs/Sets/SM_022_Saligu_003Set.prefab.meta,a0e3900d8a4a6a89a11aec6168ef7b7a629628eb7d09efacc896db3fdaf83673,154,3ea32fd7888b10945b111c12ae370bbf
Korea_TreasureProps/Prefabs/Sets/SM_025_CupSet.prefab,d496aec0da599b87cb18e6682498c60f6aade4bba28595da80e0cb223d0f1206,9020,
Korea_TreasureProps/Prefabs/Sets/SM_025_CupSet.prefab.meta,6cd262d6505ca3d1c6153ca5ab508a9ecb0d02e0230cfa9064d99d61f253928a,154,04c382941e5d801468de1debdabef02f
Korea_TreasureProps/Prefabs/Sets/SM_039_PotSet.prefab,a2bf11964d0c5f6e273b06017489ca6c3dcb568c5eac51040ed37e696e4d3a32,6291,
Korea_TreasureProps/Prefabs/Sets/SM_039_PotSet.prefab.meta,7c2b70be067b0b9843b0bd2007710e008ee34d92680fb9e786011802b67fc69d,154,86a0723943bb47b4bacb55f04aa326b4
Korea_TreasureProps/Prefabs/Sets/SM_045_Incense_BurnerSet.prefab,ce863e269669f149c21262a3c2c8c48561e041330a21601a4131863396e64a39,6339,
Korea_TreasureProps/Prefabs/Sets/SM_045_Incense_BurnerSet.prefab.meta,b665fe4d24ceb07f7bf08fe04d42194aaf38533f28481121a90afc3f4dd2e866,154,d67ed50c0e9fa1e468bc2b903c4d7c0a
Korea_TreasureProps/Prefabs/Sets/SM_058_CupSet.prefab,cbf139d519790bd28cea83d60cf3f9cfa16d6b3a0d850c50ff89763c0b8f8f0e,6310,
Korea_TreasureProps/Prefabs/Sets/SM_058_CupSet.prefab.meta,0a6192657bda0a05f2cc661ba49c1c0714eb274489de4441934712d083e029e5,154,4f29c325ed2916e40bb7e2ecab0abdcd
Korea_TreasureProps/Prefabs/Sets/SM_065_BowlSet.prefab,7e2b8cfa8a7f7ff907c01cff577a76788b69b7e4282160e1d23d9f91bb3f1da1,6306,
Korea_TreasureProps/Prefabs/Sets/SM_065_BowlSet.prefab.meta,173ac77882d79c5466ace565398b753773bfe14d25017afab2cd296befcec3de,154,7db024166310b6d44b75cc7ecc308d9a
Korea_TreasureProps/Prefabs/Sets/SM_069_Incense_BurnerSet.prefab,7a7a4e7f3cbeb87f7456bde10572bb49ba35bae45a6583bff12fb66ccdb86b2a,6354,
Korea_TreasureProps/Prefabs/Sets/SM_069_Incense_BurnerSet.prefab.meta,f452b01fb93044d008bb771a93ba9f19dad00377b8fa288c31b931ca10e2b046,154,7bba53377dbebdb4c8bd299a65401867
Korea_TreasureProps/Prefabs/Sets/SM_078_KettleSet.prefab,4158a7c1a89b5664a650b73c926f95abdee8c1bd3a4ece08509cb2e669479c5f,6543,
Korea_TreasureProps/Prefabs/Sets/SM_078_KettleSet.prefab.meta,12345ff40e84089aa076c4d8a675b62772d89648afe2bec058fef60a706a4485,154,eccca4f3daf5f3b4abe314ad6f91414f
Korea_TreasureProps/Prefabs/Sets/SM_079_BowlSet.prefab,84f19d62aa67e54ec2a518fea36903a6f72268fd90cbbea03f37c32f8d24fec1,6312,
Korea_TreasureProps/Prefabs/Sets/SM_079_BowlSet.prefab.meta,be99a5e8d6e90b983c6953e01f60a9ef44b7889e6b3d29318db419433a71170c,154,2b78ec92a205d0a4e9c19b50b03c98dd
Korea_TreasureProps/Prefabs/Sets/SM_080_A_Ceramic_BottleSet.prefab,3812d33c40c4b57cb9aacad36deb5ff192907783e0c8276881172d2bdad25707,6338,
Korea_TreasureProps/Prefabs/Sets/SM_080_A_Ceramic_BottleSet.prefab.meta,a4b9151cc52c96dec821ddb8dc5044952a5c7c6975152536171590274cfdeb2e,154,5411ca0dedc7d144aa389692b38f1808
Korea_TreasureProps/Prefabs/Sets/SM_083_KettleSet.prefab,403e43227fd6b23ac827a736fecf4b53e8f80d921594952740340c18f7c3ca9c,6316,
Korea_TreasureProps/Prefabs/Sets/SM_083_KettleSet.prefab.meta,97df56aa4e77a1234e075d90477ddd837886a2c58cf5aff3d020dfe6aa3a2b70,154,62f28c6ec54ee1344a5a5b837836b81e
Korea_TreasureProps/Prefabs/Sets/SM_086_KettleSet.prefab,d56f387cfe9ec16d470bf0b8a358c504a6f5af31f94f8418ae24839d47a07e2c,6323,
Korea_TreasureProps/Prefabs/Sets/SM_086_KettleSet.prefab.meta,c66b48c4133bb5b8536ac16a4895b20e3ac24b87b8d4122b4e0735544b4a1072,154,071b1a70438c4e54993e943aa8dc6e87
Korea_TreasureProps/Prefabs/Sets/SM_088_Incense_BurnerSet.prefab,89db35ae57f19a3eb31d767f9d94a8ce285104f7af8d9e07a82a223c8d1e7481,6326,
Korea_TreasureProps/Prefabs/Sets/SM_088_Incense_BurnerSet.prefab.meta,8b66a18db45f740c1ee55a71d67c9b0dc709ffeaebf2bbeb3e57aa8f1d1d8824,154,948007e90251bfc4eb47cc6cb1171cbb
Korea_TreasureProps/Prefabs/Sets/SM_089_Incense_BurnerSet.prefab,0fda4063942c9efdfa0006a23f735a6eda49bd440e19249fed959cba60dee8f2,6348,
Korea_TreasureProps/Prefabs/Sets/SM_089_Incense_BurnerSet.prefab.meta,7e731764c490f5604a2fbe694c3f60836815c11b3d4c83736a13fd72d86fab35,154,c123326f20d18ee47a674727fa37c389
Korea_TreasureProps/Prefabs/Sets/SM_092_Incense_BurnerSet.prefab,af6a26626fbf182e0e68de22e7ace00381a4ca237f4a6bc891db8a6778f41dbd,6342,
Korea_TreasureProps/Prefabs/Sets/SM_092_Incense_BurnerSet.prefab.meta,9b9d7d1fe2ec7da09c85ffa91dde6f71357e7807f183ab3d4400d5bbf0bdcf5d,154,4e2473613d678dd4685b0a2b329bfc24
Korea_TreasureProps/Prefabs/Sets/SM_094_Incense_BurnerSet.prefab,e87f73192f3e8d84d8cb11af3b221f368f49ad4d6b18d6506493f19789d259a8,6321,
Korea_TreasureProps/Prefabs/Sets/SM_094_Incense_BurnerSet.prefab.meta,92f34097aea5d38a448818bdbb6e04a0f15fe08cb74da0b7240eb103cb9155e1,154,410a9e69ccb8ed44f9dc366e5a2ddd7c
Korea_TreasureProps/Prefabs/Sets/SM_095_Incense_BurnerSet.prefab,8ecd6b501d93d64777689b5ec87c120094b35e979f772534e53b2096617a3015,6346,
Korea_TreasureProps/Prefabs/Sets/SM_095_Incense_BurnerSet.prefab.meta,72a1eb664c580fa665daf67c4a8bb0d1c3ae0da671321171813ea0d475f3ec5f,154,cfdde07dc4af2aa4c93c180db0fe9a1b
Korea_TreasureProps/Prefabs/Sets/SM_096_Incense_BurnerSet.prefab,be5c9e10ad4d421a64156b1a076b0981f917eedab722f5db82849054d84d7bb8,6349,
Korea_TreasureProps/Prefabs/Sets/SM_096_Incense_BurnerSet.prefab.meta,453b0c5d228a56165f8a52b6d97e0f2516a50c85e4993fa23bd96d851ed71bdf,154,82b6159cdd3033f45ac2ce4f0ced4732
Korea_TreasureProps/Prefabs/Sets/SM_097_Incense_BurnerSet.prefab,b954ae756397f88c35a66e8d3a889d279643f0ea42a450dfd0a26fd0f7b09199,6339,
Korea_TreasureProps/Prefabs/Sets/SM_097_Incense_BurnerSet.prefab.meta,1d88d1b9184565a8cde2edc7c223bfc8149c626a8dc9a69d055d502395dd7103,154,5b2198b89b3470b47b40726addf7820a
Korea_TreasureProps/Prefabs/Sets/SM_099_Incense_BurnerSet.prefab,9ffee5602efbf2e05e719de6d2c81648955b90877ce98a7c034c55f81027f032,6366,
Korea_TreasureProps/Prefabs/Sets/SM_099_Incense_BurnerSet.prefab.meta,c59f5f8c521c19a41f7a29ec1b3caedacc564d1cfc9d4385cd7e5ccf533cccd8,154,d410d47ffddbc3a4f841ece15b5f8334
Korea_TreasureProps/Prefabs/Sets/SM_101_Incense_BurnerSet.prefab,b50b04ef26a22819461fa27803a045d6b9998170a28fab3c53552e7f8a403be7,6343,
Korea_TreasureProps/Prefabs/Sets/SM_101_Incense_BurnerSet.prefab.meta,1d925d4acec1cbbc38a3bac38b65d9def308ff946da090461275f903e01caafb,154,e84d72cf4fe7cd24bbbe8783b1f3daa2
Korea_TreasureProps/Prefabs/Sets/SM_107_BowlSet.prefab,0cb914ffa881f1826dd19581cf2575adb3b9d241f8b6072d5cfc27785544e9b4,6318,
Korea_TreasureProps/Prefabs/Sets/SM_107_BowlSet.prefab.meta,72f95cac81c03ba137108cab4b94aec0345f6d2fe0c0e5b08c4fd4b810907e42,154,257243be425682f4c94201beaeb8d7ce
Korea_TreasureProps/Scene.meta,47fac6248b6011af88363c568b24c9cac06562b2392bfc49c82ac15a1979f5f2,172,788b8efa4eac78a428fe69cdb00732ea
Korea_TreasureProps/Scene/OverView.unity,6e3f6f459cfaa5ec1ec6e4505de2687e1ba18024d6abd0bda678d58c7d3077ac,369859,
Korea_TreasureProps/Scene/OverView.unity.meta,12c2e928d43d3a9da82c27dc3230b326db87b557285bdaa124f8d2cdc56adead,155,b57c873b0c61b0d448b12dc1908281f3
Korea_TreasureProps/Textures.meta,45d5c6d792856cd0809232633a665ad6a5790bc2fdc8305765f6a5b3b859e406,172,93a2f28e6c6936047bf4bec5132929eb
Korea_TreasureProps/Textures/T_001_Statue_of_the_Buddha_AO.png,65bed70df73b8b1ec6947cbf5cabac78913cb49be6c3528d8b01b2e8b65b16de,68594,
Korea_TreasureProps/Textures/T_001_Statue_of_the_Buddha_AO.png.meta,d50c3320344af56dae5c72fafd75e5bf5fc44183761f27c927fedac08f46e276,1637,abc00000000006712283912688351445
Korea_TreasureProps/Textures/T_001_Statue_of_the_Buddha_BC.png,26a28a15ae94cb99472746ffd25379571369d744d57457664fd5f78112e8ee1c,4034783,
Korea_TreasureProps/Textures/T_001_Statue_of_the_Buddha_BC.png.meta,3fc5672f09997d2cc189043b4859f24daaf129d8e47e1e82f019b8642f873f59,1637,abc00000000004954239203465903554
Korea_TreasureProps/Textures/T_001_Statue_of_the_Buddha_MT.png,d575c078aebe5e59a7c5ddeba376d5d8aadd97d6215823372ca8a3bb4ea38160,881400,
Korea_TreasureProps/Textures/T_001_Statue_of_the_Buddha_MT.png.meta,0030dad0cd304cb810fb944f2e4f2bb73945ee38545b7b57cff0d8270e154864,1637,abc00000000004137482945107208168
Korea_TreasureProps/Textures/T_001_Statue_of_the_Buddha_NM.png,a40916f0104456c16e2c35086dd79a142c903a77d54707db32c0aed7e2aa9719,4873363,
Korea_TreasureProps/Textures/T_001_Statue_of_the_Buddha_NM.png.meta,26bc7435bcbf13a5304b522dc99eaf5f909e6738741ff811e0ab9682ddb60489,2947,abc00000000008284353805728718620
Korea_TreasureProps/Textures/T_001_Statue_of_the_Buddha_RN.png,09255445fea34e4f4fbbea5e218b2b9c83e22f17a5ebd42b58ad01b7967eb1df,2335523,
Korea_TreasureProps/Textures/T_001_Statue_of_the_Buddha_RN.png.meta,3cdac185e5058832a6c2d298d1bed51c889bf37229beba931a41d68c4529b944,1637,abc00000000010936693656915888177
Korea_TreasureProps/Textures/T_002_Statue_of_the_Buddha_AO.png,afe1c860df99b64d6ce02dbfa82775dae324c3ce91903a673539415f43b5f49b,2319907,
Korea_TreasureProps/Textures/T_002_Statue_of_the_Buddha_AO.png.meta,129ab5699bd9a03480df3d7e4604a3ac56f3636ade3749ffa11712a4cd7b1f3c,1637,abc00000000010812986506380065679
Korea_TreasureProps/Textures/T_002_Statue_of_the_Buddha_BC.png,ecc80f57c41d7b3853a2babca095fa177266e5207e31f52972c8a6a8146ee4ce,5026910,
Korea_TreasureProps/Textures/T_002_Statue_of_the_Buddha_BC.png.meta,9ed494f5240eea09da641e3c0b2ff9a77c9c863ecaf5ec1c94d62a027a8fe10c,1637,abc00000000014447333968170058144
Korea_TreasureProps/Textures/T_002_Statue_of_the_Buddha_MT.png,25fae136862e31d87d7d2b2287e65d9ed00c2f2c201df69b5775b5b95f638e1d,1652397,
Korea_TreasureProps/Textures/T_002_Statue_of_the_Buddha_MT.png.meta,93a961b4ee06d0c3ff24896c1e22bcf96f18c00c38feb1abb2183103296b5da9,1637,abc00000000002027627312606921534
Korea_TreasureProps/Textures/T_002_Statue_of_the_Buddha_NM.png,e19bc7be15cb8a74067f8e7215e532464a33d585f13fcdd9ec7fe3d765011a0c,5834012,
Korea_TreasureProps/Textures/T_002_Statue_of_the_Buddha_NM.png.meta,70ac61c48a27e837c33a34e556f2f462956d81c08bec12e5f49e6aceda11016c,2947,abc00000000014084047796596167742
Korea_TreasureProps/Textures/T_002_Statue_of_the_Buddha_RN.png,360359c5a6b255178468e09dd6fc74126bb91039f3de8f8c7d07bd8286668b4c,1552400,
Korea_TreasureProps/Textures/T_002_Statue_of_the_Buddha_RN.png.meta,57855b24e1935f1b18ab87e44d66f1dc53a583f1900d33c64fff8af6a00414da,1637,abc00000000005495655780449784711
Korea_TreasureProps/Textures/T_003_Statue_of_the_Buddha_AO.png,7d17c83f52eed55993b0263bc43d64c637c3637746205cc4a6453fd38137e688,2021451,
Korea_TreasureProps/Textures/T_003_Statue_of_the_Buddha_AO.png.meta,44e602830cc6fcbcc2fe4d169badf61cc33c3a454d13a734eae684f5e9de7ffc,1637,abc00000000004491510884536192581
Korea_TreasureProps/Textures/T_003_Statue_of_the_Buddha_BC.png,7fd68b1ef63b020bc25cd8f19f3aebd19371c315558b074d61301c7128010c85,5336282,
Korea_TreasureProps/Textures/T_003_Statue_of_the_Buddha_BC.png.meta,edfbd136c86efacc5982b01368ab4b22ca2f6b53742e8205e44aa531500dc136,1637,abc00000000002261946569444705074
Korea_TreasureProps/Textures/T_003_Statue_of_the_Buddha_MT.png,c3d0bb92b58c43b2de883eddacfa7f75659d361544fd08c91821134689050187,2764953,
Korea_TreasureProps/Textures/T_003_Statue_of_the_Buddha_MT.png.meta,ae712a73c334935d5b98e74aa2409831e8af84e7ac8da3cebb42af931b054500,1637,abc00000000000085411767507398392
Korea_TreasureProps/Textures/T_003_Statue_of_the_Buddha_NM.png,d2d2b59c9a3a3ef8cf7cf36b7a355ecda1fbdb4169507e0f8dee3bab07625ff4,5900474,
Korea_TreasureProps/Textures/T_003_Statue_of_the_Buddha_NM.png.meta,51552e171b8d7d0e54bd68f25fd1d7a00595f90cd453c5e098d07a50198e1d3f,2947,abc00000000018438907301498663052
Korea_TreasureProps/Textures/T_003_Statue_of_the_Buddha_RN.png,3934f043d0b371f9aa47c2778abfdb418e14418ef097b1375c4369b8081e2b46,1882826,
Korea_TreasureProps/Textures/T_003_Statue_of_the_Buddha_RN.png.meta,fd3d36bf6d4a6b84f1cfd8881165d8d563aaa71881f88987eb04c75efc736de2,1637,abc00000000013286856139302722625
Korea_TreasureProps/Textures/T_004_Helmet_AO.png,e24206a1700ab531cf4e785fa91a92ad04fb858ffd61bd9daeffdf962760c284,1546677,
Korea_TreasureProps/Textures/T_004_Helmet_AO.png.meta,3b56ae9b08765fe305f5d5ffd5f90cbe9b4d320f7fe4e9ba9470694f9300b1a4,1637,abc00000000005409403945470148347
Korea_TreasureProps/Textures/T_004_Helmet_BC.png,532715b73740ed1a1a243c36e61c13ae0e5372d51211ae52cab68358ac3158d9,3960855,
Korea_TreasureProps/Textures/T_004_Helmet_BC.png.meta,ccc8583c6f504ef27e369bb5a893785de11c6b46920b5a1be16c69f5cf6a1987,1637,abc00000000015999899118004297300
Korea_TreasureProps/Textures/T_004_Helmet_MT.png,56fe1d7bc121c1fad495c0decad4b24c9d6057b80abafa781f08007b4c13afb3,3016380,
Korea_TreasureProps/Textures/T_004_Helmet_MT.png.meta,2e4d08c52a5ed252c57a7349fa7bed23d0f7a8d8c7d4919fb7ecda2eda6714eb,1637,abc00000000011492009274090069890
Korea_TreasureProps/Textures/T_004_Helmet_NM.png,4e400bf7d5db29ef5083d0fd03888cff20f651fee35b77fb0873be3d7e130a07,5087573,
Korea_TreasureProps/Textures/T_004_Helmet_NM.png.meta,94533b28777e84736503d893654091f30b46d6e1317a7d5a9300fdca85b5dd6c,2947,abc00000000002928029657167057618
Korea_TreasureProps/Textures/T_004_Helmet_RN.png,8b39f41eb6ebbd404be932cfe9de2a7e4f500ab7666f9ee2422f368b2c0759e2,3325044,
Korea_TreasureProps/Textures/T_004_Helmet_RN.png.meta,cae7ad4983ad2173fb378a030f49e6195ab9e514941059c63d933518d60f4457,1637,abc00000000001576253206151809363
Korea_TreasureProps/Textures/T_005_Stove_AO.png,029acde80416ba4b55dd958cf176265863e63c9f8f3a9094559d26013be9b159,1905744,
Korea_TreasureProps/Textures/T_005_Stove_AO.png.meta,dd65c976c6736741869421d4a5d3944fd6285697738fa519ead2e49fdb853491,1637,abc00000000003434100618968889827
Korea_TreasureProps/Textures/T_005_Stove_BC.png,556af3667891d034c0f6ff799f740860a26ec816e986d4af381ca3a75e37e0e0,5270344,
Korea_TreasureProps/Textures/T_005_Stove_BC.png.meta,f06384d216d290ee7ef8ab596f990a845273bb616b53d79dc46c54156a1c1735,1637,abc00000000012161902898385584876
Korea_TreasureProps/Textures/T_005_Stove_MT.png,dae9f71fe3d0b4348255b25dc7a9fc2c7280aa3f307c7bd8487615e637e01a26,3878830,
Korea_TreasureProps/Textures/T_005_Stove_MT.png.meta,28da501e6c30fc20583dc8202a264bf52dd0fcba821a72a2e9366ff071dbcce3,1637,abc00000000011114433477083889674
Korea_TreasureProps/Textures/T_005_Stove_NM.png,05bac27b11c8f31e0feea9dd03b9b2ec6740d4b680181e4a5f7e84b69e7b2d48,6466896,
Korea_TreasureProps/Textures/T_005_Stove_NM.png.meta,31734625e4be4c9039ae2d41261c072a3a4deec602ec2a2653f3880925ed6762,2947,abc00000000004724109887363584266
Korea_TreasureProps/Textures/T_005_Stove_RN.png,e533712f46f55c834e52fa72aaf69d3ee4c68de1e5453924a24293b761346773,1739240,
Korea_TreasureProps/Textures/T_005_Stove_RN.png.meta,173e9bbd14e830f6199057474264efe6b70e52962a35324da0e46db98d28932a,1637,abc00000000018113746948112230459
Korea_TreasureProps/Textures/T_006_Brick_001_AO.png,eb571dfed78e3c7301ffe01ec45537e54a6a017c531b662daaf0c1d0bc8c70ef,853515,
Korea_TreasureProps/Textures/T_006_Brick_001_AO.png.meta,776ffa7fa0c9ec5489f71e21d880ce8ae35197b72c332f1cb0b189454fb41aac,1637,abc00000000000347694408300745541
Korea_TreasureProps/Textures/T_006_Brick_001_BC.png,14f609d5bf96987352f42f149952fc8fd4bf5e4511410f3f39aa3acae83a0560,3129826,
Korea_TreasureProps/Textures/T_006_Brick_001_BC.png.meta,e8e6c451ca4e403e58ff0a03f7a732d9c77a4b984026e070d23b922369164824,1637,abc00000000016564874166918809650
Korea_TreasureProps/Textures/T_006_Brick_001_NM.png,5c9d1aada9ad1a7b4c7c4d03dd95a6d930f02b8de4a920af855868925739b5cb,4553366,
Korea_TreasureProps/Textures/T_006_Brick_001_NM.png.meta,452a610b0833760e1b09d9ddb20e2edab5b3c0546b1814ac2db2cd03ffa8086c,2947,abc00000000014295090825263216012
Korea_TreasureProps/Textures/T_006_Brick_001_RN.png,1affd9a82d3cfb57107207ecc800a9af63c1510325d7d84ecaa7fa97603a75b3,1823156,
Korea_TreasureProps/Textures/T_006_Brick_001_RN.png.meta,97c9789528f5c4d81f82bfd7c4b75af6056df5995b6f58eae570f09d631c3371,1637,abc00000000009143039663067275585
Korea_TreasureProps/Textures/T_006_Brick_002_AO.png,0f5c6e32f59a9f00494cf091f27d7371ce3877e1821e348e9236bbd113eb0679,910750,
Korea_TreasureProps/Textures/T_006_Brick_002_AO.png.meta,49169712df4774c00e1ea8f36c85da3fd4d25efa9dc8d9d4dd48e700c3b3c619,1637,abc00000000010927902199159680930
Korea_TreasureProps/Textures/T_006_Brick_002_BC.png,ca543996bf10eff7e1383ed5ad92d9e90adfc1547c81bbcd11c738fa8bb2bc89,3505055,
Korea_TreasureProps/Textures/T_006_Brick_002_BC.png.meta,f1421b92eae48cf09194ca2fd2c2f4f98123d4de89f68cebb86c6a9db4894942,1637,abc00000000005771198257894541341
Korea_TreasureProps/Textures/T_006_Brick_002_NM.png,75ba240837a126e107236edbeacd4d8398d901323bcc2dbeaed42cb85cf03427,4385320,
Korea_TreasureProps/Textures/T_006_Brick_002_NM.png.meta,a6e762ca228e370143b4f7a5d25c1f3497620976d60ee986d6f15b3fb1378973,2947,abc00000000010042125370936960559
Korea_TreasureProps/Textures/T_006_Brick_002_RN.png,9fb8ee8c32c40c603fdb5165bfc3842564d61f81f9a4b96a214d0352410c061a,2298756,
Korea_TreasureProps/Textures/T_006_Brick_002_RN.png.meta,a745f02f7c01d8ea72b2d023681840bd97b1acb84574910c29be0ec182936838,1637,abc00000000000577429994693015734
Korea_TreasureProps/Textures/T_007_Statue_of_the_Buddha_AO.png,e5fc597c67f5d1c2234d1aebe6ffc23d8ddc35d20f687ffee09bf2b87b937469,1265960,
Korea_TreasureProps/Textures/T_007_Statue_of_the_Buddha_AO.png.meta,69cfff6cbd181ff3f093cc1566379f16e24ad639dd69f3f3d0c9d304afd5070a,1637,abc00000000012570218257062489717
Korea_TreasureProps/Textures/T_007_Statue_of_the_Buddha_BC.png,7d7e084746308955e49cb946f1c7374615cb703e4f88fa6a21ea9b93f1cd9ce1,4843313,
Korea_TreasureProps/Textures/T_007_Statue_of_the_Buddha_BC.png.meta,08fca4e91070f8758b553990d26b998259e97001b4e8d7dc90a503008a5a0d34,1637,abc00000000004199716656141122658
Korea_TreasureProps/Textures/T_007_Statue_of_the_Buddha_MT.png,f1a438df6641e33b45957635cf9635b8f477604fed70a70472c1206dbb91d8b0,866369,
Korea_TreasureProps/Textures/T_007_Statue_of_the_Buddha_MT.png.meta,eab1660dc2e43207bca30f01a4fdeb07946848535a0768ea30b980e03b874802,1637,abc00000000009875903198720429960
Korea_TreasureProps/Textures/T_007_Statue_of_the_Buddha_NM.png,58b2ae63eba76bc1526cd444066a303fa960a2633aded55b1247f9ecf4dab10b,6321722,
Korea_TreasureProps/Textures/T_007_Statue_of_the_Buddha_NM.png.meta,6832a6219ca0a385678138644b317bc6bfe07e78b7465af7d3b13fd3809d6503,2947,abc00000000001877011435634604092
Korea_TreasureProps/Textures/T_007_Statue_of_the_Buddha_RN.png,b9698b3a888d10ccefabc36ac6b73b3f62c5b845b9d0ce2597d69614886e7799,1295777,
Korea_TreasureProps/Textures/T_007_Statue_of_the_Buddha_RN.png.meta,e85f205c1271cb20d406920d7ecb4821db96ddc26107bbd783746d070c0ed41a,1637,abc00000000004337671410862808273
Korea_TreasureProps/Textures/T_008_Statue_of_the_Buddha_AO.png,b456be63e5f353ea2f566b8a6c93729a68dc122e2fa22805426d99a1caede936,1621278,
Korea_TreasureProps/Textures/T_008_Statue_of_the_Buddha_AO.png.meta,8889aaece7098957c92f2325c41d8e53bf5f7aaecdea5977543b62a18cfa8c5d,1637,abc00000000012228371096930994195
Korea_TreasureProps/Textures/T_008_Statue_of_the_Buddha_BC.png,0c623a352d5bae1cd9e84212d2f189d8f17101b6717a63289d9e077a4a4e5a4b,3965562,
Korea_TreasureProps/Textures/T_008_Statue_of_the_Buddha_BC.png.meta,091aa99561482f19bee3bb30e26b6fef3b0cfeadf029f132ba38378559c2517c,1637,abc00000000008397114061341346204
Korea_TreasureProps/Textures/T_008_Statue_of_the_Buddha_MT.png,7c1f2a25b1d6fc763dd7fc21a1a2c7e214b864fdd1b7570300782097109694a2,2437924,
Korea_TreasureProps/Textures/T_008_Statue_of_the_Buddha_MT.png.meta,cf41daed9bf9a7635d6e61350b7f951d24e660a38fa82840086ba5688db89b2c,1637,abc00000000015470726735022264794
Korea_TreasureProps/Textures/T_008_Statue_of_the_Buddha_NM.png,1eb08ab3834406000016939789d022fd6505304e737d32788e2a27d3dda804bd,4594045,
Korea_TreasureProps/Textures/T_008_Statue_of_the_Buddha_NM.png.meta,a5063571f6ab334ffc3627347d816067f0aff633b152ea25893d6d499916833b,3177,abc00000000013584761471003063674
Korea_TreasureProps/Textures/T_008_Statue_of_the_Buddha_RN.png,cc70271e2625ef90e25088771886483b3ba9cdec4fd0dfd767268fb6fe32c5ca,2603231,
Korea_TreasureProps/Textures/T_008_Statue_of_the_Buddha_RN.png.meta,6eefaf5ffe47dfd23c7a25a8e1bfdcd83371ff556716b1207381a60c2b5d5615,1637,abc00000000001197569837172116555
Korea_TreasureProps/Textures/T_009_Statue_of_the_Buddha_AO.png,3fba5b69c47e4a87354d5cb00c939dcf8de9a90e0a33b15d6a43111641089f26,1841694,
Korea_TreasureProps/Textures/T_009_Statue_of_the_Buddha_AO.png.meta,87ead953f837cb883bc9128de1af43791300f998a7656b63690210962704c6a8,1637,abc00000000006439686817718993445
Korea_TreasureProps/Textures/T_009_Statue_of_the_Buddha_BC.png,ad0323cf37ce1a9e51f128251e72072be22bf5e229233ac65d61346b870e9334,4444201,
Korea_TreasureProps/Textures/T_009_Statue_of_the_Buddha_BC.png.meta,ad8dfb9b7a5c696c00fa15f33f49184518b9f2a2628ca98b155b7bdf2147ea9a,1637,abc00000000004018161151691718546
Korea_TreasureProps/Textures/T_009_Statue_of_the_Buddha_NM.png,caa615b42662a9c1fd8266e029baa7565300ed33de9719e5ef9be338268f7473,5414472,
Korea_TreasureProps/Textures/T_009_Statue_of_the_Buddha_NM.png.meta,1a6cc907b78d922e17b69c858f80f32abf8f7b67a2fa0624de3ffa9ceb78b268,2947,abc00000000001940339160971912300
Korea_TreasureProps/Textures/T_009_Statue_of_the_Buddha_RN.png,f38622050f12f4304535f32f9ef82e3c8ee4b3d781865875dd425da4850062c1,1569473,
Korea_TreasureProps/Textures/T_009_Statue_of_the_Buddha_RN.png.meta,7adf8c732c0a7202ea37d79fec78f2e734956903732a0c32c5ad1df2a263145e,1637,abc00000000015235032072485523489
Korea_TreasureProps/Textures/T_010_Statue_of_the_Buddha_AO.png,023cb6fb76816e14b03c6f6cdec6697e4653f0e6cd0ec802cee7cd7a5e4a371f,1526786,
Korea_TreasureProps/Textures/T_010_Statue_of_the_Buddha_AO.png.meta,203aef6bb2900d2d4ad53b2c168025235611b77625c96c0b1692aa685e5e8788,1637,abc00000000005354065151215570033
Korea_TreasureProps/Textures/T_010_Statue_of_the_Buddha_BC.png,c0b0e768e3e8c5aa513f0e3dfe4df860ada422bacc9708df65c2b305c9bbec3c,4182802,
Korea_TreasureProps/Textures/T_010_Statue_of_the_Buddha_BC.png.meta,7f4920309525cad8aa1f232536a62c7b9ceb1b6af50a14c98001dc1a40c04ce3,1637,abc00000000005816295416041794102
Korea_TreasureProps/Textures/T_010_Statue_of_the_Buddha_MT.png,bd04dacfbf1665262c7927a09fbc774c2d963b2efa5fb792098082467bf2c0c4,3010505,
Korea_TreasureProps/Textures/T_010_Statue_of_the_Buddha_MT.png.meta,4ffbe9779c4bd2cf6f79a6d6913827e96cdf11fd489a4849e83c35d931902872,1637,abc00000000009659392466201194620
Korea_TreasureProps/Textures/T_010_Statue_of_the_Buddha_NM.png,44bfe18933ce9c944f23b2070ba41c45c27430c98f7d58895e806737731c4403,4881639,
Korea_TreasureProps/Textures/T_010_Statue_of_the_Buddha_NM.png.meta,080d432ffe0309cb8912a66ef5b9be88e5b8379c3fe20045dfd8ec5595605932,2947,abc00000000008835467175194810224
Korea_TreasureProps/Textures/T_010_Statue_of_the_Buddha_RN.png,b8686c9f1cf24dc158e71eb24a9b352171dcae7a69f0b062d41860452ac892d2,1681406,
Korea_TreasureProps/Textures/T_010_Statue_of_the_Buddha_RN.png.meta,24a95f8b41ad978d21006239925b16afd5e71038d0f2b6afa6b4f83a5b33b02a,1637,abc00000000011010063679243319709
Korea_TreasureProps/Textures/T_011_Statue_of_the_Buddha_001_BC.png,cff8f214b8c8be3a7f83d1ba349fb0ca65872e88a5475adedf264fc59c5f2578,4475523,
Korea_TreasureProps/Textures/T_011_Statue_of_the_Buddha_001_BC.png.meta,dccbe0f520b8c1b8b2e081b229566e3fd3fef66525685a0e655bf0bf73e06372,1637,abc00000000018336383811767127372
Korea_TreasureProps/Textures/T_011_Statue_of_the_Buddha_001_MT.png,4dc58143914a534ded2230032ab6459a33561d2c9c0a9174737e264a74ff3320,1887459,
Korea_TreasureProps/Textures/T_011_Statue_of_the_Buddha_001_MT.png.meta,0b7455c00355b2af083becbac7080f6387b3a5dab7fa3bb061f0d6f6caaedd4b,1637,abc00000000017792632658074745450
Korea_TreasureProps/Textures/T_011_Statue_of_the_Buddha_001_NM.png,6c2f948b6e4cd93e1a94857b9fd0d27b2a209ca9c05f1337520ca3cddd9ec26f,4623822,
Korea_TreasureProps/Textures/T_011_Statue_of_the_Buddha_001_NM.png.meta,a23f2ace30e9f7e86195310c6ed88e4669c21a8d73478431d662dbec8452fdee,2947,abc00000000011402309068354440042
Korea_TreasureProps/Textures/T_011_Statue_of_the_Buddha_001_RN.png,3606be27bf87524f7780460f7147b3d813aa4ca520690b4e0b426d8f5fd8b734,1117812,
Korea_TreasureProps/Textures/T_011_Statue_of_the_Buddha_001_RN.png.meta,ee96ca902765e52ee09a66fa8b8fd0d918c02e07cb5d23ac948898f48f6c784d,1637,abc00000000006153240704457747227
Korea_TreasureProps/Textures/T_011_Statue_of_the_Buddha_002_AO.png,5579743ef660547e3928c46ee8d45e4f2fea35587a198ae8816cabb33099685d,2129514,
Korea_TreasureProps/Textures/T_011_Statue_of_the_Buddha_002_AO.png.meta,9035002b2e26b913e6d24f3ea9349c6be97628aff934ff2daef9ee7c38d9a71a,1637,abc00000000007496307429049970324
Korea_TreasureProps/Textures/T_011_Statue_of_the_Buddha_002_BC.png,af76fd87262c4a263e6dc47141cf1659d01fa97b3d26bd27df315fcaea211092,5540033,
Korea_TreasureProps/Textures/T_011_Statue_of_the_Buddha_002_BC.png.meta,b3daaa1ff69d80bccf93ca3443c105646ee340ddedcc6eae151c8072d1bc65fd,1637,abc00000000014417713007656996523
Korea_TreasureProps/Textures/T_011_Statue_of_the_Buddha_002_MT.png,4315a717cbc397960734b3fff50da365867128cb6f89f11aeaeebf55f2607af5,2273014,
Korea_TreasureProps/Textures/T_011_Statue_of_the_Buddha_002_MT.png.meta,d901c7c6d8ba3c136a6abbec41ab80a94dc78b90020644dfb60f798748406010,1637,abc00000000003865290614214886713
Korea_TreasureProps/Textures/T_011_Statue_of_the_Buddha_002_NM.png,878cd408146fc6be02ee7203b62ebf2f95c5025a2121e7bc06ecad7b440d4ff0,6217508,
Korea_TreasureProps/Textures/T_011_Statue_of_the_Buddha_002_NM.png.meta,d3d79eff27540168a23975139d7c7910f2d6dceb643154167f8cc528b54860e3,2947,abc00000000011807072623472768793
Korea_TreasureProps/Textures/T_011_Statue_of_the_Buddha_002_RN.png,eb853205860b30a286b06527270869a91a35811d272a45348a38dec27e59c2ef,1703693,
Korea_TreasureProps/Textures/T_011_Statue_of_the_Buddha_002_RN.png.meta,41a4655920c2f155f0ffdf5ec1f659b04b37eb13579a6a08ece70c08eee2826b,1637,abc00000000008404577781739467356
Korea_TreasureProps/Textures/T_012_Gilt_Bronze_Shoes_001_AO.png,96d0c7775823155e3710bcadbda98519e90f23d0b0d2b2f1cb6514a74a2153c9,823914,
Korea_TreasureProps/Textures/T_012_Gilt_Bronze_Shoes_001_AO.png.meta,20d9153baae2aa1e582e8c5174da2236309ad0f5d65dda9c14c1615a3bd7af6a,1637,abc00000000008374753194886072366
Korea_TreasureProps/Textures/T_012_Gilt_Bronze_Shoes_001_BC.png,7c3035c967029941230e7f77d204af5f159737887acb5d6fa14d7b5b10ce9fcf,2246458,
Korea_TreasureProps/Textures/T_012_Gilt_Bronze_Shoes_001_BC.png.meta,d5483a08aac993216a5c882a8a74c7873077e2965e75df369d4a8783de3ffdc9,1637,abc00000000016745254795807439425
Korea_TreasureProps/Textures/T_012_Gilt_Bronze_Shoes_001_MT.png,a9cec34b2e33fc65e45846c4f1f69e8e0cb18d29a71d1930bb06ca799ff8cc13,1376234,
Korea_TreasureProps/Textures/T_012_Gilt_Bronze_Shoes_001_MT.png.meta,b81fcd97e68207cec52e9fea3d0ce7c2fce903e16d8723b69270d92f9653dbf1,1637,abc00000000017791788039149531479
Korea_TreasureProps/Textures/T_012_Gilt_Bronze_Shoes_001_NM.png,1248d39f413c1a1bc767cf52fc768d929754bb28f402d07cbdd49b1156b576ff,2744468,
Korea_TreasureProps/Textures/T_012_Gilt_Bronze_Shoes_001_NM.png.meta,6d66707e0490216e171f4c0222e638a21546a5f5e8d5873af9298349e0ee7028,2947,abc00000000003043379860685794195
Korea_TreasureProps/Textures/T_012_Gilt_Bronze_Shoes_001_RN.png,100a093f1c4ad38d4d76a05fb26b1bab6916d596b3af4618667393cb658f346f,997478,
Korea_TreasureProps/Textures/T_012_Gilt_Bronze_Shoes_001_RN.png.meta,063a0d13da9a6ca64916a1cf1001044c27950ec16261f5cfa5d4e19fa8c28e21,1637,abc00000000005720345225949421874
Korea_TreasureProps/Textures/T_012_Gilt_Bronze_Shoes_002_AO.png,9636b42bcafb10d5152f1c931f75ed4381248733cc0b28048f367f1c23f6e0c6,800008,
Korea_TreasureProps/Textures/T_012_Gilt_Bronze_Shoes_002_AO.png.meta,27ed533cf4964cd94f18948e282bb852179a50062863b99ae02004c931a2e802,1637,abc00000000003624358088975690385
Korea_TreasureProps/Textures/T_012_Gilt_Bronze_Shoes_002_BC.png,c9df75ce6849d1096732498aa533b57be724970b54247b810b296a802e269e56,2275254,
Korea_TreasureProps/Textures/T_012_Gilt_Bronze_Shoes_002_BC.png.meta,f75c22fc7887903003452bbca9d8e9c63aeb2333d3f555581deebb83e8651b07,1637,abc00000000017058803622618853206
Korea_TreasureProps/Textures/T_012_Gilt_Bronze_Shoes_002_MT.png,09201d64772186c16c8cac4ba91776e0d4a404f43c6dc097dbffa6d3aa9ad083,876480,
Korea_TreasureProps/Textures/T_012_Gilt_Bronze_Shoes_002_MT.png.meta,9a6a1cd3af2209c50bc1098219515cee226a94beb88d444e6fa6c58633a4ce88,1637,abc00000000014230948328940352284
Korea_TreasureProps/Textures/T_012_Gilt_Bronze_Shoes_002_NM.png,2fd6f4d79aa84e633895f59460f1536705490e2b883cd455eea864b3ce820ec5,2744736,
Korea_TreasureProps/Textures/T_012_Gilt_Bronze_Shoes_002_NM.png.meta,74eb5d4c722abf1d546a89d4c9334253946afb4ec2cd15b5e857e5b55c735739,2947,abc00000000013532110701982941712
Korea_TreasureProps/Textures/T_012_Gilt_Bronze_Shoes_002_RN.png,c15a4e489068e4c438ca80e70164425416ef2ec30c96cb9d9c3ccc5f27b4bb97,1033376,
Korea_TreasureProps/Textures/T_012_Gilt_Bronze_Shoes_002_RN.png.meta,6e384a169b8ee54d101807ccd977d2fa166bf4cd7694e4f8ac424b2d258f7bac,1637,abc00000000015706707206031451197
Korea_TreasureProps/Textures/T_013_Statue_of_the_Buddha_AO.png,d1f84b60d73b9376af78570d689896ef27e61587759a935028b95658d261ddbf,1753654,
Korea_TreasureProps/Textures/T_013_Statue_of_the_Buddha_AO.png.meta,1abca840812dbcd650b61b36b0422c3abd98fc8571d50dfcd6743590658e5614,1637,abc00000000017603622766097523235
Korea_TreasureProps/Textures/T_013_Statue_of_the_Buddha_BC.png,3644b5124f4856c8d285d0a3c54daf4432c09531c58878979424915198608620,4828456,
Korea_TreasureProps/Textures/T_013_Statue_of_the_Buddha_BC.png.meta,7e02781915ba4163495bf4c92d0f7451bdc27d0153c53bf99a3cd82e47c7076e,1637,abc00000000013873905505133356076
Korea_TreasureProps/Textures/T_013_Statue_of_the_Buddha_MT.png,9b1adf1b11562c7f4a5eefb8b607e98c84d085fe31e34cfa72edae6db6ab180b,3668910,
Korea_TreasureProps/Textures/T_013_Statue_of_the_Buddha_MT.png.meta,0a85ea7c36e45a51de77f0119245404ca8995947a3f2db99d3030e81f52ca14e,1637,abc00000000006836930075526149450
Korea_TreasureProps/Textures/T_013_Statue_of_the_Buddha_NM.png,b322792de9539df28a512c47dad103507644b7f1e810b4702b01f87d02025787,5525208,
Korea_TreasureProps/Textures/T_013_Statue_of_the_Buddha_NM.png.meta,96fc5108b4321237e4791bb2fbf8b6624710bea2e667d231342a3769ab0f83e5,2947,abc00000000000446606485805844042
Korea_TreasureProps/Textures/T_013_Statue_of_the_Buddha_RN.png,40daa77abbb0187c08f0e2da17d13d8a96b8ec96ee992bb0ced571da05a353be,2596645,
Korea_TreasureProps/Textures/T_013_Statue_of_the_Buddha_RN.png.meta,03a59d2533b9db0d8aa932d22228490c19b6548b068a2d499bde63807541b8f9,1637,abc00000000013980968381154880635
Korea_TreasureProps/Textures/T_014_Statue_of_the_Buddha_AO.png,6b8a21bd2be12050578580b0487a003b005b79df8192498f57449919b928ed74,1354060,
Korea_TreasureProps/Textures/T_014_Statue_of_the_Buddha_AO.png.meta,00adde8b479b0679a3c8fa9a3f179873103fd1a7ce5ac81ddac641021548676d,1637,abc00000000013897094411220931657
Korea_TreasureProps/Textures/T_014_Statue_of_the_Buddha_BC.png,5346f70421b9bf167bfdac661483bbb35ec18966e137dbd884f18a767592e053,4632059,
Korea_TreasureProps/Textures/T_014_Statue_of_the_Buddha_BC.png.meta,3bf9592894dde20be09efe8537593cb6637eacffe868ca55f79c50a8dc1a3925,1637,abc00000000013657429920470472542
Korea_TreasureProps/Textures/T_014_Statue_of_the_Buddha_MT.png,71ed1eda6415013d464dd854dbb3266c092984f4ddc3e8fd0711c43ac8643359,2540145,
Korea_TreasureProps/Textures/T_014_Statue_of_the_Buddha_MT.png.meta,4d32e635545be3b40c2ba67cc993c1ce714ab8ae9146fbeb6fd79a0823e9ca20,1637,abc00000000013624108642595752180
Korea_TreasureProps/Textures/T_014_Statue_of_the_Buddha_NM.png,08b1cb1e7b264e1845539dc7a073c42b64c96993eddf537887793417710b87cc,5382627,
Korea_TreasureProps/Textures/T_014_Statue_of_the_Buddha_NM.png.meta,002289cc6c1f75d97985cdcb9bf236e3a6c4e6905da01d9f1df82037f92278c2,2947,abc00000000016789193408988469944
Korea_TreasureProps/Textures/T_014_Statue_of_the_Buddha_RN.png,aadcf6aecfb64ce4f0f71637e83f62ee6cf48f56b1deaa5f99b4574ba1958cbb,2458394,
Korea_TreasureProps/Textures/T_014_Statue_of_the_Buddha_RN.png.meta,beda8f115b65eb67e457bab70b6c798f42210fb51dcc8b16c2924ccfea561759,1637,abc00000000005831503314445589781
Korea_TreasureProps/Textures/T_015_Stamp_AO.png,067d5c081207dedd3e3b67bdf875e8bfbb0bc11bbc7b51380add9b0fc5f68b83,1402047,
Korea_TreasureProps/Textures/T_015_Stamp_AO.png.meta,51ae9357290ba1e2a07d282ab9db96e1ab29b7da5788112bdc2328259be71389,1637,abc00000000004092707411504503391
Korea_TreasureProps/Textures/T_015_Stamp_BC.png,d45d3ff647e4ebbcf0f8b7e7c3d734254651173145bdd95ec9efaa1d096f3e60,4868114,
Korea_TreasureProps/Textures/T_015_Stamp_BC.png.meta,e4afb7c790a8f5c8e0de749002b980fe8f38813f716f42cd02eb02fc68ad9b99,1637,abc00000000013798261316849327664
Korea_TreasureProps/Textures/T_015_Stamp_MT.png,cc6c7c9024b225626d5439e5ed10079bddea7dc101e5467ea11b880e60091d21,952959,
Korea_TreasureProps/Textures/T_015_Stamp_MT.png.meta,0a75500ae942e36fbfc25118539f14180ad5806957905c5c96e93cd350e28455,1637,abc00000000015608938330312054766
Korea_TreasureProps/Textures/T_015_Stamp_NM.png,75bc480fbc7811b021f8ff9bb7db87ca925ec78a85f16957addb1b0c87728ef0,5683559,
Korea_TreasureProps/Textures/T_015_Stamp_NM.png.meta,c3731954665acdd1b0e9f61e852312147985ece046e6a2623e2aee677c19d7bc,2947,abc00000000007547360755316434190
Korea_TreasureProps/Textures/T_015_Stamp_RN.png,7a13075212b8fde9ca73f3ade6cd8a674f88f974d41ea5e16f514c980498d816,1427837,
Korea_TreasureProps/Textures/T_015_Stamp_RN.png.meta,b58dab16759fedad0863f9314428eb9fc61692ba1be28ae93a0fc6b79adc512c,1637,abc00000000003780158883959070263
Korea_TreasureProps/Textures/T_016_Stamp_AO.png,2a50c6830a87fc0f43997b4b4f573a6c85fde8fd0b7c0ef4ce3d021ec5809913,1286539,
Korea_TreasureProps/Textures/T_016_Stamp_AO.png.meta,5de92d4777ec697aaa28a8cb991572bf9ebb9922abdae9118dcc5dcaecb4e0ea,1637,abc00000000000017193367000706013
Korea_TreasureProps/Textures/T_016_Stamp_BC.png,c43868163689618dd09a165213b2958adca55f70575e7f6bd7bc848a41cae11a,3161183,
Korea_TreasureProps/Textures/T_016_Stamp_BC.png.meta,c7ced19f04724eb78276819857a8ff2d825b06ebb85e07414b6fe349756ccbb8,1637,abc00000000005039238825714781498
Korea_TreasureProps/Textures/T_016_Stamp_MT.png,eed9172d268f7facd8a55b5487d5abdf7d1f1b706e62c6aa5357477aaeda7cee,1006372,
Korea_TreasureProps/Textures/T_016_Stamp_MT.png.meta,511352676a87875599b75c70262ba01cb8faa8944dde02acd21e13f7529c825b,1637,abc00000000014376192844281448336
Korea_TreasureProps/Textures/T_016_Stamp_NM.png,6f68a26d611f4cb12027e2b4a08f97dcf2602a2da5101f2852081de5a0308f29,5308677,
Korea_TreasureProps/Textures/T_016_Stamp_NM.png.meta,f08b70a6630c0730e8dc2c75ff096c5e16da39cff2aec769b8e23508a81a5b1d,1637,abc00000000015272411591941395764
Korea_TreasureProps/Textures/T_016_Stamp_RN.png,9fc4c278eb6ae4abde4f2758d0e1b565a7a29a22b67506332249f91bc4115447,829924,
Korea_TreasureProps/Textures/T_016_Stamp_RN.png.meta,c637eb4ef80a0e055ef5d4453b3f2178fab90c0129330ee7b3818272f19cecdb,2947,abc00000000001312033898591361721
Korea_TreasureProps/Textures/T_017_Storage_Box_AO.png,58f2519562e27e395253da819673c4c504ba87d852b5f4574a914ee011c19ae7,646307,
Korea_TreasureProps/Textures/T_017_Storage_Box_AO.png.meta,9dcc682152a8242a260f51a80bb0ce3ee54a28c52ce5f42da0aa9407f857b0f0,1637,abc00000000010760435757845713483
Korea_TreasureProps/Textures/T_017_Storage_Box_BC.png,e4f8a021139de4ff59991b49e3f3a0910ccc924b5fd00477435c50f31d77928e,4771995,
Korea_TreasureProps/Textures/T_017_Storage_Box_BC.png.meta,7bc042b07780ec8ef107fd06283ef81f50f678bc2c10213bb65fe066710c2c62,1637,abc00000000009245698380083945380
Korea_TreasureProps/Textures/T_017_Storage_Box_NM.png,8c5d6cc433b8019907114580f77c6eef109646a447af0573de1e7beebc8c31eb,6580585,
Korea_TreasureProps/Textures/T_017_Storage_Box_NM.png.meta,0dafb6662e36a6997328ee832f3e7b22958c80e0c3e9cb929c275dea40cd0f75,1637,abc00000000014207276301657250594
Korea_TreasureProps/Textures/T_017_Storage_Box_RN.png,a10ed29196ef71ac3c34c21dc036e01e85eed4ff84dd900e9fa77fefa7fb363c,1533518,
Korea_TreasureProps/Textures/T_017_Storage_Box_RN.png.meta,54c8c1c67e4e8c41ce9d957fcc26b9601d49e0e81e0252c200df7208971963d7,2947,abc00000000017694725742902789955
Korea_TreasureProps/Textures/T_018_Pillow_AO.png,40fe70598593bceb61db66f66ec9167ecdb9684aed117a1cd10504739b2cf06e,1759079,
Korea_TreasureProps/Textures/T_018_Pillow_AO.png.meta,19b98401d0e101c577cec10b478826115e5ab27efeedf804eafb245c7920cd3e,1637,abc00000000018182388809351602067
Korea_TreasureProps/Textures/T_018_Pillow_BC.png,a567428e99fd8f870d02f8ce3edf80f67804cafa153a85fab904ac5303cb4b94,4544159,
Korea_TreasureProps/Textures/T_018_Pillow_BC.png.meta,685c156f6b1c4364538a97cf0f622cb56479db09d0125ac3409846dbcf404438,1637,abc00000000014351131773761954076
Korea_TreasureProps/Textures/T_018_Pillow_NM.png,e126d3e98080581a2163d1483fdca60ffbbfedb5c8e22ecee068bad581d928d7,6145562,
Korea_TreasureProps/Textures/T_018_Pillow_NM.png.meta,77cf766ccc9c2b7ddceb114057a51977a65af5703e2fe0f3b38d23697fff705c,2947,abc00000000001092035109714119930
Korea_TreasureProps/Textures/T_018_Pillow_RN.png,cf27f1c641baf457ebbd340589d414bcb6cbf9e022f3335754ff2dd5dbfe331e,1143021,
Korea_TreasureProps/Textures/T_018_Pillow_RN.png.meta,6d608b2794c8311de0ac932a888bbc9f217a84bc1e20dbe4d37035d25773578f,1637,abc00000000007151587549592724427
Korea_TreasureProps/Textures/T_019_Golden_Crown_001_AO.png,ce54b8c8668a9994dd9e741ab0a239daea70721d617bff2a0d29936c2e438801,2577061,
Korea_TreasureProps/Textures/T_019_Golden_Crown_001_AO.png.meta,7575d199ca079d9c62d92b64cf1f7301f9a3813bb690d9eccf2a4a77d09d402c,1637,abc00000000007616016540295779453
Korea_TreasureProps/Textures/T_019_Golden_Crown_001_BC.png,4d5ccd7ce58e72a7b88e43edd58a28689361838436cf33693fb4d1e074d28ebc,5379320,
Korea_TreasureProps/Textures/T_019_Golden_Crown_001_BC.png.meta,5abb2516457e0e9baf3a59f1c576ac3735f282e77d053085b0e715ff3fc181a1,1637,abc00000000006092197319220927322
Korea_TreasureProps/Textures/T_019_Golden_Crown_001_MT.png,f8a59ebc546f8b9caf816a6c0ce4b68df17e0ab3a65b96967e5529a6b3e07ad0,2897068,
Korea_TreasureProps/Textures/T_019_Golden_Crown_001_MT.png.meta,7d61b3364cc5f352828f6b4c923045825ed8f8f572572103c4d5e83e9210b2a4,1637,abc00000000015237189986851806768
Korea_TreasureProps/Textures/T_019_Golden_Crown_001_NM.png,c5d6d6d3f022d99ee886a5a11543b732592c98f4f21e2cf609b46f0a55d46598,4896060,
Korea_TreasureProps/Textures/T_019_Golden_Crown_001_NM.png.meta,d12ff44233451895115bb74637aee1714c5fb37edad99cd16f0c9ff03391a67a,2947,abc00000000003598038046417315156
Korea_TreasureProps/Textures/T_019_Golden_Crown_001_RN.png,6dc9cac68e5cfe84afe6db270499e7ac25969eae233cb5a47deb877e9582c180,1983025,
Korea_TreasureProps/Textures/T_019_Golden_Crown_001_RN.png.meta,eb4002dae2ca697b7fe5748721ba3462b44dd1546d9d67b3ae98dfaf77831bc2,1637,abc00000000008665973842099722841
Korea_TreasureProps/Textures/T_019_Golden_Crown_002_AO.png,e8fbdaa582f441b023605ac1d7f7ae415b2296b931c95045c634c556424d9271,1197069,
Korea_TreasureProps/Textures/T_019_Golden_Crown_002_AO.png.meta,aaf78e13acf2a453d46815aa920d6e1e6abad40bcc03f2960b46b0292360cf9e,1637,abc00000000001257277493825080410
Korea_TreasureProps/Textures/T_019_Golden_Crown_002_BC.png,845ecc45219773716d8b91b56dab87f0e2a955b2d4bcb106fc6baadf8eb83226,3128017,
Korea_TreasureProps/Textures/T_019_Golden_Crown_002_BC.png.meta,3f4536ad401d68e6f3f37b683a73942e1d04b0e3bafd1c9047378216221c94cd,1637,abc00000000016930429496007363877
Korea_TreasureProps/Textures/T_019_Golden_Crown_002_MT.png,6c342b6136ce8e3b7caeb14247d68487f9639841db2b62b337a09e0b9afbcd0d,1642750,
Korea_TreasureProps/Textures/T_019_Golden_Crown_002_MT.png.meta,4608d94592700626bab88c696f0a556caf15992f90aa654522cb4d4bea6eecb7,1637,abc00000000009296570237993976267
Korea_TreasureProps/Textures/T_019_Golden_Crown_002_NM.png,32e2048ab321fc297907db3dcdca517eb54d9129e33591f3ab8013670bde98b8,2342297,
Korea_TreasureProps/Textures/T_019_Golden_Crown_002_NM.png.meta,c602279f9939c326d589f9481c1479c699769ff6945fdeb761feb617a62903d6,2947,abc00000000002489277171881789655
Korea_TreasureProps/Textures/T_019_Golden_Crown_002_RN.png,a4acde81236d372ac849a061a3f4b1ee540bcc8341c4413bf0d2c21185a883be,1074672,
Korea_TreasureProps/Textures/T_019_Golden_Crown_002_RN.png.meta,5f23b2704d219370d9f99f86e64e697f1ed4ba63489226ff1c89a6e1cf942c2d,1637,abc00000000017143644964608102030
Korea_TreasureProps/Textures/T_020_Saligu_AO.png,0aed3b568658f9cbfecec55119a1158114ecc35db922d30c04201f76e7677b38,1134020,
Korea_TreasureProps/Textures/T_020_Saligu_AO.png.meta,de8e39afadef117b9f31b0b40ec73e1e550b033597d8316cf796f925b428bd06,1637,abc00000000010740080562827037557
Korea_TreasureProps/Textures/T_020_Saligu_BC.png,7dcbd6c6af1dc6da76815c8f830d0f5b6366e057d26f3890591c4064e49adf7c,3388767,
Korea_TreasureProps/Textures/T_020_Saligu_BC.png.meta,f6457618966e5c26df4e24c134c738c0db2d718a18692092e35417b51b59c6c0,1637,abc00000000002369578961905670498
Korea_TreasureProps/Textures/T_020_Saligu_NM.png,2583fce497edaee97242f58cf1ccb51215338e2c3d3fba690b9b10ba444f6a65,4152257,
Korea_TreasureProps/Textures/T_020_Saligu_NM.png.meta,f17f2341586870bf1c8306dcb37e76d0a89d1462b5de6d940a763f010bbca7c7,2947,abc00000000000046873741399151932
Korea_TreasureProps/Textures/T_020_Saligu_RN.png,b3a62bdd180942ef478f56a70918e7d2f40a661eea6bcfeb679ad63c68f90c5d,1149283,
Korea_TreasureProps/Textures/T_020_Saligu_RN.png.meta,a57295c62b500f997c472e06b5d1cdfba6b55e2c49c520b6155c37ae39f3e2ed,1637,abc00000000002507533716627356113
Korea_TreasureProps/Textures/T_021_Saligu_001_AO.png,c6ce8c211992e6eda5571941030a5ccfe511264bb725a046f327e39c9a656da8,551173,
Korea_TreasureProps/Textures/T_021_Saligu_001_AO.png.meta,56b4b737eba346e47c9026ec334cbd8f689113dec2fa079e9870fb93b263be7f,1637,abc00000000012323240398212753609
Korea_TreasureProps/Textures/T_021_Saligu_001_BC.png,84687229ce087ed9ad480858f13843e1d41e75885cfab8aa577b5487db13ff50,1866973,
Korea_TreasureProps/Textures/T_021_Saligu_001_BC.png.meta,9cf9373a427e0e01434c52b8e4abf0a7919cc7e402a4f0bc9527817dedd0c487,1637,abc00000000012083575907462294494
Korea_TreasureProps/Textures/T_021_Saligu_001_Lid_AO.png,798654a17a5c774089913dc6c758ece7c31345e2f1479635605e09b3a8d0d64e,603108,
Korea_TreasureProps/Textures/T_021_Saligu_001_Lid_AO.png.meta,8a001c7a5c6c79970b294ee27a9311af1b95acb4cfae5afb9ae526e149e3b580,1637,abc00000000010544144146504284059
Korea_TreasureProps/Textures/T_021_Saligu_001_Lid_BC.png,c3b0ccb493c702fe2640ada863e175a58ed05401f9e470af9869979fdfd17a85,2157670,
Korea_TreasureProps/Textures/T_021_Saligu_001_Lid_BC.png.meta,4f6c6c105ee1a799241fc298a2ed6ced15859b39e605496654432d316d883cd7,1637,abc00000000015170062579595573492
Korea_TreasureProps/Textures/T_021_Saligu_001_Lid_MT.png,829bb7ed8976c7793e7479e608e2a18d45814a8e9ca6196c5d05710d05d6084e,939095,
Korea_TreasureProps/Textures/T_021_Saligu_001_Lid_MT.png.meta,c22985a94a804b7a1d069fa9b9c9a960941c12869111c1dffeaf1a335c0ad4e3,1637,abc00000000016771192834747773986
Korea_TreasureProps/Textures/T_021_Saligu_001_Lid_NM.png,595cd175634306a124b3e2049f23fcd12c0d1f51c15a806fb3bdb3a62e56d212,4050828,
Korea_TreasureProps/Textures/T_021_Saligu_001_Lid_NM.png.meta,c4d16968f245f2ae73cade5f6dafaa5fddee13030d82feccf3d5fa29aa08fd99,2947,abc00000000014310547954375661682
Korea_TreasureProps/Textures/T_021_Saligu_001_Lid_RN.png,0797f62557ef6dc9a8ec7f25064f27bbe011a63b02d162d5700717c8cc0942be,1617332,
Korea_TreasureProps/Textures/T_021_Saligu_001_Lid_RN.png.meta,07391ae15636f47eff8c815af62c8845f74d6b522b2f9a18640432949f922bf7,1637,abc00000000000746416667743085555
Korea_TreasureProps/Textures/T_021_Saligu_001_MT.png,9dfe27f090fb1bc67c7896582b4ea19c34f167daacd22976ef69ae8ba5b5b09c,1172822,
Korea_TreasureProps/Textures/T_021_Saligu_001_MT.png.meta,d713f6a2b965263e7ca9044c30b9f72f8b25cc4b5a1ca0696da65033bf28d4a8,1637,abc00000000012050254629587574132
Korea_TreasureProps/Textures/T_021_Saligu_001_NM.png,d8a843570c90830a12cd3d4d0701f4b239c6bafec3755fd4ea2cb838ac4896dd,4016615,
Korea_TreasureProps/Textures/T_021_Saligu_001_NM.png.meta,3d65d4b7c03e3b7615f86eb59a1f316a9e7b1c541319e2f7fafaafa94507e6b0,2947,abc00000000015215339395980291896
Korea_TreasureProps/Textures/T_021_Saligu_001_RN.png,03738efe5730041c84de5252d7a0cf94e46d488301e700fb8690158bf8e0e53d,1778662,
Korea_TreasureProps/Textures/T_021_Saligu_001_RN.png.meta,ad3d80df717ecdd4ccd1e5dfab6b286ee56bbe9beb905bf73a6281fcb8d7a1ef,1637,abc00000000004257649301437411733
Korea_TreasureProps/Textures/T_021_Saligu_002_AO.png,453e331de8c5796b28bfa04deb1cffc9cb12c16ad5afa20568123b85ae7e7f8f,292366,
Korea_TreasureProps/Textures/T_021_Saligu_002_AO.png.meta,749674725cb4dc1a81eaaed7309b37d76e9eebf4c399b4eeef07296b5110c5d6,1637,abc00000000011624744537435610694
Korea_TreasureProps/Textures/T_021_Saligu_002_BC.png,c70304e9498125c71421c2827d47c73946f6a137f88de8d5afdf983fab6aa6e5,1488430,
Korea_TreasureProps/Textures/T_021_Saligu_002_BC.png.meta,822c6a55348ae637c6316d39313096d65955abd3b4ac598714f5b74dee614d44,1637,abc00000000002134506757893287305
Korea_TreasureProps/Textures/T_021_Saligu_002_MT.png,d6f792a181d589c32a6eb0b9183f71410fbfab8cf380a7428c49419cfda3ee94,901719,
Korea_TreasureProps/Textures/T_021_Saligu_002_MT.png.meta,12040d2694fc139214b4b8b736796110b379d03da2c66546f9b157143a7b4254,1637,abc00000000005532264802149711791
Korea_TreasureProps/Textures/T_021_Saligu_002_NM.png,64fb8403b30e412d44b49ee7347b3997ba52791751718e98bc73677d502e170f,2533017,
Korea_TreasureProps/Textures/T_021_Saligu_002_NM.png.meta,7e90eb6d28edfbe81941243f5620dd53b03fe4c41dd772f380e3ca1fa3db1a2e,2947,abc00000000005433833465909033371
Korea_TreasureProps/Textures/T_021_Saligu_002_RN.png,eff23a75bdae570c4c9b82a798c0c76d7fa638b53416f99d28bfa5eda4d5f4eb,1277140,
Korea_TreasureProps/Textures/T_021_Saligu_002_RN.png.meta,8695f21dafd18a93fc3928d5135f1fa835aa83f71c9720c8f811e6240af89b1d,1637,abc00000000018050518631210541962
Korea_TreasureProps/Textures/T_022_Saligu_001_AO.png,223d208be0337c71b39c44728fc121bf0ded1d3e1af268ec84f9758b6bfc7bc1,488047,
Korea_TreasureProps/Textures/T_022_Saligu_001_AO.png.meta,7e045670c109727a66b934e90f25f36d5327ae3c9deac50f26d12923061fee6b,1637,abc00000000016782157784844867025
Korea_TreasureProps/Textures/T_022_Saligu_001_BC.png,37d54ad3b38c0789f9cf506abc82605ff5157e75cb0a20b382887b3497d55061,2912645,
Korea_TreasureProps/Textures/T_022_Saligu_001_BC.png.meta,aac53d8e63d1b1e5ba37690c6d00b00ccaf0e0de5abd9a15c7e3c09368d8db20,1637,abc00000000011135086475627841174
Korea_TreasureProps/Textures/T_022_Saligu_001_Lid_AO.png,e7d64eea42dbd77c50370df62cc410c826ac1de1ce8d92a80d37a93408020841,501365,
Korea_TreasureProps/Textures/T_022_Saligu_001_Lid_AO.png.meta,36527a8ff769628e2b7f37df01cd50a843626d25025fe5b31ff187393f572e2c,1637,abc00000000000673371390652789139
Korea_TreasureProps/Textures/T_022_Saligu_001_Lid_BC.png,93533fb53e751ec1b9d5065c9716ac1bd08c6687bd9d4b57bbb9ddd6a899cc83,3078546,
Korea_TreasureProps/Textures/T_022_Saligu_001_Lid_BC.png.meta,d99d86c5609f0921c0aca9746e7e6baa028d0ef71461bb0e8783ac017c4f6981,1637,abc00000000015288858428772692764
Korea_TreasureProps/Textures/T_022_Saligu_001_Lid_MT.png,734bfa037fb9ca9ee0492227159b2f225397ceaea9a9f875580b34b33107606a,1876255,
Korea_TreasureProps/Textures/T_022_Saligu_001_Lid_MT.png.meta,007785f643b52994d8ebf2fc8d5deb17809db841751e744a28b758426091ecde,1637,abc00000000003915727028744059738
Korea_TreasureProps/Textures/T_022_Saligu_001_Lid_NM.png,7922ae7dfd0704465fb1ad1c7619f71914d93fa244cc7f2594560e963995795d,3706287,
Korea_TreasureProps/Textures/T_022_Saligu_001_Lid_NM.png.meta,a593a07bfbd77ac165c98eb51031001cc1ce6974f4c941d4cfdd7369ee788d1e,2947,abc00000000002029761764724858618
Korea_TreasureProps/Textures/T_022_Saligu_001_Lid_RN.png,d19b7506e4fa0ad7efbeb2146e9052f8a0ea70a9ec202dc2430bc815bb955e1c,1498755,
Korea_TreasureProps/Textures/T_022_Saligu_001_Lid_RN.png.meta,15a161e04313f25f310ca4c47dc44bdd741b9704d04224e79055a741481ae1f1,1637,abc00000000008089314204603463115
Korea_TreasureProps/Textures/T_022_Saligu_001_MT.png,b0cabed127c2a637fc9bb9d59f54e6faea356833999cb287a386bd2063e35f72,1986541,
Korea_TreasureProps/Textures/T_022_Saligu_001_MT.png.meta,eb1e8a6b31c08d8df5a956fac416af92fec57c8741c1c2acbd57b82f0eb5edb0,1637,abc00000000008941722476123155292
Korea_TreasureProps/Textures/T_022_Saligu_001_NM.png,08149ae6cb047feb19b6e115c945970922cf79143676a00394b3b7f438fe813e,3444889,
Korea_TreasureProps/Textures/T_022_Saligu_001_NM.png.meta,6576359474c23121d09bb53e4ecc3fa171dd4cb6b6973a1c6da3c5b71b8fdca2,2947,abc00000000007998283094355854416
Korea_TreasureProps/Textures/T_022_Saligu_001_RN.png,aa805db2157b5c12c9e133711e7d8a9c5f25c721464618ad24c29b3c9d25d6a8,1323288,
Korea_TreasureProps/Textures/T_022_Saligu_001_RN.png.meta,c0df61235ea4427d16174b108fdbe171194ec51fae6120c866700e6f284cf174,1637,abc00000000010417481353214254205
Korea_TreasureProps/Textures/T_022_Saligu_002_AO.png,f029a08ee5e7f2220902189b274b73f7e54ea1b3d4a90987a69c45f1d74c195c,578318,
Korea_TreasureProps/Textures/T_022_Saligu_002_AO.png.meta,cc611027d44a0642ba6ba9746b01c7d6543cb299440fa2760d40efb20e59779d,1637,abc00000000010404817269054128238
Korea_TreasureProps/Textures/T_022_Saligu_002_BC.png,e4fb02fd1f5b441bfe4a220f980cf19e8d2ac9f9746478e249ddcc495fc028a2,3144325,
Korea_TreasureProps/Textures/T_022_Saligu_002_BC.png.meta,a85268ca02bacea376fe4a0c949af1701201f7f64664495cda0376c0f9057044,1637,abc00000000006173355969971064705
Korea_TreasureProps/Textures/T_022_Saligu_002_Lid_AO.png,03db399eaa6d9411adb4bd0075126d000abb9b53a22824711c6f0b698ea597c5,632809,
Korea_TreasureProps/Textures/T_022_Saligu_002_Lid_AO.png.meta,dc6ebea10f495d76f2c4a3ddc6e5bf9f8ff71bfc08305f9e2ba1d1237a482a9d,1637,abc00000000010912961750235474616
Korea_TreasureProps/Textures/T_022_Saligu_002_Lid_BC.png,8efee8fa8b3ae6a0f885d6a3d92f19122492d30084c2aaa11a43fa84d3e55f58,2546360,
Korea_TreasureProps/Textures/T_022_Saligu_002_Lid_BC.png.meta,169961a7e040df91544d66c3e6c5a952217b03f3db5b75162ea806f24a6963a8,1637,abc00000000018280589214020525671
Korea_TreasureProps/Textures/T_022_Saligu_002_Lid_MT.png,3d1b0aa48bb6cae96392668388e7058397587c0d5e5825ed1fa15d7436c5c07f,1402284,
Korea_TreasureProps/Textures/T_022_Saligu_002_Lid_MT.png.meta,43e7b1ebe7dda068692be512c0328cd2e97bc0d05ae994772e1b7c2b08c810ce,1637,abc00000000006476657191096532917
Korea_TreasureProps/Textures/T_022_Saligu_002_Lid_NM.png,aa42a154c415cdd0102527084ff85585e45ae618e2c93ae3801821775ea0d117,3018957,
Korea_TreasureProps/Textures/T_022_Saligu_002_Lid_NM.png.meta,9f21884966ccf8f5b0e19c3a41b67dca2e543087661e19a4491982a266bc6302,2947,abc00000000012866980780816838325
Korea_TreasureProps/Textures/T_022_Saligu_002_Lid_RN.png,5f0793e65bd4c6cd07ec51365a37d5d157ca8bb6eeda97239ebada2c9087cfa8,1559220,
Korea_TreasureProps/Textures/T_022_Saligu_002_Lid_RN.png.meta,3504cc72839f2b39e33870d8bebb8c6acc5cd013a70e6d9deaaaee74a9c918a2,1637,abc00000000009852158679433847968
Korea_TreasureProps/Textures/T_022_Saligu_002_Mt.png,588838a32d7510bbc79a9baef7bda099b99ac617e3dac3680468f33af0f6eaee,1856196,
Korea_TreasureProps/Textures/T_022_Saligu_002_Mt.png.meta,ebc79e36c5ded7dba1540ec160017cb476037c8ad528ad829a07dc7b2f2b1927,1637,abc00000000008579386281914946039
Korea_TreasureProps/Textures/T_022_Saligu_002_NM.png,86bb61d3ac800fa1a19185a79568e60af4564af6e3d08a86eb22b7843fd57d77,3786448,
Korea_TreasureProps/Textures/T_022_Saligu_002_NM.png.meta,098c4ab6412668711ef003cf539fc0706f3cf2eabf589bf9157607d31dffa788,2947,abc00000000005073443934853850067
Korea_TreasureProps/Textures/T_022_Saligu_002_RN.png,e9152dd9dcc750cd1e728953bad7105ad23706898c1feb924d7d7c8296aab33a,2155232,
Korea_TreasureProps/Textures/T_022_Saligu_002_RN.png.meta,9e2ef7303b45131443cb11e5bb15b605b664e4ba8615d501e30bd07c37a2741f,1637,abc00000000007750409300117477746
Korea_TreasureProps/Textures/T_022_Saligu_003_AO.png,87833c3073d9d379cccc162633ffbc1fefdca89a060aacaf726d5270c6a004e1,849528,
Korea_TreasureProps/Textures/T_022_Saligu_003_AO.png.meta,3a15918e1a31135baf5565dca2832c69c399ecf01a061d498382a6a509ec4fca,1637,abc00000000008383248602316259647
Korea_TreasureProps/Textures/T_022_Saligu_003_BC.png,c852f613a8fe604cbf1c054e3eae3dec2aa056b4699184e604093d6d9ea849f3,3991997,
Korea_TreasureProps/Textures/T_022_Saligu_003_BC.png.meta,885746de0b501e9aab6bb1e0e2a56a9974ba0fe7a83659af39772942d0fda032,1637,abc00000000011787821057658868624
Korea_TreasureProps/Textures/T_022_Saligu_003_Lid_AO.png,34b028b39f463eaf69f131ed8a05a128b500ddc1ab082f0293a0680bcfbb9880,611148,
Korea_TreasureProps/Textures/T_022_Saligu_003_Lid_AO.png.meta,58ae8e870f6941bb5d5d63e6da8986660edd90d9b36668ea97ad4c01370f2ccd,1637,abc00000000010031627808869263421
Korea_TreasureProps/Textures/T_022_Saligu_003_Lid_BC.png,a497917a3fab18c65cc47fe9f05845d5b69e900672e36a6f1bea12bc892e6048,2687538,
Korea_TreasureProps/Textures/T_022_Saligu_003_Lid_BC.png.meta,7684315a51bf82453320854f08c7fc6a1fe703f1e59598bc9e30aeff9e23fc11,1637,abc00000000002663027414089290266
Korea_TreasureProps/Textures/T_022_Saligu_003_Lid_MT.png,85101919a5f3932443d3ad39671615a62e5c1f89f799a2aaf7878a1836232502,1503623,
Korea_TreasureProps/Textures/T_022_Saligu_003_Lid_MT.png.meta,851c24cd452c5048287e7ee8868eff8c9c8929035ebbe889d0dcee598dcfc23f,1637,abc00000000012052903311506882032
Korea_TreasureProps/Textures/T_022_Saligu_003_Lid_NM.png,a2752808795b813cf86c54902489dc3ad6d2822b5f34a8b83121c98555e0db8f,3505029,
Korea_TreasureProps/Textures/T_022_Saligu_003_Lid_NM.png.meta,ee4a44901e7ddf0b73e9eee2ee6054b431948982c348d74223cc7c7ba884ce06,2947,abc00000000006402975904401079828
Korea_TreasureProps/Textures/T_022_Saligu_003_Lid_RN.png,a7662367d467e8347d187d5f32b2f5abb2ddeefa165d97df9cfb800a8017576a,1944909,
Korea_TreasureProps/Textures/T_022_Saligu_003_Lid_RN.png.meta,4cbbdf5b3cb5512310996f3e20ca8e0348f72e8af9da1e744c26193bed429a8c,1637,abc00000000017315692873788608537
Korea_TreasureProps/Textures/T_022_Saligu_003_MT.png,1cde35d839bb3c0a1bb6f695fd2d0e4189b89545526d47fac6bed9aa542442e9,2388989,
Korea_TreasureProps/Textures/T_022_Saligu_003_MT.png.meta,7fe15cee526547b040b47793be6f05b616642ba1d87512d515e4013d6dfaf8b6,1637,abc00000000013598498071121595726
Korea_TreasureProps/Textures/T_022_Saligu_003_NM.png,9d90bf5bb9ce22fe13dfb9fe71a7e2a133d6e910f8a67111c210aa1927ea2d12,5240950,
Korea_TreasureProps/Textures/T_022_Saligu_003_NM.png.meta,d74df1ea56bfa12f1a24af927c396ef142ee5fb991750601003c0196b4597a40,2947,abc00000000011645940595192403054
Korea_TreasureProps/Textures/T_022_Saligu_003_RN.png,61638cd02fd54561fd64b30fda92c2537c69de55ee5ee6a3d3c894efdabc7100,3173864,
Korea_TreasureProps/Textures/T_022_Saligu_003_RN.png.meta,60a0f9348ae238284910cb15a05ef6a9bdc1f4b9d4910f857d46feeef3e69164,1637,abc00000000001702844937881797655
Korea_TreasureProps/Textures/T_023_Bronze_Ritual_Object_AO.png,db111878be8d1f64cb32c0060d7a5c8795037bf4a065b25ccdc5a5b913f6229b,1309561,
Korea_TreasureProps/Textures/T_023_Bronze_Ritual_Object_AO.png.meta,e5a08dd8dc6c441820e1cbbd88965b3c8096c26c6137d74b19c0bda5cad1549c,1637,abc00000000003775100085748627106
Korea_TreasureProps/Textures/T_023_Bronze_Ritual_Object_BC.png,f7b22f2be6f744054814352d562051a249c79d5efbf771aa6f889f8d73f804b2,2878700,
Korea_TreasureProps/Textures/T_023_Bronze_Ritual_Object_BC.png.meta,84251d519d55c921d2d5550a8e2f78dbbf86c0feacac48bb3537d31f879953d9,1637,abc00000000017065140218193039133
Korea_TreasureProps/Textures/T_023_Bronze_Ritual_Object_MT.png,2b0ba3e33101e1df7c1d248ee4217b0dd869469d84b58fb4b45f1f23e723e36a,1047716,
Korea_TreasureProps/Textures/T_023_Bronze_Ritual_Object_MT.png.meta,eed2187d7f55ca06d8fd10b87a1f5029385eb1c06f7353ac81f2cd6da00870f3,1637,abc00000000008640838299326689427
Korea_TreasureProps/Textures/T_023_Bronze_Ritual_Object_NM.png,e8ada66d2ca0a6f3a325a5a0d86bf94973a4880d05c187663be70bf827886613,4672992,
Korea_TreasureProps/Textures/T_023_Bronze_Ritual_Object_NM.png.meta,e9479062fed9ae749ee7aeb57e7215bca239a5f1557e7569aad1e2999c57e1be,2947,abc00000000002889323257525906735
Korea_TreasureProps/Textures/T_023_Bronze_Ritual_Object_RN.png,4508e7a289be5d20c541f8ba6bc5ac1ad77e636da65eea550a813f9b30b9fc0c,2169876,
Korea_TreasureProps/Textures/T_023_Bronze_Ritual_Object_RN.png.meta,e93bea7f157c8b8473c57ef639f48a70d6d7c822bc259f58ecea6e4c008cfe76,1637,abc00000000011871371954991513526
Korea_TreasureProps/Textures/T_024_An_Earthenware_Doll_001_AO.png,452c086802ff471c723f8681febcd7a4970a6ce22160c99bdbbf3bb03e3e549c,2961784,
Korea_TreasureProps/Textures/T_024_An_Earthenware_Doll_001_AO.png.meta,66af247441fe371f7f0a8fe5f7a93eb38b611cd82f2fac03419e0bd33f4518e3,1637,abc00000000016167968848352014776
Korea_TreasureProps/Textures/T_024_An_Earthenware_Doll_001_BC.png,debaa0d86f1581385a9bf32e2690dec20bd48a069a23a392dfd2b317fe9ca368,5756448,
Korea_TreasureProps/Textures/T_024_An_Earthenware_Doll_001_BC.png.meta,2be8e8406ba4bca0ba03623d725794048c8fb7ad5b2277080976674751690907,1637,abc00000000005088852238427514215
Korea_TreasureProps/Textures/T_024_An_Earthenware_Doll_001_NM.png,aa6deee66bbcadf28a5f5a87867036c151724b951678d7c8e594da1d0ab8285d,6934022,
Korea_TreasureProps/Textures/T_024_An_Earthenware_Doll_001_NM.png.meta,cd27ba1764b0de66acef6f1e1d84a8f2eececfc0e4da6f22eff858c04d29ff86,2947,abc00000000018121987878933378485
Korea_TreasureProps/Textures/T_024_An_Earthenware_Doll_001_RN.png,245cecf34308540dd24456fa4700f8a8214ff58945deb757abb8b23f7724bc14,1687368,
Korea_TreasureProps/Textures/T_024_An_Earthenware_Doll_001_RN.png.meta,767c14a451470f8f4ca3d1cda4caedcecf785c828b9925a186f69fe43cf82403,1637,abc00000000015107165777550388128
Korea_TreasureProps/Textures/T_024_An_Earthenware_Doll_002_AO.png,f957e99c9c098b596457c83432c3e89255e0cbacdee50c63233498fe3374fefe,2496951,
Korea_TreasureProps/Textures/T_024_An_Earthenware_Doll_002_AO.png.meta,9266b8dedfa0dda062b3873f482f38578ce7fe572e3c0df91e10b4ab896a4e1f,1637,abc00000000018380779468809952631
Korea_TreasureProps/Textures/T_024_An_Earthenware_Doll_002_BC.png,91e75c2a828b7194911e3084b48673842e83a7c84c74069b5b38d80505ca75e1,4896391,
Korea_TreasureProps/Textures/T_024_An_Earthenware_Doll_002_BC.png.meta,09ec55e4e74719098eebc0ace4b7beb5a772ccc1b419bd29d2dab55bc734c032,1637,abc00000000004425277753454574968
Korea_TreasureProps/Textures/T_024_An_Earthenware_Doll_002_NM.png,3342b094e8d53cbd1f5f0d2c80d5601b8b2b502b0b359f9665ce154d59709167,5785958,
Korea_TreasureProps/Textures/T_024_An_Earthenware_Doll_002_NM.png.meta,6d6c26f686c377471e0be6b13ae73bbbe0ab8524f93a31492055b43b68125b66,2947,abc00000000012029991540306690518
Korea_TreasureProps/Textures/T_024_An_Earthenware_Doll_002_RN.png,b7a1a44e99771b18681612bd2925617c64a6bc0400d352afb1e25fe220571096,1257022,
Korea_TreasureProps/Textures/T_024_An_Earthenware_Doll_002_RN.png.meta,aadc54c3610602e3f7d993112e370187681e11ace9e921cf0326d298207a23fd,1637,abc00000000016082331275051121775
Korea_TreasureProps/Textures/T_025_Cup_AO.png,ddbaed0fba717e50882aea5f0aa9b50d2ecce166498f5417c92b84ad15fc494d,1181134,
Korea_TreasureProps/Textures/T_025_Cup_AO.png.meta,814d32103bd54c9044fedfa581b085e1c9b2386df0d075f414f19e6323678b24,1637,abc00000000009222242898563450516
Korea_TreasureProps/Textures/T_025_Cup_BC.png,1ec7d7ee9ded0a6368ca6c0b2c5a8877f8f839af69e1ea7c32dc8ba9ec1dc223,2711117,
Korea_TreasureProps/Textures/T_025_Cup_BC.png.meta,be36ce6cba514403ff17d7d47bded41872e495600041c32b4e8d7f98a3aa1f08,1637,abc00000000016143648477170476715
Korea_TreasureProps/Textures/T_025_Cup_Lid_AO.png,85d71cb1256d2a3a9c63569fe7fc222fa4c1968127b5011ffc9f7fc4ec5995cc,782567,
Korea_TreasureProps/Textures/T_025_Cup_Lid_AO.png.meta,d505ad0b37eabd853488ab488370d8b4307fb67da595049f81fdb63a0a28bbdb,1637,abc00000000016837979876178106058
Korea_TreasureProps/Textures/T_025_Cup_Lid_BC.png,baff1f7230db2e246ed0b46f0fb9e1577cab0539b7f11a7d9369ce78f56cba63,3390115,
Korea_TreasureProps/Textures/T_025_Cup_Lid_BC.png.meta,877f818138fb125c25ac92ac8929cfb5e9c038ad826f61130ffd4d1778ae62ef,1637,abc00000000007931679078672506005
Korea_TreasureProps/Textures/T_025_Cup_Lid_NM.png,20772defa520cf1c1ba9f1b05123634489357bdc3f660e512620cd68ff539bba,4255701,
Korea_TreasureProps/Textures/T_025_Cup_Lid_NM.png.meta,f29aa85d0ac9c282e29003aad978b5fbc099c4ac536de12e75b7fcc534f5d6f5,2947,abc00000000018003457711069029255
Korea_TreasureProps/Textures/T_025_Cup_Lid_RN.png,1fc28c4d04d5e1245c3d863006250a42a78b985b1cc1171f3bb94335e8a7f33b,3156129,
Korea_TreasureProps/Textures/T_025_Cup_Lid_RN.png.meta,e7d536345525db4413bb389a37c6d4a79ec0455443227be1397b51f632538668,1637,abc00000000015757605684697388766
Korea_TreasureProps/Textures/T_025_Cup_NM.png,a3dd16f43643fdf2cd9a6a61c163ca905ace51d49555edde075d92c236668f36,4396251,
Korea_TreasureProps/Textures/T_025_Cup_NM.png.meta,7687d21cae5350c173a2dd97aff6f2b9af99b0a88b0b09d2059636e1b64544da,2947,abc00000000013533008092986248985
Korea_TreasureProps/Textures/T_025_Cup_RN.png,7a4234b4b9052ecd184a26229bd1f336b66f7a52a1c1ae36b46967e30b7366d2,3097623,
Korea_TreasureProps/Textures/T_025_Cup_RN.png.meta,ae0be80ff28a23f8b3f2d81a8fc909e5227e5a99df178aa3c3bf42abf8f040b0,1637,abc00000000010130513251252947548
Korea_TreasureProps/Textures/T_025_Cup_Tray_AO.png,2620baad4e137e81fc84098e5dbe03895be327b0fcca49d63578f32b9b402dc4,1507229,
Korea_TreasureProps/Textures/T_025_Cup_Tray_AO.png.meta,2054e494af8c13cc06a81c5d7d6ae575d5e2e5b5dd70603c2fd77443245001e9,1637,abc00000000018086699870202186303
Korea_TreasureProps/Textures/T_025_Cup_Tray_BC.png,838c0396504de5fdbdb7fcf9ce2b97dfb21d6b329ab42a7096928a5568b87f95,3557643,
Korea_TreasureProps/Textures/T_025_Cup_Tray_BC.png.meta,89ddacf2d7c5a43964fdaba55d85f955f852b583921e8919dd6139092e0395c1,1637,abc00000000003044528251835243664
Korea_TreasureProps/Textures/T_025_Cup_Tray_NM.png,5d33e84b8f4724d01ee803f83f1aa8bce0c78ae4561af412ca868b2fabad06e8,5111777,
Korea_TreasureProps/Textures/T_025_Cup_Tray_NM.png.meta,55e54dfd162e06aafb947f9f76cc7af777d45d6606a352e601759a73bc944f87,2947,abc00000000002902647789368778094
Korea_TreasureProps/Textures/T_025_Cup_Tray_RN.png,9ed4ef4d608c0eea64196b286df8c6e6a33af1b3e7934575aaf70cd562bc9749,3185216,
Korea_TreasureProps/Textures/T_025_Cup_Tray_RN.png.meta,8dca24747a791b0baa161db6a0517f4e463a250af7644d7fcdbc201de5a7a738,1637,abc00000000011406296205767724311
Korea_TreasureProps/Textures/T_026_Statue_of_the_Buddha_AO.png,c1d5838e6957d5a311333fae67b0f92f72b3c3a9f056fe9d4b0da01942a6c791,1730416,
Korea_TreasureProps/Textures/T_026_Statue_of_the_Buddha_AO.png.meta,2e83746a4968e1c52e06b532fcaae9a13cd5945e1e05043dd53cad0c4a9f96d5,1637,abc00000000015336713761776675323
Korea_TreasureProps/Textures/T_026_Statue_of_the_Buddha_BC.png,38271b41910276917465977ba274ba253a4579cfc03aee8e3c4b0bd485b40d11,4335111,
Korea_TreasureProps/Textures/T_026_Statue_of_the_Buddha_BC.png.meta,c2751b1b5266672bbb8babd015eaae974e765ac4a55c0ba453b32be2032afdb1,1637,abc00000000007480464860601272660
Korea_TreasureProps/Textures/T_026_Statue_of_the_Buddha_NM.png,b289addaa4d71b1315f17ea85a55e7295070fe81d11d66e172d40e7ccfd5c96b,5748989,
Korea_TreasureProps/Textures/T_026_Statue_of_the_Buddha_NM.png.meta,db3282a26f55bee38c2086f7031c95b7feb68c49a5098bd6a7ee1b12423ddd9f,2947,abc00000000012855339473473584594
Korea_TreasureProps/Textures/T_026_Statue_of_the_Buddha_RN.png,906498e839e3ab46661d27ccdd60bd20d0d1c45839472972c96800f7ddddef74,2303453,
Korea_TreasureProps/Textures/T_026_Statue_of_the_Buddha_RN.png.meta,dc38c67b39a85dff4b1bf4b4246ef0789b34ed5d7a1acc4d80b3170bb7a7898a,1637,abc00000000011503563022458336339
Korea_TreasureProps/Textures/T_027_Sundial_AO.png,1ec5e8ffd5da11b9dfffe55477c31ca143bd60117162ebb312c3fefd7b3d8179,2608441,
Korea_TreasureProps/Textures/T_027_Sundial_AO.png.meta,4637b8d7a6e49bfe6dd6e39d8f9ba010a5d352fba3257024313afc14f8b12162,1637,abc00000000012916991224417261748
Korea_TreasureProps/Textures/T_027_Sundial_BC.png,05f773fa1abac562daaf2eaeae672f24ab686bfe810bbb705e75ff32884208a1,3083541,
Korea_TreasureProps/Textures/T_027_Sundial_BC.png.meta,6355e6d7e48f4c4005997d18a2f7c59a05a45a2c348a6a8d7971d6b60acd047b,1637,abc00000000001213080236461193547
Korea_TreasureProps/Textures/T_027_Sundial_MT.png,1e3c832ee27215c4f54b03d88e83dd1148f21dcc657c3d1ebbbac8ff8c570b35,86143,
Korea_TreasureProps/Textures/T_027_Sundial_MT.png.meta,ed3c763a965eabfd14dafe40b6dca8d07edb8908efa13eaede891fa078e28f7e,1637,abc00000000015341791154820859097
Korea_TreasureProps/Textures/T_027_Sundial_NM.png,8c8ad6945865977dc2db5f54585fd543f3d099a79154d2622ef86b8f2a753545,3925039,
Korea_TreasureProps/Textures/T_027_Sundial_NM.png.meta,0e0678725d80d1a33fd4fc93c95d6baafec457d3e14733e83008db2b05b49bb3,2947,abc00000000010801405829812049081
Korea_TreasureProps/Textures/T_027_Sundial_RN.png,a738a54031cdc59fb86e7b842ad550640bdc0218ea50a3996733df77005af4b4,2217283,
Korea_TreasureProps/Textures/T_027_Sundial_RN.png.meta,22d1f0be5e1e4be2f322acf19a088f51d3d8928181abd8a66ab199c1e7ae5abe,1637,abc00000000007279115422341009148
Korea_TreasureProps/Textures/T_028_Buddhist_Temple_Bell_AO.png,59d71a31502420690bff656db9ff586131e57be4c0158d19bab4c7d0a3b6629d,2618440,
Korea_TreasureProps/Textures/T_028_Buddhist_Temple_Bell_AO.png.meta,51edbedb3c01e56fbd848795b76e7c73396392fa58a461d5cc05c8887a151a9e,1637,abc00000000002563744860140116511
Korea_TreasureProps/Textures/T_028_Buddhist_Temple_Bell_BC.png,e8fe4edb0480d503d3df5954be990b58c8481e1f16b84bc278d9cb02d583a8b0,5160450,
Korea_TreasureProps/Textures/T_028_Buddhist_Temple_Bell_BC.png.meta,e63db17a6c399fb40fdad9d7b09d1bcb7691010edce4ea6f3c08ac9b1210844e,1637,abc00000000006034909527392717040
Korea_TreasureProps/Textures/T_028_Buddhist_Temple_Bell_MT.png,5699ffe74382a50824ac5e64137be947c6fa48c0f7fe40a8374b3cf0f75d6246,67500,
Korea_TreasureProps/Textures/T_028_Buddhist_Temple_Bell_MT.png.meta,0287990e4755331f534e7f661beee18aa87293319b1342857c8bed943e5be9fa,1637,abc00000000001232848174179702958
Korea_TreasureProps/Textures/T_028_Buddhist_Temple_Bell_NM.png,56f4970bcde1a1218547dd4fbe3c9b6148ab996bec53209b27021edf0a5722db,7623702,
Korea_TreasureProps/Textures/T_028_Buddhist_Temple_Bell_NM.png.meta,bee58e6fe54cee71ed47b7c68865281d50834ce8cbe63df7ca7a58809a83c038,2947,abc00000000018230753039569375182
Korea_TreasureProps/Textures/T_028_Buddhist_Temple_Bell_RN.png,2dc20c26824f7ffc7dcea88a88dbd80ba9b9f7857776a97cc22095788915da29,3888918,
Korea_TreasureProps/Textures/T_028_Buddhist_Temple_Bell_RN.png.meta,ddebd44c92af7ca0a7abe7a8ae7298be1a9de8f31d86f707dc95480afdbdaf83,1637,abc00000000007850812801536270071
Korea_TreasureProps/Textures/T_029_Wooden_Scroll_001_AO.png,7997691e4c43af3212e749c5734a0cb840eb12f22a97a194a7a31d21f9415ffa,2374206,
Korea_TreasureProps/Textures/T_029_Wooden_Scroll_001_AO.png.meta,1c60c5d2da7be2463ca67a38aa7d5b33d38f170b0b8071c740c60f79f3af9442,1637,abc00000000014327104286758367886
Korea_TreasureProps/Textures/T_029_Wooden_Scroll_001_BC.png,61799be81a7d698cc787d2714c1f5f0fbd08136e517bfc290d42a8978ef4f167,5461383,
Korea_TreasureProps/Textures/T_029_Wooden_Scroll_001_BC.png.meta,c746b59c20230bae7f750a1a4233834ee54dfa8e68b3f049ec8fc2bf575035ae,1637,abc00000000004250861813970183329
Korea_TreasureProps/Textures/T_029_Wooden_Scroll_001_NM.png,45825dc392afa7ea6aa803b4dbb9a1624eeb1a71acc62bc40667a50a5a9ba545,6483671,
Korea_TreasureProps/Textures/T_029_Wooden_Scroll_001_NM.png.meta,7584f8d294c25582f212e4b3c98979ca69be501bd1d34a4bb0467f74b832774e,2947,abc00000000015296712402560305011
Korea_TreasureProps/Textures/T_029_Wooden_Scroll_001_RN.png,b6cc54b2d236a71565ad244be97a566b10af91422e9671d70efbddb6a9a83c14,1459618,
Korea_TreasureProps/Textures/T_029_Wooden_Scroll_001_RN.png.meta,1e233ab6d7435949e1055551626178898a58fba588bcbcab64614183a3092192,1637,abc00000000011480734966885930002
Korea_TreasureProps/Textures/T_029_Wooden_Scroll_002_AO.png,51409fb0ec61114de5a1df3703a4732e0f1af32d8a89b316647c899808d598e3,277802,
Korea_TreasureProps/Textures/T_029_Wooden_Scroll_002_AO.png.meta,921c5791939d1d639505cbbd7a0f3bc60f990c257f87b65d3191b5b1427e5f3e,1637,abc00000000003140260878389173489
Korea_TreasureProps/Textures/T_029_Wooden_Scroll_002_BC.png,e9e2801f70525e173c78be2ac3ab3649a446ecc67fc000a0da926c28d12219dd,500303,
Korea_TreasureProps/Textures/T_029_Wooden_Scroll_002_BC.png.meta,939bd49536dee617173346b94332d13893780df15caa67a01f7dead357d8372e,1637,abc00000000003602491143215397558
Korea_TreasureProps/Textures/T_029_Wooden_Scroll_002_NM.png,022717e61cf571d4913a05d6212a59b1ba4f62816d78c13a350183c4626f5d9c,623204,
Korea_TreasureProps/Textures/T_029_Wooden_Scroll_002_NM.png.meta,2d2a06b03c6b8c6f2b858554b6310236f87d72b409c06b0ec3251c15f9690239,2947,abc00000000006621662902368413680
Korea_TreasureProps/Textures/T_029_Wooden_Scroll_002_RN.png,b386f7efeb354ade84b19feba71705d9c9123d1d6bfe7a5798fdd19a9048ed0c,158543,
Korea_TreasureProps/Textures/T_029_Wooden_Scroll_002_RN.png.meta,21589f3bccf84beffb56382289a160b04cc6cb84e8cf2fedd12f312c0b8fd561,1637,abc00000000008796259406416923165
Korea_TreasureProps/Textures/T_029_Wooden_Scroll_003_AO.png,c1705935572b9822e61cbfca3a3cd82bf3634036aa1f467fdb1b4c39efba5de3,305945,
Korea_TreasureProps/Textures/T_029_Wooden_Scroll_003_AO.png.meta,2d9ca7077242c994f937c4ec34f7f3c94a1b9160cab7b35e866fc49604d1a082,1637,abc00000000015123553676095484704
Korea_TreasureProps/Textures/T_029_Wooden_Scroll_003_BC.png,40bff639d9cf9cf49e0191ca771b7f0bd952abb7301774231701bd4bd3c91334,526601,
Korea_TreasureProps/Textures/T_029_Wooden_Scroll_003_BC.png.meta,c1056144ecd11db198ff57e97f9f42017cbb09457f97edbb1a5ecf8a205b372d,1637,abc00000000006016156907782859103
Korea_TreasureProps/Textures/T_029_Wooden_Scroll_003_NM.png,9fb2f4c40c35c2e00e3b10c71eacc1e273e6572e3f1c5c5aaea92348902dbcbb,719154,
Korea_TreasureProps/Textures/T_029_Wooden_Scroll_003_NM.png.meta,bcc7f1c1d4b62280c051c07e9ea916f883dae77a801354ebab1d15000b20045c,2947,abc00000000018313999472089900013
Korea_TreasureProps/Textures/T_029_Wooden_Scroll_003_RN.png,fb9e2589b1b1e7f76215152a71b022add365900ecb8863d978fed5f70474063f,270664,
Korea_TreasureProps/Textures/T_029_Wooden_Scroll_003_RN.png.meta,3c4628098a32328dc47e86e5d2f96f86838b36b2e76a77547c772b9261de70c5,1637,abc00000000000599075134974466024
Korea_TreasureProps/Textures/T_030_Queen_Pillow_001_AO.png,eed2664845b7943fe9ad33b39d955b1d138f978551b68185956cfd7af0df9981,628905,
Korea_TreasureProps/Textures/T_030_Queen_Pillow_001_AO.png.meta,dba45ed64184c7a83df44143135cdda7070a94e9fae2baf45553cf0d796b7c31,1637,abc00000000003788187208990119904
Korea_TreasureProps/Textures/T_030_Queen_Pillow_001_BC.png,264e370ac20a1ddeff045afe567f858409abac6f58668617fed025c69d712c5e,4380181,
Korea_TreasureProps/Textures/T_030_Queen_Pillow_001_BC.png.meta,a1b2004c79ece5b86dc12985a2aa5c548975a44e89dfb13334ef2a889bbe9d48,1637,abc00000000001160344383533252383
Korea_TreasureProps/Textures/T_030_Queen_Pillow_001_NM.png,c7e620f5e9749840d582e980379296947cc36eb2ad622668f12e6952313de08b,5071222,
Korea_TreasureProps/Textures/T_030_Queen_Pillow_001_NM.png.meta,a28900eb981525715ad2a116f46b449f7792696d0cd9b7caafeb493171843ab3,2947,abc00000000000611059343072328365
Korea_TreasureProps/Textures/T_030_Queen_Pillow_001_RN.png,0853580b21b7e46267afaa5843fb0ec02e999b4a2ea011fa60d87e880f401f1a,503472,
Korea_TreasureProps/Textures/T_030_Queen_Pillow_001_RN.png.meta,0df084fceb23b65267646915df35fff590491c3245b524f946078bc0cf7c9db3,1637,abc00000000001342879079666445992
Korea_TreasureProps/Textures/T_030_Queen_Pillow_002_AO.png,b1b3e33baa6d44994bfae7a5145cd6b96cd59092c65035518b301240612144d8,1689830,
Korea_TreasureProps/Textures/T_030_Queen_Pillow_002_AO.png.meta,f5dffab3d8243e8e7e4e713c4200566e6b990ecc850c7a5944434dc3f04ba621,1637,abc00000000008616039289432835615
Korea_TreasureProps/Textures/T_030_Queen_Pillow_002_BC.png,ab131384fb26c6fb93cd707ee490a01476153c80149e8652951baca79964b5d1,3446587,
Korea_TreasureProps/Textures/T_030_Queen_Pillow_002_BC.png.meta,35f9aa33043099f64f07e8bbeec0d54655c98a16aab2c6354b7e7e70b3896047,1637,abc00000000012087203956685436144
Korea_TreasureProps/Textures/T_030_Queen_Pillow_002_NM.png,1545cc06d445c029f827b8d49b280a5183e04ef2ec77a69c21ad1d53dcafe02c,4374549,
Korea_TreasureProps/Textures/T_030_Queen_Pillow_002_NM.png.meta,16e2d27ec470ab5032f91e126f2411af66ed649640e31595e5e397e8de9914ad,2947,abc00000000005836303395152542670
Korea_TreasureProps/Textures/T_030_Queen_Pillow_002_RN.png,336c08667787ba54914853aecb56435a9de53993d14311021fe3f327e3c11391,361735,
Korea_TreasureProps/Textures/T_030_Queen_Pillow_002_RN.png.meta,95f16f1c23db1a751162ebac44d3c9d9e55e7425daa59513e94a1daaae029d66,1637,abc00000000013903107230828989175
Korea_TreasureProps/Textures/T_030_Queen_Pillow_003_AO.png,b1256cae0284fc2edede5c25b1d748e28710680076e125fbdad5bdba675e1265,1734334,
Korea_TreasureProps/Textures/T_030_Queen_Pillow_003_AO.png.meta,18b1c0bf7b5c97b09924229fd2893a887e00c9f3e7e0cdcfebe5a7d9a3d86923,1637,abc00000000010846803997220895310
Korea_TreasureProps/Textures/T_030_Queen_Pillow_003_BC.png,51238a8791e6a1c8ca20c02b436687f47fef335cf4255b9f8e7a259fccc6dc6f,3170161,
Korea_TreasureProps/Textures/T_030_Queen_Pillow_003_BC.png.meta,1e6a6b3a5908d5e59c46cbf41494e5c29973dbee0c674e3d1cd5e7c47ff5ed15,1637,abc00000000012604567231466521185
Korea_TreasureProps/Textures/T_030_Queen_Pillow_003_NM.png,190d8f4536258b43dd6c58466f5bbe21b9fb06d0177c30d171cc441acf749bd4,4023454,
Korea_TreasureProps/Textures/T_030_Queen_Pillow_003_NM.png.meta,79cad09abebb46f086f48db79de6c1e407a2d2da3ac45ffc4b57d02e981eb195,2947,abc00000000017416028581964419123
Korea_TreasureProps/Textures/T_030_Queen_Pillow_003_RN.png,4e25f69129044f1a143fd778dd9b2202566ddc1b9db08b192eb7201acb8da52d,370376,
Korea_TreasureProps/Textures/T_030_Queen_Pillow_003_RN.png.meta,dacb529682d02d8e7c98527e06066ce14a12bc3f4559fb8d5aeea02ec21752c7,1637,abc00000000014234823915440681170
Korea_TreasureProps/Textures/T_031_Bowl_AO.png,468d45cd4b4830b35331af7708d2e53b93f61db14b429721f9fe276c534b7106,2331275,
Korea_TreasureProps/Textures/T_031_Bowl_AO.png.meta,08c76c4beb5dbd8e6762578178e6b25fd24fa4bbd263f14f867002e47dd23a72,1637,abc00000000007580218226220312086
Korea_TreasureProps/Textures/T_031_Bowl_BC.png,f22e4907600a5214a97b7b6ffefe0228f3e6de18a29b0afc434f4d31663508e6,4661892,
Korea_TreasureProps/Textures/T_031_Bowl_BC.png.meta,ca41c350897a035abdafc9cf349b9e32186845b86fe3c5a0f8ec29484547a363,1637,abc00000000010630792907979946713
Korea_TreasureProps/Textures/T_031_Bowl_NM.png,3119ba9418a4691700d8571c5bef14b4978761c1b67a34b2a964d9e65d9af368,6526117,
Korea_TreasureProps/Textures/T_031_Bowl_NM.png.meta,6d6dfc7a496dcebd810a436d1232786b91452d732a97d7ed62becf6eb7875d33,2947,abc00000000013924607474043968299
Korea_TreasureProps/Textures/T_031_Bowl_RN.png,9f9a4304b6789728cc72a9675c3ed427d000999f1433395dfcfd9568b101bf01,3266975,
Korea_TreasureProps/Textures/T_031_Bowl_RN.png.meta,d89c3f73c0ecab2f92e7c7fdc15ad7fb226dee3935dd1d6eccc204b92fcbe78f,1637,abc00000000000497438232760548026
Korea_TreasureProps/Textures/T_032_Brick_AO.png,ee3d4a2a777d68aecbb3646c1082e14485f6ea2aebacf951ff6a90a9246a92b5,894380,
Korea_TreasureProps/Textures/T_032_Brick_AO.png.meta,b0aaab218490c6d5b22867bff398ed3be5700cfe1766f017e5bba305c54fe372,1637,abc00000000002841128759096834695
Korea_TreasureProps/Textures/T_032_Brick_BC.png,551b3b10134b7a4c24b36b84d4ffb44db66025ddd7b8c174a8747fc33d62c5ca,3597583,
Korea_TreasureProps/Textures/T_032_Brick_BC.png.meta,cb31a1b51d18266f0c38e4924dbf01f028bd28948de8a1a7ae990b51cc1223f1,1637,abc00000000007026126342729207240
Korea_TreasureProps/Textures/T_032_Brick_NM.png,f9da780b5be31ee323130eaf97c5624fac3b187f935cb8780dbc607f91322a60,5490870,
Korea_TreasureProps/Textures/T_032_Brick_NM.png.meta,ad69b8c708e0148284960f982435ab8388dc6150260885a13010eaefd447be9c,1637,abc00000000002316804781850103078
Korea_TreasureProps/Textures/T_032_Brick_RN.png,f6a37282efc886ec624dedfd63805d5b1619cf94fdfddae01d4485b0971a58fa,2222423,
Korea_TreasureProps/Textures/T_032_Brick_RN.png.meta,aa74a72cdd628df71343822157ad0c3e1c7ada286af3616956aa8cffbe8e9758,1637,abc00000000005518402732347634207
Korea_TreasureProps/Textures/T_033_Bottle_AO.png,05e0ff2ef5f720350af7800117dee1f432f4250f08e4507c1a83887cb8b54fdc,1046508,
Korea_TreasureProps/Textures/T_033_Bottle_AO.png.meta,a34f23c009809741ae4108998f000c994fe9bfc07834794d9dbac3b80ee2dc19,1637,abc00000000000273946213349047954
Korea_TreasureProps/Textures/T_033_Bottle_BC.png,723e4a01f51a32140d6121a8ef3b5630123aee7184affd75b5dddb92575ed7d5,3357524,
Korea_TreasureProps/Textures/T_033_Bottle_BC.png.meta,f89f8d4a3add3333c12d7f2ef2555edfc72da0810c7c16ba80f985da4c349962,1637,abc00000000001458824164241748429
Korea_TreasureProps/Textures/T_033_Bottle_NM.png,2cbc656e6583ad8d472c381cc077c7a1b0700c143cdafed00f81f363e9d58a70,2989231,
Korea_TreasureProps/Textures/T_033_Bottle_NM.png.meta,195dd6e9808c135988fb0fce5115b9a4c24461155076195850c4788759f877a5,2947,abc00000000011510454488154376415
Korea_TreasureProps/Textures/T_033_Bottle_RN.png,ee3581b82094999a04758c1550fef331dbd78a51b4dca5a3c834e983f72d0d3f,704315,
Korea_TreasureProps/Textures/T_033_Bottle_RN.png.meta,593bc17d694588303f14b41c7a64326e62dcc35a9dd9526ffb5a5d51d2d88afb,1637,abc00000000013476610424346468550
Korea_TreasureProps/Textures/T_034_Bottle_AO.png,3bc9d090aa87588d367aa60ee7e8ba846ba7724fd56afb6b88012e87c6573810,861211,
Korea_TreasureProps/Textures/T_034_Bottle_AO.png.meta,b1dbb324cbdda98fe190a6ab6f24558fe2e825fecf8feee0bee239777778c78a,1637,abc00000000013814220537776254446
Korea_TreasureProps/Textures/T_034_Bottle_BC.png,d359150b773c2f422423a8bb352ebd85fa3f51952262e8fcbc0d5878bdf4cdf1,1676212,
Korea_TreasureProps/Textures/T_034_Bottle_BC.png.meta,74990b847170b44f33ada088c08c614eb438d3c124f8401b71147f62d6453d99,1637,abc00000000009582759238693190913
Korea_TreasureProps/Textures/T_034_Bottle_NM.png,12da1dab4dfe6a8500dfa36078fdec0455a8a592f15c131872a5f5a06f4dab4a,1687707,
Korea_TreasureProps/Textures/T_034_Bottle_NM.png.meta,99488cab07332ad4d9367d7dd41e9a1a7194b7bc1fec235af6d5833c380f917b,2947,abc00000000008482847203575976275
Korea_TreasureProps/Textures/T_034_Bottle_RN.png,ee9c3bcf3c55064af3ae6f02b04b7b91eb2ae226944006af03a22d6c6eca80d4,593855,
Korea_TreasureProps/Textures/T_034_Bottle_RN.png.meta,0f0c4d06ee4b40e92d2b23feb7df51ce1d476758d95be79152b0bc879422130f,1637,abc00000000011159812568839603954
Korea_TreasureProps/Textures/T_035_Bowl_AO.png,2200b876b34f03cd688e99bf2ad2e0220ee1de6810104c6ca8b25f70cdc7430d,985153,
Korea_TreasureProps/Textures/T_035_Bowl_AO.png.meta,1fb00deb945d5508b9be5b50e7cf63912ea9e3b68e72809e36c798da1805ea5d,1637,abc00000000013171209893818419470
Korea_TreasureProps/Textures/T_035_Bowl_BC.png,602ec8755349476b825f974dd3e382b13a949e05a2ad42b75bbe985fc1f9f6f8,2664760,
Korea_TreasureProps/Textures/T_035_Bowl_BC.png.meta,c35d29ed56357fbca4e3cef96fd461fd9f7ec3a99f0986f4a5c308175d3f488f,1637,abc00000000003094967421030234913
Korea_TreasureProps/Textures/T_035_Bowl_NM.png,6ea188406b9233ebed07e2a775e1fee93332c799dc18f62275024fd2e0bbb0d4,3048369,
Korea_TreasureProps/Textures/T_035_Bowl_NM.png.meta,4d59a122dcd2d35ec98072bcb7fdf41e69fe84604861801abd8256a0563abf62,2947,abc00000000014140818009620356595
Korea_TreasureProps/Textures/T_035_Bowl_RM.png,0c859d687e003538ea3eca3e3807d128e2f1f470c45f6d78080d4c959dd6a8e8,556596,
Korea_TreasureProps/Textures/T_035_Bowl_RM.png.meta,fa4cd2259da0fd0454844f98d10b2e3c950e8de164253cdb89a5fa6e818363f5,1637,abc00000000009716556550006488671
Korea_TreasureProps/Textures/T_036_Cup_AO.png,fceb572dbdc03a5c2ead299a80d96ff65ef6e73b0011588b071ed6344321a35a,903113,
Korea_TreasureProps/Textures/T_036_Cup_AO.png.meta,85c6863b8500306d9fdb36af877b50c280aa9e2a5345c347053000ca3ff5657c,1637,abc00000000012836743198661127796
Korea_TreasureProps/Textures/T_036_Cup_BC.png,eed55e2fdced2cbc43fcf54680510d0190f9569096ac27f16cc4d17441f076eb,1716506,
Korea_TreasureProps/Textures/T_036_Cup_BC.png.meta,f5912e0d4a494170a273fad3f65320fe9f8f52e014b123a4a93ce0f6f80783d7,1637,abc00000000007367502923774105355
Korea_TreasureProps/Textures/T_036_Cup_NM.png,6c70fd6ae47ba534c7e18a7ae3e324ee282e20775f7200b0bc8967be327c3141,4679171,
Korea_TreasureProps/Textures/T_036_Cup_NM.png.meta,6f41230aaeb1efd8524832e6412298d6a1b3584161eafd518c318e0acbec7061,2947,abc00000000011110765868443017849
Korea_TreasureProps/Textures/T_036_Cup_RN.png,8b2194fc2664b46f88f4ac2593798b343c1f090aad5973c18d0eb9cfbb399547,1029576,
Korea_TreasureProps/Textures/T_036_Cup_RN.png.meta,f04d8d6cf0be555d9becb0a0d3ca6b61832592bf193fac122a52e1c48bcf33d1,1637,abc00000000001354367697856576188
Korea_TreasureProps/Textures/T_037_Pot_AO.png,5913a48d4c1a5e7904ea45649ed3731b57712edbd0b9f0705271ca77f08bab6b,1109716,
Korea_TreasureProps/Textures/T_037_Pot_AO.png.meta,157572aa6c1fc4d20fcc83e7a0c56d4cee94eea2aeceab9092e664e266713049,1637,abc00000000001908583715201180467
Korea_TreasureProps/Textures/T_037_Pot_BC.png,5640e682cd7dcaf0f727f857672da24b16752b3f0eeb51aa9b8db988b9050b3c,3688542,
Korea_TreasureProps/Textures/T_037_Pot_BC.png.meta,33a3bd9d29483cbff2af182c04e697e3293a3d7c122af010ee048a4e86b299c9,1637,abc00000000010612697367705971516
Korea_TreasureProps/Textures/T_037_Pot_NM.png,4f7b34e0dd5cde67c96f9e7985bb06614cbc29c493afcc17cf28a3bfc7e97ce7,4013103,
Korea_TreasureProps/Textures/T_037_Pot_NM.png.meta,4da0949494a28d46e0fc6ad5ed3dad076f8e2bdfcb6503baa7506140e4653f61,3177,abc00000000009499644802342295706
Korea_TreasureProps/Textures/T_037_Pot_RN.png,2140fdf37fca488e68398b62cd80205b2e7e10c62e15f92b880403157f05b965,989915,
Korea_TreasureProps/Textures/T_037_Pot_RN.png.meta,a64042601a37363e63d874c5420bd8b954112ef80f5f75431476c269aa3a0470,1637,abc00000000015367235891285112811
Korea_TreasureProps/Textures/T_038_Pot_AO.png,b2f1ab4bb9ab2a445630560c9ce7b635feb44faf5b34f9df8c9b90edad5955cb,1201866,
Korea_TreasureProps/Textures/T_038_Pot_AO.png.meta,92326ebf29ff0f7592cc6e8228d02372c555e6b6fb0b50b2485e12b1796e6370,1637,abc00000000001122578618626778017
Korea_TreasureProps/Textures/T_038_Pot_BC.png,7e184b8b4d924ebe115b115f6d243117251367c1c82ddf0a5a1dfc9baa435e1a,3760851,
Korea_TreasureProps/Textures/T_038_Pot_BC.png.meta,38eeedcf5dcbe722648a35e406ce15c2c0b3e00256c13f5c6879d6035413daeb,1637,abc00000000013669139593481043814
Korea_TreasureProps/Textures/T_038_Pot_NM.png,c48a5257789163be447051e9f4b7368070aaaf584681a3083bb6dce1a50ed1a2,3572679,
Korea_TreasureProps/Textures/T_038_Pot_NM.png.meta,de995c59cdf40501f56a915869a13e904ef32791376c893b83b2a62b9bc9384f,2947,abc00000000016851564515915657376
Korea_TreasureProps/Textures/T_038_Pot_RN.png,84d97b490402a8e4195760e200a8d8f47583b7934f970430a2c0480afbfc9fcf,1161547,
Korea_TreasureProps/Textures/T_038_Pot_RN.png.meta,bf1a6fd32a69a29b11628db9fd51752d76fd3b75df49c64a6d67700f7d5b9838,1637,abc00000000008197218013165251309
Korea_TreasureProps/Textures/T_039_Pot_AO.png,d81252731b5d556d85ab2d8b46bb7aeaefc8c14a475b37793c33c1f5588787e6,1498998,
Korea_TreasureProps/Textures/T_039_Pot_AO.png.meta,7914f20aea0e7114eafba563fad87ebe3ba9a29451b8316c3261d14292699979,1637,abc00000000010866115524249497723
Korea_TreasureProps/Textures/T_039_Pot_BC.png,1d929c5787c64450f13819b90a2d8d984c67435c2be222cf6b429c9562bde127,3561002,
Korea_TreasureProps/Textures/T_039_Pot_BC.png.meta,8ceeddba1f657681695b458b4fec4fb8dedbb9182c567adb00a8b61c10678c2b,1637,abc00000000003009866623074095060
Korea_TreasureProps/Textures/T_039_Pot_Lid_AO.png,cec6ffed490f69471cfe081e919aa6e7d28fde17239d617d340f97ebe337dbb6,1520777,
Korea_TreasureProps/Textures/T_039_Pot_Lid_AO.png.meta,886912ab2e64443a35b9cf854e594c90499171e6d5c80787afd634500b5a43e2,1637,abc00000000014625104072044118945
Korea_TreasureProps/Textures/T_039_Pot_Lid_BC.png,a79d74ecf30e769d160cb97ac97f93570394f45494e88dea9acbd766db3407ac,2388474,
Korea_TreasureProps/Textures/T_039_Pot_Lid_BC.png.meta,67fbb5fa8d8cd68ba510e96ec3249e1de00d7fe6734de18bb298c133e8bf09ec,1637,abc00000000008724920973188833126
Korea_TreasureProps/Textures/T_039_Pot_Lid_NM.png,806dfc2db94d8fb3ca0c54ee759eb2dcf08113605fe46552ef0ddde46ac419d3,2122261,
Korea_TreasureProps/Textures/T_039_Pot_Lid_NM.png.meta,b20b333a0a4d3d065e800589723b4e7b673911a910e82ab2b3c44b00f09d6740,2947,abc00000000011907345895623446688
Korea_TreasureProps/Textures/T_039_Pot_Lid_RN.png,9c7bdf50f1ec12c8ec490919f60bc22b416cee327676258bcf36e0b5339be0bb,372180,
Korea_TreasureProps/Textures/T_039_Pot_Lid_RN.png.meta,a9d5da899c1604edb5510cf2fba6af14272f17674618e5473485117894d9f84a,1637,abc00000000003252999392873040621
Korea_TreasureProps/Textures/T_039_Pot_NM.png,ba522ab0f2b931de3133b3577946351ca37f215f9f84518c9da5e46f53e4db64,2966223,
Korea_TreasureProps/Textures/T_039_Pot_NM.png.meta,0fd87f2d623f13cb76a2e14cf33d3221b5ab62dfc3c4c0f67cbaf99a96169185,2947,abc00000000008384741235946406994
Korea_TreasureProps/Textures/T_039_Pot_RN.png,f7181bb185c291adaec7ce44aff72cb381bbe44d662c12da591edf00561ba870,490129,
Korea_TreasureProps/Textures/T_039_Pot_RN.png.meta,c4758841877bf7ecd39c048493c1a8536669a2ab557528d7d57032b27f3f5276,1637,abc00000000007032964784931158739
Korea_TreasureProps/Textures/T_040_A_Ceramic_Bottle_AO.png,df1dda4ffea936809d3e5cc5630865d697dd1c94b6b3ac49402983f9b84d242e,1011260,
Korea_TreasureProps/Textures/T_040_A_Ceramic_Bottle_AO.png.meta,83eec47bf0a6f2fb1d4f77cc4beee84d78ea94478231624c9900a30c56bfc1a8,1637,abc00000000009710528680993025058
Korea_TreasureProps/Textures/T_040_A_Ceramic_Bottle_BC.png,eef1b56a7e498aa13d3eae6ac8b180bd6ef84147114d067425e5767c0ed233e1,1813251,
Korea_TreasureProps/Textures/T_040_A_Ceramic_Bottle_BC.png.meta,9e82c1b756129cb335dfb403b83f896d6f95da19757b04eb7777b7c47c17f7aa,1637,abc00000000004553824739727885469
Korea_TreasureProps/Textures/T_040_A_Ceramic_Bottle_NM.png,531919c89255bd7c3241c9103eef0e5f190263bf8fb2913c3e96611e58ae6251,3770330,
Korea_TreasureProps/Textures/T_040_A_Ceramic_Bottle_NM.png.meta,c986432a8ef4d7cd6f0acdd8ab75bc0331a0df1c57858ffdcdcd74f305c6ed2e,2947,abc00000000008824751852770304687
Korea_TreasureProps/Textures/T_040_A_Ceramic_Bottle_RN.png,96925369e24312f2818aea6c886615962565836bca898fea610f4608cf29f6d0,1211487,
Korea_TreasureProps/Textures/T_040_A_Ceramic_Bottle_RN.png.meta,337e720aef7903a340f8273501b76a5becf5ef84f89f2cc0e8d5f7b489c044c9,1637,abc00000000017806800550235911478
Korea_TreasureProps/Textures/T_041_Vase_AO.png,cef955fc03655237384f54feff21fadd71c2c4aa9fd005d5d372b5cb91d0104b,2240393,
Korea_TreasureProps/Textures/T_041_Vase_AO.png.meta,05e3447ce73a3229543ce5b87c73306ef9338fa26ba2076204b2b59d055f2ba6,1637,abc00000000003231272677703495919
Korea_TreasureProps/Textures/T_041_Vase_BC.png,57fcc24c1171b3fb583bbfd257bf062ba8722bbc20d4410be68bfefdc440c9f6,2086815,
Korea_TreasureProps/Textures/T_041_Vase_BC.png.meta,9d477ce5aee367f1b9a57930e047e80bcf7d263ee06c63f4fbeda9ce897dbb1d,1637,abc00000000006918260543367591296
Korea_TreasureProps/Textures/T_041_Vase_NM.png,80adc784b4cfb3eb4d56f251f5c2a17ac85a265cf5f1aba4c6f8fa56f2626a46,2906189,
Korea_TreasureProps/Textures/T_041_Vase_NM.png.meta,ff922b3e0b03d4209eb84a39a08ee75d2f0e1b637adc3c8267b90ff751081522,2947,abc00000000012856237296772738206
Korea_TreasureProps/Textures/T_041_Vase_RN.png,8ce50a2b71a9aa1b4251cc9f3fb178a5f6f28a1f00046dccb696e6b6a376f1d3,244391,
Korea_TreasureProps/Textures/T_041_Vase_RN.png.meta,c4009f56de9050aaee3b5c85043c6882320ad74163bf6e30d894c3c5f92bdea9,1637,abc00000000004459806631562142567
Korea_TreasureProps/Textures/T_042_Bottle_AO.png,35733d26388318076ba2aee9213180376ba0ff05580abf053fe3b14f175901db,1262778,
Korea_TreasureProps/Textures/T_042_Bottle_AO.png.meta,2ea713efb35330cf073bdf4bd55828dde4e6aeecdd3549c572e642d4a2f78235,1637,abc00000000008648554987946365866
Korea_TreasureProps/Textures/T_042_Bottle_BC.png,1300fbfd4650c64f54d15504a6c9de229083d918336dc238853bd4ce055bf29d,2236241,
Korea_TreasureProps/Textures/T_042_Bottle_BC.png.meta,dede22e89b30ebe85391ecfb2b6207cb954e7c4804867167eddb547e4a5adb2e,1637,abc00000000012007530904909018613
Korea_TreasureProps/Textures/T_042_Bottle_NM.png,f80af11e2a6a72935b400c60904237cbdc1fe55218ff3561e2f20a9eb2daf3ed,4689487,
Korea_TreasureProps/Textures/T_042_Bottle_NM.png.meta,626f6562985d51a12d2be3546bb89ea795185571ad6447ae171891bf5d9e4878,1637,abc00000000010125508264533992935
Korea_TreasureProps/Textures/T_042_Bottle_RN.png,814593bab0ecab1be9636ceb15d92c5cbf60d22a444366a15e8122d0892f83a4,952332,
Korea_TreasureProps/Textures/T_042_Bottle_RN.png.meta,801684424e8ec802b5b692c248edcd9b3bbb3d457eca312c47356a60397a2dd8,1637,abc00000000001333791558373424830
Korea_TreasureProps/Textures/T_043_Bottle_AO.png,cc6105e22bed997fa927a3bce227ad65eba450fd24f56f3262f10c86ea548cdc,1462458,
Korea_TreasureProps/Textures/T_043_Bottle_AO.png.meta,f27c005eb211b950a73f36e1f29e9ded641f37be45f9a002d975b816c5fb6726,1637,abc00000000010466360466552920606
Korea_TreasureProps/Textures/T_043_Bottle_BC.png,db1d4a299c3130f0377516c3d5b6a873d5b922fd283e1ad9b332b22c8898f975,2745896,
Korea_TreasureProps/Textures/T_043_Bottle_BC.png.meta,c1d634193947d418e0287731628128f3fe16890cbb76268df02d61678bad8fd0,1637,abc00000000000285641757598942897
Korea_TreasureProps/Textures/T_043_Bottle_NM.png,e09a1d27738efb83ad90233bd9be7ef7cd778df32b2b9aa76027d6c765567882,4326946,
Korea_TreasureProps/Textures/T_043_Bottle_NM.png.meta,cfd30aab05ac2c26d2f67984dbb63040ad43027e2aa89c815310a6f917a38b98,2947,abc00000000017449022480083862147
Korea_TreasureProps/Textures/T_043_Bottle_RN.png,88b9e8b7f3a1602cc7ba3808b5d6fe06d4579794b039d5e8b89d321546c6d19a,536142,
Korea_TreasureProps/Textures/T_043_Bottle_RN.png.meta,3e45b27677b563f348c11d5ebad970996314b0aa1e8d009a279c87e58112ff7f,1637,abc00000000012749931377858509890
Korea_TreasureProps/Textures/T_044_Yeonjeong_AO.png,2c6d053c375835b85c49a6295f607ca760891215bc5e5d24f3d442ef11623039,1153576,
Korea_TreasureProps/Textures/T_044_Yeonjeong_AO.png.meta,70f3a03b1518fcd2cde5d242ed621d0e5524ef0137aebb80d7f05447d800765f,1637,abc00000000003549504456843766790
Korea_TreasureProps/Textures/T_044_Yeonjeong_BC.png,ecd4a4094d33f2943205f491062bac9a076fa71344f49429ce8e92754555df2c,2529890,
Korea_TreasureProps/Textures/T_044_Yeonjeong_BC.png.meta,04213960b195e9a05dc7694efce5280bd38e2e173ea2972f8707dac5c3098b05,1637,abc00000000006416064872542339657
Korea_TreasureProps/Textures/T_044_Yeonjeong_NM.png,299a6c9b2a73966516020883070b2587f66794170b2e0b61493a2ed9e5ab9487,3652386,
Korea_TreasureProps/Textures/T_044_Yeonjeong_NM.png.meta,7e43a0d3d05cc4a0052c7618f88dd741ed140dc57d7df2bf5f318a36cb14b98e,2947,abc00000000015949780818650309467
Korea_TreasureProps/Textures/T_044_Yeonjeong_RN.png,542b3a831f9222161f9b8fa451f4367057fe4bec388acd2c7c0a5888cafc8a7e,807247,
Korea_TreasureProps/Textures/T_044_Yeonjeong_RN.png.meta,010685cdb6b32b9e868278e922c16717f7784aa7ff11c580eea8c1c480102e56,1637,abc00000000009974997075641876042
Korea_TreasureProps/Textures/T_045_Incense_Burner_AO.png,f4c8e8e7d345f929a396cbcfec711dbeebbb5ce9648376f65fd09f06df71669d,2635015,
Korea_TreasureProps/Textures/T_045_Incense_Burner_AO.png.meta,f89156d6d37254dff5f7dadf5fd1527ab18f52b8df9f41a6d560c2f9f8cfacba,1637,abc00000000014741673789564024406
Korea_TreasureProps/Textures/T_045_Incense_Burner_BC.png,1e8da0e732f865f735725395ca82161d1500d7d0b30ddf58a8789b4fd74ecf07,3614704,
Korea_TreasureProps/Textures/T_045_Incense_Burner_BC.png.meta,dd970e43750c01525687e1bfb6662a310bf0e70dd86ef0df069b6c662acf87ba,1637,abc00000000004945120866555694105
Korea_TreasureProps/Textures/T_045_Incense_Burner_Lid_AO.png,4481bc35541483f278bc6e57ef6e5b34118b9a10c50058d4714215ff1907bd31,2705367,
Korea_TreasureProps/Textures/T_045_Incense_Burner_Lid_AO.png.meta,51e3d9d6f7f9fee5beb6ec5cc673280e2da9be44c60894a77ed830605f9dead8,1637,abc00000000004928484671414227152
Korea_TreasureProps/Textures/T_045_Incense_Burner_Lid_BC.png,e357c9a3beee323183eeb078201c282f2b5c9cd265c1815b71620cc928821679,3726974,
Korea_TreasureProps/Textures/T_045_Incense_Burner_Lid_BC.png.meta,cbb82831fa9a6e200f14ab06ea05cf2b42a4651429877284c968748ddbaeff8d,1637,abc00000000008211733756595650191
Korea_TreasureProps/Textures/T_045_Incense_Burner_Lid_RN.png,b5e2b83a2dce6735afa7c5003c6c93d5673c378b31e21fb728f7338f670cfd08,2112177,
Korea_TreasureProps/Textures/T_045_Incense_Burner_Lid_RN.png.meta,bd16b310f6e9785ebdb11d3a8f7886f664014a5bb7511713a52e81b60abab110,1637,abc00000000010170638082532031544
Korea_TreasureProps/Textures/T_045_Incense_Burner_NM.png,94e9f25be2d27c3fd305b92eb47c020c5505a56767618d0a6071ca0cc857ded0,4828293,
Korea_TreasureProps/Textures/T_045_Incense_Burner_NM.png.meta,7cc9e7f88df47abba3a5173a6f83fd3343b83fd07e0090f40cb7e74d64483ea0,2947,abc00000000014606790569508744555
Korea_TreasureProps/Textures/T_045_Incense_Burner_RN.png,94ba94012284aae70bb4bedcb40e617e52f4d8606e30a5a77f4e0e4dea6d50f1,1784129,
Korea_TreasureProps/Textures/T_045_Incense_Burner_RN.png.meta,17307e6ef479c4ca6e1b5e1c28999fdce61dea69cfd01c6af8ccdd9fc7087e15,1637,abc00000000001179339853248502266
Korea_TreasureProps/Textures/T_046_Pot_AO.png,821c84d567e492195d3913e564a148eac894b615e4f6f33a9ce1394140aff0c3,713582,
Korea_TreasureProps/Textures/T_046_Pot_AO.png.meta,74dc60ad800c459b0d6068b22452c5a855880af78a01f46da3216320dacfd275,1637,abc00000000004107106956256377947
Korea_TreasureProps/Textures/T_046_Pot_BC.png,44cfef4e97a47a360f13e4ff83182d22be3f9abfeb6499171fe24104998c29f5,2421807,
Korea_TreasureProps/Textures/T_046_Pot_BC.png.meta,51624815a73ac2518ac6d847627922a7eaaa6b6ebf41912279d316b7248da7ff,1637,abc00000000008978190094111201716
Korea_TreasureProps/Textures/T_046_Pot_NM.png,4a29adc293963a19713551e972695e149e6c0d51a79126787c6cd00305696b6e,2939608,
Korea_TreasureProps/Textures/T_046_Pot_NM.png.meta,d3f480cf526d4fc05f62cb6ef237472d8384071708ef11dcbbaff99b9ab51a33,2947,abc00000000013718291937832876594
Korea_TreasureProps/Textures/T_046_Pot_RN.png,6a79aef6157c7a08cdb8365dc51412bfe9c8e17807bb9403b115f8b11093e186,792943,
Korea_TreasureProps/Textures/T_046_Pot_RN.png.meta,f6a6ef88dde1b0ed746dc794bd2ac6cfe86b4019043e1f08d5d9a318cf719da9,1637,abc00000000012366515486817628339
Korea_TreasureProps/Textures/T_047_Brick_AO.png,36e546f218a57f2c1f990df5f893921b701bc295f0046d20365ec5d902b1b4ba,989653,
Korea_TreasureProps/Textures/T_047_Brick_AO.png.meta,d66cf16b917651db4f34ad18c23c8317c95be98adf133624cff45301a9371ec5,1637,abc00000000014110300187059619767
Korea_TreasureProps/Textures/T_047_Brick_BC.png,a9303317ba0579b12d648fa4f9b3952687d9f6bf5b7de885bf8337bc87b5eb8d,3601662,
Korea_TreasureProps/Textures/T_047_Brick_BC.png.meta,925db72c35151300aeb65746cc1dcd52d6c32de95cb83a4f014003dea53cbcb1,1637,abc00000000006144304480009753528
Korea_TreasureProps/Textures/T_047_Brick_NM.png,fbfeff0b14a836d4c5945751f43bcb39fb74a7d1b7b6b7a04e1f946269985890,5328352,
Korea_TreasureProps/Textures/T_047_Brick_NM.png.meta,a5a85304cdca52c7f29b2b74fa18a740aac2256c531d3e44eb9b4121ae43f1af,2947,abc00000000013359128727497944342
Korea_TreasureProps/Textures/T_047_Brick_RN.png,abf9ff2ccfa6fc8e0a1bf7f2313e7bd3ca65c2e146bb09a725bcf02723cffc82,2095598,
Korea_TreasureProps/Textures/T_047_Brick_RN.png.meta,f14024290a62b4677e55a81622717aa4feab0044112242a87351140fccce8674,1637,abc00000000018045959756416190639
Korea_TreasureProps/Textures/T_048_Statue_of_the_Buddha_AO.png,2d5d9f91adfbe842e40f96d2bdc2f77228f33643ed47a996f5255763c43443d9,1338581,
Korea_TreasureProps/Textures/T_048_Statue_of_the_Buddha_AO.png.meta,6619c3893b965ce88899c0155d3ebb6bfba0a01db02319452169dc73eedaf5c7,1637,abc00000000008980964273629685579
Korea_TreasureProps/Textures/T_048_Statue_of_the_Buddha_BC.png,42140ed0a39f041bb0022ef221471ac83722aa6670c459b5da8a451ec08b710b,4369057,
Korea_TreasureProps/Textures/T_048_Statue_of_the_Buddha_BC.png.meta,3c48ca76cefd50614742de758be47c325b4b6ebf728d99db723a92f1a03c51f5,1637,abc00000000007466226895867917476
Korea_TreasureProps/Textures/T_048_Statue_of_the_Buddha_NM.png,12c415e299ab53f346b8c0c47ff0b19afcbcd2c99e32050021ca5a36c630204f,4429245,
Korea_TreasureProps/Textures/T_048_Statue_of_the_Buddha_NM.png.meta,bd5532e2f2eca995aa36b501fa92a3be24aff59dc0ad5311ba5a0ab179cc16cb,2947,abc00000000012427804817441222690
Korea_TreasureProps/Textures/T_048_Statue_of_the_Buddha_RN.png,4132e84d82f627e79fd7e7d70931a5b2e3a38a6cd81ce1cfab888ae629e46263,2359672,
Korea_TreasureProps/Textures/T_048_Statue_of_the_Buddha_RN.png.meta,012d953cc83711a7625361d9a7a4b895e99232aa2a804459c8d170da4d191778,1637,abc00000000015915254258686762051
Korea_TreasureProps/Textures/T_049_Bottle_AO.png,34bdb0dbdf940ac115a81d65de87a3f1d3a5869c958f76b5307ab81f97fc9225,751744,
Korea_TreasureProps/Textures/T_049_Bottle_AO.png.meta,4db6f9acd8d8fc3ac31aa5fb764cecfe120266f1471281171d7be788506e9485,1637,abc00000000017634572244447106074
Korea_TreasureProps/Textures/T_049_Bottle_BC.png,ccd30d36a5809b31b2ec5840ce56959269c62bcbd1af20b66366b8671101b5e6,3823435,
Korea_TreasureProps/Textures/T_049_Bottle_BC.png.meta,51e3fecd6b6309b89c6842dbfe91022f648cefecdd4fc5b47c97c95933037cc6,1637,abc00000000002258735797938585317
Korea_TreasureProps/Textures/T_049_Bottle_NM.png,61ec5aa8494a80a99d95820b2acaf2e1b59a3b3b68b6ad893df2fa2881c8d116,5231268,
Korea_TreasureProps/Textures/T_049_Bottle_NM.png.meta,408c4eda9c455f8e5bbdb3f1a24e505a1090c3323ee16aaec0c7879a6db32071,2947,abc00000000012743600015401498775
Korea_TreasureProps/Textures/T_049_Bottle_RN.png,779b90026f11981acd121475396c22a43d889b238a72bf33da840f573165ce1d,951046,
Korea_TreasureProps/Textures/T_049_Bottle_RN.png.meta,bd68178cf3f1f9dcacd1af825bc076043bf627adfee4c69d046c3ed3ec345af2,1637,abc00000000015319078871307288398
Korea_TreasureProps/Textures/T_050_Bottle_AO.png,437169358c3014bd92cac6bb7b1dd2f3366b6a98796c934a31628da8e4d1f442,834639,
Korea_TreasureProps/Textures/T_050_Bottle_AO.png.meta,e2cd5c4814e668f7c19afa705daccca224de150596ad4af04862f0298b0cc4b2,1637,abc00000000005943336551481661674
Korea_TreasureProps/Textures/T_050_Bottle_BC.png,7a0a14b7bca4042a3d6ad26bb62e3b3e28245e69a7e87f3ac1eb901cac949166,1823561,
Korea_TreasureProps/Textures/T_050_Bottle_BC.png.meta,4975269fd48784d176a648748c25f593e45b8280bae5fb00ea4997bf2d9785dc,1637,abc00000000002689855576745395253
Korea_TreasureProps/Textures/T_050_Bottle_NM.png,00393d2b2ecfcdcb394df4e5753079686424f2658e58ff0fee51844dcaac4f2c,3941609,
Korea_TreasureProps/Textures/T_050_Bottle_NM.png.meta,1ad057928ffbfc2e7d958062e4117b15e88a8a5222a58c9c77e09ce03c887908,2947,abc00000000013019906297010875431
Korea_TreasureProps/Textures/T_050_Bottle_RN.png,6c4192250e7f155ec370a3d08a8c8175c9e63037e916d3b03a2bc1aa648e6786,429991,
Korea_TreasureProps/Textures/T_050_Bottle_RN.png.meta,deae606b968c28e758af0912f114b5b07facbd12757af0f9b33aa7a8a3bbfd48,1637,abc00000000004862680885024122366
Korea_TreasureProps/Textures/T_051_A_Ceramic_Bottle_AO.png,5fd064bf4c92769982b06d47cc89a6036d07ea045a15b994ad4271ed8974888b,855378,
Korea_TreasureProps/Textures/T_051_A_Ceramic_Bottle_AO.png.meta,11da622b056796c3c68bfc521ee0386473884b207d731c81083acc69ec8bf45b,1637,abc00000000001106264494333481614
Korea_TreasureProps/Textures/T_051_A_Ceramic_Bottle_BC.png,628c4d631f8470ce376bb269ecee096bb8189e1432653e5b70736eca3cc05ba2,2019090,
Korea_TreasureProps/Textures/T_051_A_Ceramic_Bottle_BC.png.meta,a3349f8c4a3642e5bb276158eb650bed10afbb20468f142571a6346a8533480f,1637,abc00000000009476766095254848673
Korea_TreasureProps/Textures/T_051_A_Ceramic_Bottle_NM.png,bb5bc0f7479523db0876fce00d8956497bd2cb4ee923c8bf7d70bbf7fe9f2de5,2684906,
Korea_TreasureProps/Textures/T_051_A_Ceramic_Bottle_NM.png.meta,fd64e0f15d57433a73bf6208c5649c8626f69bd2c60361d87bcfc40bc093525a,2947,abc00000000002075872610135418739
Korea_TreasureProps/Textures/T_051_A_Ceramic_Bottle_RN.png,ae74dc111f481812c8a0798bcdc676d420a20804a442a7eebadb0cab754621f5,535120,
Korea_TreasureProps/Textures/T_051_A_Ceramic_Bottle_RN.png.meta,e6e77a195a1bd3da200328aaa1cce0269b74db7a8843f3e4e6bb1dd8782853d7,1637,abc00000000016706639248170595346
Korea_TreasureProps/Textures/T_052_Pot_AO.png,d0d60afb96d59eb63405693ea8603eac7f149dec2ad620fa15e89c02920dc86e,874935,
Korea_TreasureProps/Textures/T_052_Pot_AO.png.meta,29839b44747d57812d518a0debb2c4777e12fa562d220d1ff0b5e302d49c4639,1637,abc00000000015757234342010028881
Korea_TreasureProps/Textures/T_052_Pot_BC.png,7047c68f09fa8be2fd59003e1e0602e9be3f5bab37a8930fcd668d647b3e0dfb,3217483,
Korea_TreasureProps/Textures/T_052_Pot_BC.png.meta,cc937b10d00e69042053920594d921e89f6f365af550b5927187af27fa9680d3,1637,abc00000000010110163032793003030
Korea_TreasureProps/Textures/T_052_Pot_NM.png,e246ba3b80a431b6b5a2ce51b23f23cb1fc2317901418d22d498a34b2f346308,4465541,
Korea_TreasureProps/Textures/T_052_Pot_NM.png.meta,baaa3e813dbdcd21c9d039517cd7f2d8d89a8ef31da7b8911fd5490e0354fd1a,2947,abc00000000006973359651521016272
Korea_TreasureProps/Textures/T_052_Pot_RN.png,8162f4a002fed448cd3efecbaa6be59323daada3173095cb4d17b93b182155b2,1682017,
Korea_TreasureProps/Textures/T_052_Pot_RN.png.meta,ed437d595d030ddb91548e6320d82db50447c6352f6bc5e6a076e4af02b3d1dc,1637,abc00000000009392557910379416061
Korea_TreasureProps/Textures/T_053_Brick_001_AO.png,ca1d041edcd14c2b18e6363b774b72602247a3e0c8224266520d29da2c9b9339,575031,
Korea_TreasureProps/Textures/T_053_Brick_001_AO.png.meta,1b4e4fccaaa82c8ec7a10f70ab3a9a69a84dc7036dcb7e0757a542bfe8c8b50c,1637,abc00000000000306656487863610653
Korea_TreasureProps/Textures/T_053_Brick_001_BC.png,9a381de913a0af627d7b181bd08c313ecd1c65074bde5d0cb6d7aa7da48e7783,4090872,
Korea_TreasureProps/Textures/T_053_Brick_001_BC.png.meta,a181168538ea23dab41f7812233004038731fc1f4329ebadddb11eb49770aad7,1637,abc00000000005083537241814151802
Korea_TreasureProps/Textures/T_053_Brick_001_NM.png,9d77b6c22af0f5ca4df61b8d415a4ffbea3f6ef97006ed4c2ea6cf26bfc3bfa4,5077023,
Korea_TreasureProps/Textures/T_053_Brick_001_NM.png.meta,e9c0fe00cff93581ccde42a92ca223e364fb3fde90a43c3ee09f912f509e9fbb,2947,abc00000000002714747108036335476
Korea_TreasureProps/Textures/T_053_Brick_001_RN.png,f81d4c34459860b26c253ebec369af18ed0e450fb9a09967f29abfd4bc6cc448,2486289,
Korea_TreasureProps/Textures/T_053_Brick_001_RN.png.meta,a30eed895a9cfa23558be30cee15bcab94fb02ad316239055249de0a17f2e2c3,1637,abc00000000007590721552782955769
Korea_TreasureProps/Textures/T_053_Brick_002_AO.png,25f97357c6865a982ed03ec11bdce9a5efd5bd6df9fc9d9d2af77a2e3284406d,700666,
Korea_TreasureProps/Textures/T_053_Brick_002_AO.png.meta,8e3996f26f7e9c223efd3e3749641a8550259d37031e031332ced20ce80334f8,1637,abc00000000001081820044172335482
Korea_TreasureProps/Textures/T_053_Brick_002_BC.png,2d9f89564903967e9f3714a50e6c3c66ab1fe5374c5ce1c7a4fb14dec4d078e3,3081464,
Korea_TreasureProps/Textures/T_053_Brick_002_BC.png.meta,e9809567e68702766c2c32badabd2ce9ba8a9c944e2ce3941b4b747e7be36f6e,1637,abc00000000016688379834444627397
Korea_TreasureProps/Textures/T_053_Brick_002_NM.png,9dd05debb9ac5b0aa4f459ccaad58e251729bfd9071019b29a89cc1d8abf94ce,4714267,
Korea_TreasureProps/Textures/T_053_Brick_002_NM.png.meta,875c368e721be60ff7973171da7c58e3294ca84bfcb3c979df8942478042ca99,2947,abc00000000014392990134026389495
Korea_TreasureProps/Textures/T_053_Brick_002_RN.png,0d96faa974a7ca8bf50ef1ae93733bf2a1078567b1e10f89fd0eac59364ed34b,1919179,
Korea_TreasureProps/Textures/T_053_Brick_002_RN.png.meta,f909d32e6311cf8857c449be58ab9f345a93ffc2ead0b1f5690ed6d739a1af98,1637,abc00000000016901595303045365550
Korea_TreasureProps/Textures/T_054_Statue_of_the_Buddha_AO.png,00efd5beb4703d4916202c6b684dc4dbfbfed57689b6972fab18cc6ca5455bc9,3298251,
Korea_TreasureProps/Textures/T_054_Statue_of_the_Buddha_AO.png.meta,695943806fb9acf88e6d657ff7d6c7e6d48980c5440c2fa72b8446a9bfece36f,1637,abc00000000009524702601505143745
Korea_TreasureProps/Textures/T_054_Statue_of_the_Buddha_BC.png,91d4fe2b5afe38e58ecab8ce29a1a3c20c19c404872d72e61b97668af5971792,5699036,
Korea_TreasureProps/Textures/T_054_Statue_of_the_Buddha_BC.png.meta,05e3d531104ecd24a4a853e3c05bc8ea57bb20aad667c19b12a672fa18983707,1637,abc00000000004061645558349179654
Korea_TreasureProps/Textures/T_054_Statue_of_the_Buddha_MT.png,28d50e2d3c27aa144f80d0dc118d14da77fbc91220a1c390cf15dd4ebfaf9896,2134609,
Korea_TreasureProps/Textures/T_054_Statue_of_the_Buddha_MT.png.meta,495ada0e9391d618fd00b7da458d2a8982819c5a2d770d8ab5b5d0a0898b73e5,1637,abc00000000000013224413740733356
Korea_TreasureProps/Textures/T_054_Statue_of_the_Buddha_NM.png,ae7c5458854d07405fcef19061a4ecb0f6a4da83e0af8ab91149c501df80ed68,6807505,
Korea_TreasureProps/Textures/T_054_Statue_of_the_Buddha_NM.png.meta,a08c1d4f31cd8ba9953c5e2291675d117dd2e0a32f0816d41e43c6a2c89e53cd,2947,abc00000000006873536636994463040
Korea_TreasureProps/Textures/T_054_Statue_of_the_Buddha_RN.png,e56617105d661840c45a90107e96d1d24b229db31eba5b56a2b4d8562ed4353f,1825171,
Korea_TreasureProps/Textures/T_054_Statue_of_the_Buddha_RN.png.meta,e6c69872a4855828b8eface23a3cc0a9a93d0dce54991ec821e4fa6b9f673ad8,1637,abc00000000010490321896977189133
Korea_TreasureProps/Textures/T_055_Statue_of_the_Buddha_AO.png,829b0ca73434520a13ab8cdd20f695572ab365c0f3a13629a10939d3bbb5d5b2,2642142,
Korea_TreasureProps/Textures/T_055_Statue_of_the_Buddha_AO.png.meta,47e4b82204aa6ddbd8be2c1fb3701eae1cf013f4bd53a79ae8165501a6965bbc,1637,abc00000000000371080021951563195
Korea_TreasureProps/Textures/T_055_Statue_of_the_Buddha_BC.png,2d46d04140e74627468c592871af854865b2a93fe9f94fbdf9537c5b7e214916,5983800,
Korea_TreasureProps/Textures/T_055_Statue_of_the_Buddha_BC.png.meta,9d536c35a1707123292f6e40b2e6261605e2da073542eff294b6ff971d97ae6a,1637,abc00000000011106018554109280532
Korea_TreasureProps/Textures/T_055_Statue_of_the_Buddha_MT.png,6fc5f9373729a5359251e90d7e3104068a9e2bae9c689bbf63f662626680607f,2837825,
Korea_TreasureProps/Textures/T_055_Statue_of_the_Buddha_MT.png.meta,bf950e9e593e073d2a8a0c8904c8f4dd17044d08949435552660a960e3125523,1637,abc00000000000608622701889541698
Korea_TreasureProps/Textures/T_055_Statue_of_the_Buddha_NM.png,035088816867b67a471d87245a0a8f5bc623697ee7c7228826d05361273513e5,6334457,
Korea_TreasureProps/Textures/T_055_Statue_of_the_Buddha_NM.png.meta,1f60c643f8766b8f2e35c5a0f0d279e587186f5bf3c72b043d7d5e95aeabd499,2947,abc00000000016091285102594489746
Korea_TreasureProps/Textures/T_055_Statue_of_the_Buddha_RN.png,51cfe1837b06f1bebbded8909eb6ddeed5e05ac6f10efad79be6516d60b14b1a,2714835,
Korea_TreasureProps/Textures/T_055_Statue_of_the_Buddha_RN.png.meta,59bde47d3c65a506de74bc7ae347ffaae09bce87840339372aee4d263b687aff,1637,abc00000000002527153815961913619
Korea_TreasureProps/Textures/T_056_Brick_AO.png,d92557ee6c46f1f9fa71a921c7647b6a3db3c8518aa3cefdf1875b32fb3029fd,680456,
Korea_TreasureProps/Textures/T_056_Brick_AO.png.meta,5a0d7c5009a7f404bae86b7549dfd9f2396b2646ce5ececf85bc3fec3d17e903,1637,abc00000000005522834883228150771
Korea_TreasureProps/Textures/T_056_Brick_BC.png,0b4830a1ee2d1e370e54ae7f167f47bd63958234753484b3536bc2e3889a3958,3938498,
Korea_TreasureProps/Textures/T_056_Brick_BC.png.meta,e9a93ceb06b1f110675f60ace5c5db06dfef29fffab86153c7ec160c6692f539,1637,abc00000000001624704160751689212
Korea_TreasureProps/Textures/T_056_Brick_NM.png,4475a80ffa7b3125f17914ecba33c06b8fb52dfc56c6153ef23f5893d80045bb,5443074,
Korea_TreasureProps/Textures/T_056_Brick_NM.png.meta,dd0daef01a5aca8f73476578e79543573bb230c47a2dbca2e8ec0effb5d43ac8,2947,abc00000000000511651595388013402
Korea_TreasureProps/Textures/T_056_Brick_RN.png,8d8b9ea01fba96e1e1938599abd8347f430a0f6be94c1c00595a5ffa6ca22709,2399665,
Korea_TreasureProps/Textures/T_056_Brick_RN.png.meta,8650e901f47c583a2307d466da6ed312e71e1f8c855c034a3393a05970feaaf9,1637,abc00000000006379242684330830507
Korea_TreasureProps/Textures/T_057_Brick_AO.png,e4089467efb89ca2bc6902c7078e9b29b865ffbe94f3e3fe27051984c693578b,624455,
Korea_TreasureProps/Textures/T_057_Brick_AO.png.meta,6375ddc9417b59b4b3e58c00d6959787e87294403198159d33c7762fef647872,1637,abc00000000016051344664047660793
Korea_TreasureProps/Textures/T_057_Brick_BC.png,ef6cecad3eb8d71a6b7f519873553be565b21af730d4bf55eb9b40734ee4a7a6,3430185,
Korea_TreasureProps/Textures/T_057_Brick_BC.png.meta,08268798e7bc3cc30414156dc8164479e51c1d6c48ba2c4796eec79cd860ec10,1637,abc00000000016070304104887186126
Korea_TreasureProps/Textures/T_057_Brick_NM.png,3e8f4109a87dbb023d3269752455cfd91d1f579eed14b2fd5eb0bd672c245f26,5238530,
Korea_TreasureProps/Textures/T_057_Brick_NM.png.meta,264343042c98e585fcf75364dc042b891b1746bfab5c3e83670fc1a5dd103afa,2947,abc00000000012642251105580367272
Korea_TreasureProps/Textures/T_057_Brick_RN.png,4eb2583d35a7bdf18649dfd729b47e7ec4b78f3fcc32626f152b35434262f670,2216743,
Korea_TreasureProps/Textures/T_057_Brick_RN.png.meta,c47625ffc7f7dbb906b3f9b5a5decf612aa1f3c716c9d24c0cb786698111e9c4,1637,abc00000000003009961031518483045
Korea_TreasureProps/Textures/T_058_Cup_AO.png,da8c3a9e00e85f84324b55eb5b8aac0cbde75ffc863920e23513565f446dde52,3156465,
Korea_TreasureProps/Textures/T_058_Cup_AO.png.meta,1263b8b965acd9e14d86bcd1ce3a469ccddebb5a8fc188df6dbd36b6ca76190c,1637,abc00000000004178690764757347104
Korea_TreasureProps/Textures/T_058_Cup_BC.png,92a2a5ca99374b0605c9bac0407fcf485fbe7afaff44a8614032014be8ef59c9,4920712,
Korea_TreasureProps/Textures/T_058_Cup_BC.png.meta,705a7881733f08125de92037baab72e1838dbd7d575878077d819dddf0b79d16,1637,abc00000000013518038070154273119
Korea_TreasureProps/Textures/T_058_Cup_Lid_AO.png,946ad56854333528211241780519c2ca746c154437c0d263b7b509b527e30253,2216522,
Korea_TreasureProps/Textures/T_058_Cup_Lid_AO.png.meta,01081fda2c1072ec3a997e9f15392246ee63c145e293824cee005fca2226d177,1637,abc00000000014666759184758149294
Korea_TreasureProps/Textures/T_058_Cup_Lid_BC.png,4a71ce9adb3bbc4613d7384f7ca756818b118627907edf446c3981c64de15fc0,3960116,
Korea_TreasureProps/Textures/T_058_Cup_Lid_BC.png.meta,a2629b1440718afdc3bb579a6c1e4a983c7e4b61899196eac9339299265d18f5,1637,abc00000000004590516711969964737
Korea_TreasureProps/Textures/T_058_Cup_Lid_MT.png,15474aa3c3acd33bb16f886d2d7958e37bd628174a337d3d555c1900c6a31908,1266519,
Korea_TreasureProps/Textures/T_058_Cup_Lid_MT.png.meta,c5a24b594dce1043f16897711e9688e8ab8140545352d933c9f3122db3551186,1637,abc00000000005637049955312056791
Korea_TreasureProps/Textures/T_058_Cup_Lid_NM.png,7713d3ea8245e276a70d6a1a757e93558475de8d417429124aa7cfa424f9ac5c,4621870,
Korea_TreasureProps/Textures/T_058_Cup_Lid_NM.png.meta,0f98395ab0d9610c7631e7521f00c62bd927d43df67803032976188bc80d82a9,2947,abc00000000009335385850557871123
Korea_TreasureProps/Textures/T_058_Cup_Lid_RN.png,6bbc33aa65b7f739832795a50e1f044100a20edfab58c68384a0dbf100d61daa,674689,
Korea_TreasureProps/Textures/T_058_Cup_Lid_RN.png.meta,29cce09e0266f34511f6c24ff8900afe41852f321073471830f3b2aacccb124d,1637,abc00000000012012351215821498802
Korea_TreasureProps/Textures/T_058_Cup_MT.png,8c93508006ca66af4c4d105bbdbb14350db8acfd32b09d56801ae2d552331080,1571964,
Korea_TreasureProps/Textures/T_058_Cup_MT.png.meta,b1de0828c1a92d522b09a0bc2c81d17a9b6cb8e33c18c1c0bde0f75c37c24cfb,1637,abc00000000004597016238682946237
Korea_TreasureProps/Textures/T_058_Cup_NM.png,254f0ea3e2f56dc78eae6e715c18618c2e7e2262594f140d5a0952ff8ffe05de,5587760,
Korea_TreasureProps/Textures/T_058_Cup_NM.png.meta,8f7191a1448338ce06802b7bf8683bba66e67817265d582feea34dc299b858a1,2947,abc00000000007369136560751762413
Korea_TreasureProps/Textures/T_058_Cup_RN.png,12bbbe706c5b7af6050a9be9ceaec73b912c17d638fed32aa33f9685e4b8cd98,1472369,
Korea_TreasureProps/Textures/T_058_Cup_RN.png.meta,919966509324e0ce9863bbba8a1ca9bfdc1048fc7647207010971ed821ceb89b,1637,abc00000000008100956297345880040
Korea_TreasureProps/Textures/T_059_Clay_Statue_AO.png,77972d38d217a0f75e76b0e25ab2193e682cd1b0e6d9c0ac30597cc612250724,2134177,
Korea_TreasureProps/Textures/T_059_Clay_Statue_AO.png.meta,7024e8c8ae470599cf475d22d68bd3766dacdf6ba4663ab264c40750c9f83b92,1637,abc00000000012052361342081194758
Korea_TreasureProps/Textures/T_059_Clay_Statue_BC.png,e3309a90daa5e8363b45c9cacb904d8245ebf9ce8b8a6a793b1ffb166592625a,4553181,
Korea_TreasureProps/Textures/T_059_Clay_Statue_BC.png.meta,a8ff7723d00a83a19381eba61a012b6c361b0c2ee7838cb5d201a0a0accf8ee9,1637,abc00000000014918921757779767625
Korea_TreasureProps/Textures/T_059_Clay_Statue_NM.png,06cea592c001b003341fc182c5c9e5ca751a0ad519c0c5e77f1b32a72fd23181,6944287,
Korea_TreasureProps/Textures/T_059_Clay_Statue_NM.png.meta,5b548ab875872cb92fce1bc0410eb1c6bbff8df3c9a08bf0d8d4c2c34c8fefe3,2947,abc00000000006005893630178185819
Korea_TreasureProps/Textures/T_059_Clay_Statue_RN.png,953ac2e7d2a05171616d7b8c63d2339c58e44a130c95dab24ef6ea2275d3d268,4004544,
Korea_TreasureProps/Textures/T_059_Clay_Statue_RN.png.meta,ae0d6e2e9a6d562378eca5f86b9f65cb2ea06afeb981d0af252ca0828ea8b55b,1637,abc00000000000031109887169752394
Korea_TreasureProps/Textures/T_060_Clay_Statue_AO.png,6e51500962d46af14e692ee6011e9e7f8e844218837911561547d81579a3557f,1100950,
Korea_TreasureProps/Textures/T_060_Clay_Statue_AO.png.meta,7735d4583d18b511d2510990e5f54b7f4c2f879125b23c2a1a79137da1314600,1637,abc00000000001452782633211840678
Korea_TreasureProps/Textures/T_060_Clay_Statue_BC.png,a4ac28cc5d379055cb2bae33acb79f6f77a90cc39cdec7e10168ffd1636c0a0d,3665750,
Korea_TreasureProps/Textures/T_060_Clay_Statue_BC.png.meta,9ccf4ea9cc2b04c1d425c3afd8d0a11f5965335b65b0a6a6dddc5a04f31f343d,1637,abc00000000010164405697592356585
Korea_TreasureProps/Textures/T_060_Clay_Statue_NM.png,e6c6b5a549c8336bf7caecb15eae64044d6dc68ff0e9e098abc5fe53acbe27a8,4792019,
Korea_TreasureProps/Textures/T_060_Clay_Statue_NM.png.meta,3402a8275bf66760d3cd48f790f0a0b47b8e6b226684e8cbf660f1c6d292d74f,2947,abc00000000007744038895951955451
Korea_TreasureProps/Textures/T_060_Clay_Statue_RN.png,c6e74afa5476c0ae118af94b6f48ae2bd635e869477da68168780373a628fad2,1825824,
Korea_TreasureProps/Textures/T_060_Clay_Statue_RN.png.meta,60adaae5627a138c0336441c56ded983efbb960a1ed3f9ae542641ce8ccfc068,1637,abc00000000008070518077922559338
Korea_TreasureProps/Textures/T_061_Jar_AO.png,631a251135e7aafd4691414e14da367b41bfb004ea6897b4c5fe33c174c5b625,998434,
Korea_TreasureProps/Textures/T_061_Jar_AO.png.meta,476a99dd9414486a7af844f2dd3ef7be6badfb4c7ea4897fe785e89ffd4bf9e6,1637,abc00000000015653390610449735687
Korea_TreasureProps/Textures/T_061_Jar_BC.png,5fb42233ddf09387d0be0c65f9fbe4ec56f9c79f9a16b126e3b3df3fdf6c9850,4801631,
Korea_TreasureProps/Textures/T_061_Jar_BC.png.meta,e9ebb9cba16d392537719047b8da1d01a718bc307dc1a5fae2af430da8e1d9a4,1637,abc00000000001391644120372556616
Korea_TreasureProps/Textures/T_061_Jar_NM.png,3a1aee5c3270ef37b3b5cc7a5835b6598f84f0a6cec09aa76d2eb696342bd3c8,7016906,
Korea_TreasureProps/Textures/T_061_Jar_NM.png.meta,8add30358726daed3325b4522a4c1936de90eb49b5968d10ff51947bda1fd09f,2947,abc00000000015129066633203004070
Korea_TreasureProps/Textures/T_061_Jar_RN.png,af60499e5b7a1824cbd79d3f27f12398a0a22489d678f5f019668aa920a7fd41,2870102,
Korea_TreasureProps/Textures/T_061_Jar_RN.png.meta,3c76e8710184be47e82bc976cdd2ae1d3662d10cae858390d5c588a7c7cef53d,1637,abc00000000018330664583700535199
Korea_TreasureProps/Textures/T_062_Stove_AO.png,439cdefd9de80cde38f43faf03171489a3c91ed32191780bc36295971778d6f8,1258902,
Korea_TreasureProps/Textures/T_062_Stove_AO.png.meta,622b400163b2e12e3f745a360ba27ad4f7b16db937113adaa74f08875f50dc3d,1637,abc00000000004866298942793888113
Korea_TreasureProps/Textures/T_062_Stove_BC.png,83f778905390e62bf2cd5ac7a605bc00bbf7d0cf6050d78c7afb843c9d4fb9ad,4158117,
Korea_TreasureProps/Textures/T_062_Stove_BC.png.meta,b321999432d1764fec843125dc8ab49951afaafa06a2613f31e483d4cd6f8abb,1637,abc00000000005328529207620112182
Korea_TreasureProps/Textures/T_062_Stove_NM.png,250c240935a1f4a916e007fad743e9d8c3294f700df2cb392afa6e3309c9e618,4421136,
Korea_TreasureProps/Textures/T_062_Stove_NM.png.meta,e888a143564421b3f884cf2bbfb92f868a43d07a5ce806dfeb3a3fe85174b97b,2947,abc00000000008347700966773128304
Korea_TreasureProps/Textures/T_062_Stove_RN.png,4f6a181b2e2028d1863d7c399190682a190979e055e16cfc74e44a73ae0582bd,2832519,
Korea_TreasureProps/Textures/T_062_Stove_RN.png.meta,8f33daa0d9d808c3fa25ab987af548e11a9f979351dcd2765faf997c2a67d436,1637,abc00000000010522297470821637789
Korea_TreasureProps/Textures/T_063_Bottle_AO.png,230f766895d6ad43351c742d5ccb9c1ef255935a13233ead770fd82446fc5ebf,1116554,
Korea_TreasureProps/Textures/T_063_Bottle_AO.png.meta,7310ce2d9a5a92d9fb778cf0675520570328f7a17131d71050581affe83af0e7,1637,abc00000000013967066847968654286
Korea_TreasureProps/Textures/T_063_Bottle_BC.png,cbc00f7ee8e40f73bc4e9a08c5be197e36e5a92556314c0456853b469d9fdf66,4002979,
Korea_TreasureProps/Textures/T_063_Bottle_BC.png.meta,64c83df002a0cc4e68b8d16a6654ced55453381554c516ad0bdb238c53d7eeb5,1637,abc00000000015724830082214280161
Korea_TreasureProps/Textures/T_063_Bottle_NM.png,8ea599000b69c9062362f6dc2011875409abe7e84034f04e29c5abab0eb41c30,4900977,
Korea_TreasureProps/Textures/T_063_Bottle_NM.png.meta,0cff6d88138e504a8123313f06da5e76e0ab4f67897fa34ecc976bf111416e1b,2947,abc00000000002089547359002626483
Korea_TreasureProps/Textures/T_063_Bottle_RN.png,fa0b60d4d30259f3e4006f154141eeac3f5ae713a7e2b6bf06f11c6d2d6c1419,1721564,
Korea_TreasureProps/Textures/T_063_Bottle_RN.png.meta,e0cf2b4cb5e986cb51cc5b5947084ce9124160174eddfa6db5b8f7ab4022768e,1637,abc00000000017355086766188440146
Korea_TreasureProps/Textures/T_064_Bottle_AO.png,4a152c704ddd2eceb225ec9b0be503c63975e9fccc05354b9e9e8d824f922a49,1060538,
Korea_TreasureProps/Textures/T_064_Bottle_AO.png.meta,84ab2fc2f4dc753e80c867d77eba75b2cc6687c58b01f783e341709546afb339,1637,abc00000000014229513968739124402
Korea_TreasureProps/Textures/T_064_Bottle_BC.png,00ba5510deaa4bbb718aa6a85967727ae713255f552b32e17a563376f60ebd87,4567834,
Korea_TreasureProps/Textures/T_064_Bottle_BC.png.meta,0e3d29bf7d31bc842fcfaf00cbcb09c3deebd0ada66b1326717fdb06f3ca5bde,1637,abc00000000009232924560390526061
Korea_TreasureProps/Textures/T_064_Bottle_NM.png,bbb13f319c0f7520cccfff95586d25c4f18a7cd4cd7e1ffd5164fc3c6a997153,5391216,
Korea_TreasureProps/Textures/T_064_Bottle_NM.png.meta,634a5a9ae06ce7fa0d0e0a677d4d3667afa2b2364a4efdcdcd5d29117dcfecbf,2947,abc00000000007019278169834901247
Korea_TreasureProps/Textures/T_064_Bottle_RN.png,4e923c14f2d99b496f4e6826aaccc9430f0af60701cad35e078dbc8b832d4de8,2372009,
Korea_TreasureProps/Textures/T_064_Bottle_RN.png.meta,ef0c5009a089f35bf3e529c262903530f6df22ecf556d13ebfc06f19b9dff820,1637,abc00000000014704846140706318566
Korea_TreasureProps/Textures/T_065_Bowl_AO.png,82dcd18175f93066c637d0aae97881c3d2c49948e8890469a5578530d9b294e8,987788,
Korea_TreasureProps/Textures/T_065_Bowl_AO.png.meta,cee321b10c986dd8a0d268aa6b5468d7215fa1bfcd51f340a9c723b0f3a98de2,1637,abc00000000013039089870163782750
Korea_TreasureProps/Textures/T_065_Bowl_BC.png,09b4aa4012ccec178d08678f426d969bb56236d4094e358cf89afe3a220448c2,4061720,
Korea_TreasureProps/Textures/T_065_Bowl_BC.png.meta,b09d033060ba98faf1bad39e3f0fa7c5c0bb72825fcc8990cefb47bd77db99b2,1637,abc00000000015215732306404345329
Korea_TreasureProps/Textures/T_065_Bowl_Lid_AO.png,9e176277241e53c0846593c2ec9cf72b326ceafd47f0bb2f54836f3c3b80e492,653639,
Korea_TreasureProps/Textures/T_065_Bowl_Lid_AO.png.meta,4b1092c215247e43135e23feb4656e22855d68b6882b81098aada879dacff6ee,1637,abc00000000012191107520760513672
Korea_TreasureProps/Textures/T_065_Bowl_Lid_BC.png,c822019211458e66bc2c4433b7eceb440f4b1b0453a0e146983dcecf99942da1,4154040,
Korea_TreasureProps/Textures/T_065_Bowl_Lid_BC.png.meta,1a9a82dd3b6e238ed42384b040382827ea247c3b58b1a2fe2098239ea1d61bf0,1637,abc00000000006999816407027632695
Korea_TreasureProps/Textures/T_065_Bowl_Lid_MT.png,97f66ad544b3956eae054d663ce08241499951287eb35bdf985b402a4bfccdee,1220779,
Korea_TreasureProps/Textures/T_065_Bowl_Lid_MT.png.meta,df3a7c874ec0b321f93e6619f33cdfab1122159fae5d101df79c173d6988173e,1637,abc00000000006150070819512042853
Korea_TreasureProps/Textures/T_065_Bowl_Lid_NM.png,920a2c2deee2f2c9dbfaa1093e63378d5744ae3240fd6a6f0f8d6570212a4636,4092684,
Korea_TreasureProps/Textures/T_065_Bowl_Lid_NM.png.meta,5fba52b333391c90c85746360fa92486ea7b3becce0e3d1972fa8f1db6128576,2947,abc00000000001999293558890335557
Korea_TreasureProps/Textures/T_065_Bowl_Lid_RN.png,ee7a36fae4e37cf4c67ccda404123edc7425ed185bb9b5945fa45932a6988e94,1444104,
Korea_TreasureProps/Textures/T_065_Bowl_Lid_RN.png.meta,e6bfa711a4425509722e5920a6f02aedba9f49e614713624af9cc6d16a6ad85f,1637,abc00000000009650302038513074320
Korea_TreasureProps/Textures/T_065_Bowl_MT.png,ce5c84e4182c983114c5c2f582cb3be6834f9d3a2b2f34d186e6e02f838a3ff8,1306377,
Korea_TreasureProps/Textures/T_065_Bowl_MT.png.meta,c5a8d21e2e6d657c12faa24601bd2208a1733f300c0d5dc86477094b4cf915dd,1637,abc00000000011693688523722009831
Korea_TreasureProps/Textures/T_065_Bowl_NM.png,cb2aa7a9832e4680b9166981855e0b31ce5700e1cdd7dda8d2ccbe88df2740c6,4991352,
Korea_TreasureProps/Textures/T_065_Bowl_NM.png.meta,9cb42c59a00b6cd81673231d645a65231aebc0d8c35e4198137dc6cc480d013f,2947,abc00000000013787362645602500547
Korea_TreasureProps/Textures/T_065_Bowl_RN.png,4ffe9da69b0e85dcbf911366fb722e3600f092e4be3b285fa37e4bc130e4ccfc,1517265,
Korea_TreasureProps/Textures/T_065_Bowl_RN.png.meta,9e4f7f118b41411af250e2deb9cf5e4504ad4e435de85780a59d1b75297b2585,1637,abc00000000015078059026659481730
Korea_TreasureProps/Textures/T_066_Candlestick_AO.png,8d38fd7392d584dbb82cc9c00e856ab9cfeccf9fdc089eaa5a6019bb7af8e390,2048373,
Korea_TreasureProps/Textures/T_066_Candlestick_AO.png.meta,1a2cb7205d44a68b9d5266670f98551c255efed18a04a786b6e962060f74b614,1637,abc00000000007435412620269652207
Korea_TreasureProps/Textures/T_066_Candlestick_BC.png,c38a394a59c3afa26d363b5ba188763924660781cde483c2f9d75dbfeb0899c8,3908846,
Korea_TreasureProps/Textures/T_066_Candlestick_BC.png.meta,161152bf82f648061d05e89410ca2d3b342a78b160511d159ee1faad4448a86e,1637,abc00000000011122400485933747584
Korea_TreasureProps/Textures/T_066_Candlestick_MT.png,6db2518b69616f9a381f5b6dd3b637e97d3dbfbe1f270d3e192b802673fd5fcf,3245022,
Korea_TreasureProps/Textures/T_066_Candlestick_MT.png.meta,f9ae7cd33bee50db0fd495ff9076cfdee2a97b4412bd80599dd17d31f9e4ee7a,1637,abc00000000005003956755349648286
Korea_TreasureProps/Textures/T_066_Candlestick_NM.png,bf0f55c051f37980310bc9ab75f729c9d12dfe9a775b56dbdd813a63ba8e7e95,5319914,
Korea_TreasureProps/Textures/T_066_Candlestick_NM.png.meta,fddfe453d4f6adc7e97fea195621d90f275c60ba75e974e4872a7e2531c8bddf,2947,abc00000000017060377239338894494
Korea_TreasureProps/Textures/T_066_Candlestick_RN.png,d6a2ebde39bc40e0b2cc6d90a95f5b28b253555ed0fd9e0f129af1f35aa580cf,2374462,
Korea_TreasureProps/Textures/T_066_Candlestick_RN.png.meta,2d6d3e5e81a695534d9612a7344a3cc961b64d161253e16852fc2bac2fc3f3e6,1637,abc00000000008663946574128298855
Korea_TreasureProps/Textures/T_067_Kettle_AO.png,003b5a373e790db6b5e4ce68f7de30c1b427d0c3609e2b30c1b721fb071a097e,1717830,
Korea_TreasureProps/Textures/T_067_Kettle_AO.png.meta,2c6cc782fce7b6a992a91706f3d3993a6a3739ec54ffc99d5a2b283d5d271fad,1637,abc00000000009666331511408968981
Korea_TreasureProps/Textures/T_067_Kettle_BC.png,9c1d7a0539fa799e359e8a4e96910e8a61d678773f2535a8cddba02311755bbf,3679538,
Korea_TreasureProps/Textures/T_067_Kettle_BC.png.meta,1780e942442b8b0ff8f21368d113ff05689610f1e831dc2a6e24464d4e414d58,1637,abc00000000001296111385464423938
Korea_TreasureProps/Textures/T_067_Kettle_NM.png,a16fe2ebc58c9e40f3a8a42dcf07ce9774816545ad452cd5d4dc045f4d3c4463,4654037,
Korea_TreasureProps/Textures/T_067_Kettle_NM.png.meta,987cc1b61587f1ab64cc2f517eedfed21459a1b7541fe099203ba8700779c2ec,2947,abc00000000017472790642541559900
Korea_TreasureProps/Textures/T_067_Kettle_RN.png,23cb742b5d84c97fbc409af1e1f7c609ce58f924564f69f9537206961819fa00,245013,
Korea_TreasureProps/Textures/T_067_Kettle_RN.png.meta,05ddb1000faa409de58ab301a3826b3a11ae2b19de848049a864da49fb4f91c0,1637,abc00000000001433784665209287537
Korea_TreasureProps/Textures/T_068_Kettle_AO.png,19fbdfec22e9bb17a64d7c53ccd13d8455e531a92a47867c163b8a14bb44c2df,1624650,
Korea_TreasureProps/Textures/T_068_Kettle_AO.png.meta,99107a40737dace25c33b1d42cfcdf0906b073dc5c00579bc3450bb27fa18023,1637,abc00000000015333724331498742845
Korea_TreasureProps/Textures/T_068_Kettle_BC.png,cf6d8b45ecab9f27e0c0178b3d5d9c492c1de02fee717a33892581277603fdb5,3557231,
Korea_TreasureProps/Textures/T_068_Kettle_BC.png.meta,905d541cb8abe4e41cd8de28ea1c519f0855d9f23b79340f0e995338c7816b7a,1637,abc00000000007965123936718769690
Korea_TreasureProps/Textures/T_068_Kettle_NM.png,37ade7c522ba5838b927393f1b01d075faab2434c0e13c0299512613cbbdcc8c,5587257,
Korea_TreasureProps/Textures/T_068_Kettle_NM.png.meta,e61133448f04c17399f7a2338561a8d82679d2cf736d7a13e6291c066b8df8d5,2947,abc00000000011705072427030559252
Korea_TreasureProps/Textures/T_068_Kettle_RN.png,b784e23fe7fffe3be275bd9ed8a3997606f9343703ed77fcbc62cbdb33420d4d,411929,
Korea_TreasureProps/Textures/T_068_Kettle_RN.png.meta,ff4c71fce0616b5553c9fb1c5773cb2cee1475e675d5ef59bff1e2b58cdd9411,1637,abc00000000004171045322708536345
Korea_TreasureProps/Textures/T_069_Incense_Burner_AO.png,7f877dc2d429728c7da80108180a4a8e427d8907b7e34fb184d387580eb862cd,1569784,
Korea_TreasureProps/Textures/T_069_Incense_Burner_AO.png.meta,0ee5c0385247ac64725033103404c4a5277dfd7bd5db061714f3c8055913cd19,1637,abc00000000009483491364963048798
Korea_TreasureProps/Textures/T_069_Incense_Burner_BC.png,fe520cc0faea2e85a1e34ef8820aa85823a55e0f96b96af469b6864a9f01c560,3727756,
Korea_TreasureProps/Textures/T_069_Incense_Burner_BC.png.meta,eeb8dd3e27b7518c9ece3e68012920d8c1e67a23c3ed98fc82b362b9b3643ebf,1637,abc00000000011660133801203611377
Korea_TreasureProps/Textures/T_069_Incense_Burner_Lid_AO.png,ab5d1f24af90db49fcf8405fd12152acf8e83c3cfc425d0bc3d0f09dc4b65172,1767867,
Korea_TreasureProps/Textures/T_069_Incense_Burner_Lid_AO.png.meta,815cc11e4807d3e77156c39fdd51cce3628915cb36b0e6802099133141e60646,1637,abc00000000008001271498449831304
Korea_TreasureProps/Textures/T_069_Incense_Burner_Lid_BC.png,c9936036f902e9f24ddec4284f8377200d801dbbc3059883a1076bfbf3593021,4210834,
Korea_TreasureProps/Textures/T_069_Incense_Burner_Lid_BC.png.meta,fcbe5fa86a2ee112078614f68dd4090d8971910ed903ec40a7e7e2d44f67cf59,1637,abc00000000002809980384716950327
Korea_TreasureProps/Textures/T_069_Incense_Burner_Lid_NM.png,8b138cd5b4f685d4642016359099088715d65e11a254088f07c74fe1afeb8141,5692353,
Korea_TreasureProps/Textures/T_069_Incense_Burner_Lid_NM.png.meta,74aeb36b7b41cc1f598e95f4a58cd4dfa989b6b8ec6ba32fd69b7833b2f3b099,2947,abc00000000016256201610289204805
Korea_TreasureProps/Textures/T_069_Incense_Burner_Lid_RN.png,a1521f49f03673926715d4af945cc79d8df339e22f6775c66f9f7b0f8de4fa8f,1785146,
Korea_TreasureProps/Textures/T_069_Incense_Burner_Lid_RN.png.meta,2a55428c8c5c621a65be264955ede34e29215c390dcd560b0bed89acecd4b887,1637,abc00000000005460466016202391952
Korea_TreasureProps/Textures/T_069_Incense_Burner_NM.png,9db126a96f8080558c80eed334592fd04f06a4697193c4f34db2d7f49dd90e93,5560614,
Korea_TreasureProps/Textures/T_069_Incense_Burner_NM.png.meta,098129285fc6d6d60500189429b1ee845112890813400dcb228c408e7619f36b,2947,abc00000000010231764140401766595
Korea_TreasureProps/Textures/T_069_Incense_Burner_RN.png,dcf6f8665030f8a2989cbc74edb4f441106fa8934cdf86b8f38b19c121fc26e0,1104744,
Korea_TreasureProps/Textures/T_069_Incense_Burner_RN.png.meta,29151a146e43fe8f8d68c0d911e544079b9330dfdfd5319e3f96d8da0d0e7585,1637,abc00000000011522460521458747778
Korea_TreasureProps/Textures/T_070_A_Ceramic_Bottle_AO.png,410ac4bc4c224b4d80553938ec42775d48c8ccdff03c6b1938ade6a406ba53c1,299054,
Korea_TreasureProps/Textures/T_070_A_Ceramic_Bottle_AO.png.meta,8b487b9ace5a24afa1859dd8420dd8de13a533fb9d9eeb168b158a7862c43555,1637,abc00000000014864834183565942354
Korea_TreasureProps/Textures/T_070_A_Ceramic_Bottle_BC.png,aebf273f589652a35590eb444ec9952a429bef3d1cf5a71a1b96eaa6bb8a07f1,2998124,
Korea_TreasureProps/Textures/T_070_A_Ceramic_Bottle_BC.png.meta,9834c75ca3dd8fe60ae20255a1c2b0e6924df10d42b49cfc41be112696834519,1637,abc00000000015659822595094718093
Korea_TreasureProps/Textures/T_070_A_Ceramic_Bottle_NM.png,68c465eaea38229be18303b4340410f36438c153cfe9f8d45889eeee7c7bd520,6092364,
Korea_TreasureProps/Textures/T_070_A_Ceramic_Bottle_NM.png.meta,240be1dd44b4c80c622be3b8672f492e936bed48efba005fbc63fc38edb87230,2947,abc00000000007654598384661719199
Korea_TreasureProps/Textures/T_070_A_Ceramic_Bottle_RN.png,c2fcbb827bab0e20fa757c127699073f02bf3369fef65b257786b15350005a8a,2386208,
Korea_TreasureProps/Textures/T_070_A_Ceramic_Bottle_RN.png.meta,2da3a27c378e9f4e2b00b0615839e139a8f04c1884ba8a67d0cbea412416c102,1637,abc00000000009231146256466708614
Korea_TreasureProps/Textures/T_071_Bowl_AO.png,c2265b3f086f160068d83446b4778c98e88bc8ff6951bec3454f5ddf4bd75668,737227,
Korea_TreasureProps/Textures/T_071_Bowl_AO.png.meta,357dff0301cee6c775d4b35221157748dcebb006275327a1f1bd1addb30e6c62,1637,abc00000000000157281648496085254
Korea_TreasureProps/Textures/T_071_Bowl_BC.png,444beadb6f27f1a53c354626b9ab0d139fcebd45d15454528039ea423cdd5966,3030903,
Korea_TreasureProps/Textures/T_071_Bowl_BC.png.meta,9a5ab66c11110ed7594d4c9ff9671c9aa483156b1a372162d35491a622bde1a3,1637,abc00000000003023842064194658121
Korea_TreasureProps/Textures/T_071_Bowl_NM.png,5213905299aaecdbff05196960482f1b0675de0b7fa926ce9fce4e1ff55ec7fb,2819338,
Korea_TreasureProps/Textures/T_071_Bowl_NM.png.meta,342715d52e66f083b0b16e6081415316cbb6cf0046ca2308eb7996dab26f223d,2947,abc00000000012557558010302627931
Korea_TreasureProps/Textures/T_071_Bowl_RN.png,4e0bddf733152a54706df53d26fb615666ccaa2601a55b138ef37a694903226f,1210059,
Korea_TreasureProps/Textures/T_071_Bowl_RN.png.meta,582eeab53058af91e7d0c23f90ec516cac60acb6155ca47e1f3acb9010118a6b,1637,abc00000000006582774267294194506
Korea_TreasureProps/Textures/T_072_A_Ceramic_Bottle_AO.png,98a21530e9bf8fdbe971fc7fa261b2c47f9e9146512eed71df604809c361c637,981419,
Korea_TreasureProps/Textures/T_072_A_Ceramic_Bottle_AO.png.meta,524bc3883ce33e610c513025491aa069f817d919aa31f65f2a00cd3e1873b8b5,1637,abc00000000003698666610396710118
Korea_TreasureProps/Textures/T_072_A_Ceramic_Bottle_BC.png,35936028faa84f042857fc2a2ed25c3f5f5962a16b764b09f7bdd5c222592f41,1891687,
Korea_TreasureProps/Textures/T_072_A_Ceramic_Bottle_BC.png.meta,35eb05b9376b194643be0d36f8141ea1a767d185c6759a65c2f77752a0ee0fcb,1637,abc00000000013044780968951041065
Korea_TreasureProps/Textures/T_072_A_Ceramic_Bottle_NM.png,c37487b407b3da1763124cd63a76363326226302b27be71bbb4da041f8a34c81,4952795,
Korea_TreasureProps/Textures/T_072_A_Ceramic_Bottle_NM.png.meta,1b955bccf9263236985fb13f71ea7befd90f0cce857a59c4500b138fae93b251,2947,abc00000000010235087577900359227
Korea_TreasureProps/Textures/T_072_A_Ceramic_Bottle_RN.png,cd4c230214624dbd7ce06f5224da29afd0fe03e7ff960b5a55ac4fe06db22a9f,538876,
Korea_TreasureProps/Textures/T_072_A_Ceramic_Bottle_RN.png.meta,16300438013ead4c1c92faca6d00513c61f8e4e63a671d62f1c8ce8348a1097d,1637,abc00000000016550791293199652522
Korea_TreasureProps/Textures/T_073_Vase_AO.png,282576c57f00ff7bcb5679dc0fdc06080e2456aa5bbad1064352384cb3660798,1819662,
Korea_TreasureProps/Textures/T_073_Vase_AO.png.meta,9c48c587d9bb9ad45114a46746e8044a591c4c669829e32b860a68e54dd193a5,1637,abc00000000008727469082236454491
Korea_TreasureProps/Textures/T_073_Vase_BC.png,d80d923f52fe4c8a7af3dc73925542b4fc28c101211defd808bb24b48b6bdd69,3564823,
Korea_TreasureProps/Textures/T_073_Vase_BC.png.meta,4b661b7a2ad956cf0fdee1f489c96d841da5fedd24236d498dddb58deb98b4a6,1637,abc00000000013598552220091278260
Korea_TreasureProps/Textures/T_073_Vase_NM.png,93e04e36c87c2d90e954b14908ef3fa325a8c8b5a4774957c47e879f3cb3cca2,4853122,
Korea_TreasureProps/Textures/T_073_Vase_NM.png.meta,f508eedbcc465b2671e9429fc497794bd27c576fc6b49dc23e26db735c81cf4b,2947,abc00000000018338654063812953138
Korea_TreasureProps/Textures/T_073_Vase_RN.png,75603b0277ce3551d4599905463340ef11f4dd04ee4fa128376ad60461de9e3c,736388,
Korea_TreasureProps/Textures/T_073_Vase_RN.png.meta,06f1f9ff13976114fbb7859039f7899bece0b63afb55eea58f4350f94352dbe9,1637,abc00000000016986877612797704883
Korea_TreasureProps/Textures/T_074_Kettle_AO.png,78e92f3627ce24a003a29233bbec492b8f387993b660231248f1b1f6b4e8f7bb,1057480,
Korea_TreasureProps/Textures/T_074_Kettle_AO.png.meta,c4793a1820d470f6a404ed90ba17a842494de374a5b63c34d99b883dfaffb493,1637,abc00000000011426534892151090533
Korea_TreasureProps/Textures/T_074_Kettle_BC.png,f9ea2625a4a01dcb77687b862dea2533e33b5d1ca80ddae488283f106ccd63dd,2903984,
Korea_TreasureProps/Textures/T_074_Kettle_BC.png.meta,2f0d4a604920c88c62f5cfb2069844f35a1fdc90858732abd65662440f163d33,1637,abc00000000009639781995274452690
Korea_TreasureProps/Textures/T_074_Kettle_NM.png,c56f1852239f0b4605ae89f21c110f3c86c08930cf63225864fac0c50d26d333,3431731,
Korea_TreasureProps/Textures/T_074_Kettle_NM.png.meta,a20960db19c728ae5c3b3ce8319c6f90ab870042d6a6b481507473e9f69a6420,2947,abc00000000013161576473496233132
Korea_TreasureProps/Textures/T_074_Kettle_RN.png,fa2094c0eef97f94e85da0c520023141ffc7385a1633d87f9f4e9f2802ae0fbe,214482,
Korea_TreasureProps/Textures/T_074_Kettle_RN.png.meta,e9d3c6870fdf2a170b645569d57c2a8e5fa53962d5c60d1e742b260df1208b8e,1637,abc00000000008009525311300292705
Korea_TreasureProps/Textures/T_075_Pot_AO.png,3ad5bfc6a603d2289ae1f3444cc89645780fa7caf27b9cdfd048327d1885f3e6,1347008,
Korea_TreasureProps/Textures/T_075_Pot_AO.png.meta,ae8a79fcb45a8ec6b32b24596faf1b4617cf855229c24e67e4cc2b297e76ed20,1637,abc00000000013631617480615624755
Korea_TreasureProps/Textures/T_075_Pot_BC.png,f25a932b91fffd313a46b8e84ce155759a2e296dd812127234b08f070a4595ec,2831153,
Korea_TreasureProps/Textures/T_075_Pot_BC.png.meta,42df125965aaf7b99b920cbe8db82177a6b9c27fed915638a9aecd6369ab02f0,1637,abc00000000003888987059410864188
Korea_TreasureProps/Textures/T_075_Pot_NM.png,96eae453a8447a3b1b039479fc2fd354eaf0d34b17013487fc75a05fa57ed420,3728700,
Korea_TreasureProps/Textures/T_075_Pot_NM.png.meta,491d7a1c6dc6a28b45f6b0f8f46acd1d4fa576b4562d206b09e83fd94de8a514,2947,abc00000000002775934494047188378
Korea_TreasureProps/Textures/T_075_Pot_RN.png,d6599a1aabd87f9d09b88f2bcb11f5b8580a57bc35b509079a011a217ba1716c,553742,
Korea_TreasureProps/Textures/T_075_Pot_RN.png.meta,63c1bd4af365524bf154d686134837e1e81bb33f0b7b7f588d6ad52724f7ccfb,1637,abc00000000008643525582990005483
Korea_TreasureProps/Textures/T_076_Bottle_001_AO.png,36dfd9c88503603ff6d62e26244fd9fb347954fc8ed9b779292092a039934718,2206392,
Korea_TreasureProps/Textures/T_076_Bottle_001_AO.png.meta,7ab4b9080aa30b77b1e4d1023362ff635c93f403a479afbb2a0aa145479e1435,1637,abc00000000014007465127816404118
Korea_TreasureProps/Textures/T_076_Bottle_001_BC.png,2b5fea4dc8b8687bbde42cb4a5dbe0eed2380283894f97a1dc1181c2cdca57eb,2534964,
Korea_TreasureProps/Textures/T_076_Bottle_001_BC.png.meta,1e716b4dfe625bb24a96c227c2f21af06a3520e613982057fa02c547519c607e,1637,abc00000000017058039809576038745
Korea_TreasureProps/Textures/T_076_Bottle_001_NM.png,2e271774299894640edd63949c045c706b9bb3bacb954da0cc17ad91afaaa2c3,3466044,
Korea_TreasureProps/Textures/T_076_Bottle_001_NM.png.meta,d14e915909c03490c3f6be2d515a498ae4402f2944e84e1cdda3c8c001ef2bfb,2947,abc00000000001905110301930508715
Korea_TreasureProps/Textures/T_076_Bottle_001_RN.png,e940bb8b1546573009ed9a0449605731933afcf9e9e01e12401c44f7508b9d19,923163,
Korea_TreasureProps/Textures/T_076_Bottle_001_RN.png.meta,605d7d7cb6d28898bf423acbbd6d70884e6a8391addfc22c5c27aeab61b9d0c8,1637,abc00000000006924685134356640058
Korea_TreasureProps/Textures/T_076_Bottle_002_AO.png,8ddfc45e8b5a76dceb0ffca05c328a57e6f6f144930415eb3d223f2623164553,1937014,
Korea_TreasureProps/Textures/T_076_Bottle_002_AO.png.meta,f48b05993a88d23fdc1209e92d3246dd9152b1f02ec41d5250391ee07b1ece01,1637,abc00000000002613012933508303449
Korea_TreasureProps/Textures/T_076_Bottle_002_BC.png,3f363b946788f5dbcc001af36310ef900053ee2b328c2523882491ede7337a3b,2446332,
Korea_TreasureProps/Textures/T_076_Bottle_002_BC.png.meta,41a61e9f4e42eb89b9a239b75473941f19daad534dd0015753ff016fdeb2f8a7,1637,abc00000000002128254106738515502
Korea_TreasureProps/Textures/T_076_Bottle_002_NM.png,07f34ef2f986d1cf486579c29600a0ea8e9329bcba52ca835a23e3d8efc1380d,1933921,
Korea_TreasureProps/Textures/T_076_Bottle_002_NM.png.meta,9dd42a52cb135a1a637c266dcbdc6f18f1d5ee7cfd4e1b196bb1b8a0cdfa9059,2947,abc00000000005504900825043225224
Korea_TreasureProps/Textures/T_076_Bottle_002_RN.png,50e200f3e3f5503cffdffa4329eff91299b8e22be2aa6e67c0732ce00d849626,1646682,
Korea_TreasureProps/Textures/T_076_Bottle_002_RN.png.meta,7288bbe4a1b26bbeea79772c9e4042e0e054e90680f836be510cecfbcf902e6c,1637,abc00000000001915038638137777349
Korea_TreasureProps/Textures/T_077_Bowl_AO.png,d67464e1ff18816e4118bf839afd9f924a6aa90879d2fd550228acd85f8698ad,791439,
Korea_TreasureProps/Textures/T_077_Bowl_AO.png.meta,f7044edcbf530f4e5476534e3bfbd7a060417fe2615be3273ca2d0c28b2f331d,1637,abc00000000013424750774206606266
Korea_TreasureProps/Textures/T_077_Bowl_BC.png,060ae6e58824dc19723ec48e58114456e415c74767d6542238783b06c3d1e363,2765787,
Korea_TreasureProps/Textures/T_077_Bowl_BC.png.meta,9ee885f879840b66a58e3cb9cea0453b85784ce41342094bae01965df6917f40,1637,abc00000000004105294022890410501
Korea_TreasureProps/Textures/T_077_Bowl_NM.png,6cf036180ffe5859a56ea9856f732be93d69c053b7c6dc115c5cafe9aa7af56a,3335521,
Korea_TreasureProps/Textures/T_077_Bowl_NM.png.meta,c511a75300f3f89bddc999403f5ed91f50e669838535d0439e40e6c7de980991,2947,abc00000000014656750452263315511
Korea_TreasureProps/Textures/T_077_Bowl_RN.png,d2d49465b8f0cf83a47504dc7dc5d3bf6fcadfc2a073696d73855015bcfc8ef0,831039,
Korea_TreasureProps/Textures/T_077_Bowl_RN.png.meta,78f97bb36a7e05cd1f2f3b7594de6d22787267abfd3a5bd0e26b2ebfaf683337,1637,abc00000000017165355621282291566
Korea_TreasureProps/Textures/T_078_Kettle_AO.png,f63480e3beb05099fec645a4a5d6686ed3156348f471e568e3ef55eb31ab4304,1982193,
Korea_TreasureProps/Textures/T_078_Kettle_AO.png.meta,0e76449c6808ab757432371630ee433d1b32abb3d726b0ad7d0182d0dbba9a22,1637,abc00000000017275197245703792541
Korea_TreasureProps/Textures/T_078_Kettle_BC.png,97917e5a3b6289267749f2f5db384d8ad50ba4a46312ed1edd8c83554d641078,3256790,
Korea_TreasureProps/Textures/T_078_Kettle_BC.png.meta,8d0b9d39f4b56998b1bab86714d20bc508e9c411f534b62317567d5502247c57,1637,abc00000000003605333925944782074
Korea_TreasureProps/Textures/T_078_Kettle_Lid_AO.png,7b40b159ecaf133920313d93a573bb17b6e6a6c7fd08e58b84afebed067cbc89,1700918,
Korea_TreasureProps/Textures/T_078_Kettle_Lid_AO.png.meta,86e0a3857901b8639a35dcfba9537398a3db852ee4feedda8c5aaa43ecce27be,1637,abc00000000011031747210155697479
Korea_TreasureProps/Textures/T_078_Kettle_Lid_BC.png,3a1e498718a4e5f616d81ad85efec741fb2268d0b6046cd698be46b575a8c0a8,3135401,
Korea_TreasureProps/Textures/T_078_Kettle_Lid_BC.png.meta,92b6f31149823d98fd50572a23be132fb555a3b920f9b0fe3139767c360f2de1,1637,abc00000000003249554662934276488
Korea_TreasureProps/Textures/T_078_Kettle_Lid_NM.png,c2e443e1bd17f4b0a5b1b878d3d89a05142cca122a7f50a9a29ef7a02cda3794,4539390,
Korea_TreasureProps/Textures/T_078_Kettle_Lid_NM.png.meta,4e33159a8a0ad86c64f9fc5939187a4b57839a0e7927a18f92278eb77a7f4bd3,2947,abc00000000016352204406614086886
Korea_TreasureProps/Textures/T_078_Kettle_Lid_RN.png,4435eea105044606d0591efe3a47552542badc9dbe5438634f1085862b810a48,406715,
Korea_TreasureProps/Textures/T_078_Kettle_Lid_RN.png.meta,100b1737de958ef25ed6c417de595dc88b88bc40de80bc6c1c0e2d8b0666e4f6,1637,abc00000000001107058283402066399
Korea_TreasureProps/Textures/T_078_Kettle_NM.png,de9e84c77afe5d273cfe052d9e7cf8674a26a76e1cb0c5dde9562f85978aebe6,4166485,
Korea_TreasureProps/Textures/T_078_Kettle_NM.png.meta,95ac08a45a13e557ab8bcfe407f49fd190a2f97fe47d098893d8017c802fc7a9,2947,abc00000000001236543792166965748
Korea_TreasureProps/Textures/T_078_Kettle_RN.png,cad33e4f3dbb1dbf24295389ae3bf890945e8109f9924beb68adbe2315970cd9,551788,
Korea_TreasureProps/Textures/T_078_Kettle_RN.png.meta,2ce4255d1c7a3d1a73d65fa2e9ee48c35019597f1277fdc21c9b31ff5b2f6a58,1637,abc00000000006112518236913586041
Korea_TreasureProps/Textures/T_079_Bowl_AO.png,ceb40eefb7091b91df12debdf2cde13a15a3882cf5d916011b3ec699da8ef336,974834,
Korea_TreasureProps/Textures/T_079_Bowl_AO.png.meta,d86567162f64edfa70f8f34b2388825f1967f9a28b52a83bb55f42f5cdb0290f,1637,abc00000000010065838859942952502
Korea_TreasureProps/Textures/T_079_Bowl_BC.png,9b482b94c8a4bca56d07ade2fae71f4de60aa667ea38aaacc4ceded18e97e793,2874424,
Korea_TreasureProps/Textures/T_079_Bowl_BC.png.meta,0b2595b8fa4ea2c02d6981f37211b04344f6250fc7ae56754f2bb1d8f45663e4,1637,abc00000000006815150616723549817
Korea_TreasureProps/Textures/T_079_Bowl_Lid_AO.png,486b4f5533621a140a452cd5fdd9d9c0682154944f420c98875465e0d5bd1507,615097,
Korea_TreasureProps/Textures/T_079_Bowl_Lid_AO.png.meta,f9859548165ce5d20f272238c6652b7cee5e82a35399f36810d06d1bb81fadf5,1637,abc00000000011843177730717068976
Korea_TreasureProps/Textures/T_079_Bowl_Lid_BC.png,4a3ff3df6ea9f0ac12a0d13ca25e87341decc8005426a7ea5bc9ebad5808f5a0,2364067,
Korea_TreasureProps/Textures/T_079_Bowl_Lid_BC.png.meta,9c3285a168771d209e4b15255cf4a294271ecd25ac6a5a2ef71540526eab8f93,1637,abc00000000002928023788317052783
Korea_TreasureProps/Textures/T_079_Bowl_Lid_NM.png,5852547245600f04a583baf79030ed1e24a1ae251fcce239ea67591590b1d55d,3225198,
Korea_TreasureProps/Textures/T_079_Bowl_Lid_NM.png.meta,ddda449029430c9a9210c2e32259a1d3b5331f05acaf8f334e69f41cb09365b3,2947,abc00000000003074521218220827389
Korea_TreasureProps/Textures/T_079_Bowl_Lid_RN.png,8ce08860c4cf377cb308ff8ad1bade331214879811f255794651c2374550d0ad,1572188,
Korea_TreasureProps/Textures/T_079_Bowl_Lid_RN.png.meta,391b884d3e51c3663cf1c594716e1bcfed4b250225c83d741319b0b749aa7866,1637,abc00000000004939568518127537048
Korea_TreasureProps/Textures/T_079_Bowl_NM.png,9934bf31f91c2bd5727734a27d5480fab8b534394118cdd44fa139cbcd5b23c8,4098451,
Korea_TreasureProps/Textures/T_079_Bowl_NM.png.meta,5c1fe3c972aff62d00edeb8ba0213e3e63e7558db37df7cf65cd478baabc50c0,2947,abc00000000010367518745633350347
Korea_TreasureProps/Textures/T_079_Bowl_RN.png,88dd7fdbfc82ca4b47631485a2922789abad8baa1bd00afa24571b84bb0388f5,1521652,
Korea_TreasureProps/Textures/T_079_Bowl_RN.png.meta,cf565b6e2ffdee9739e0b493879db94d5983a34595857bcd81f4bb1409273a79,1637,abc00000000015320501366149490138
Korea_TreasureProps/Textures/T_080_A_Ceramic_Bottle_AO.png,8b0577a46c7635187db1be66037b7ad69295550a3911da72f54be681abc72aac,1110294,
Korea_TreasureProps/Textures/T_080_A_Ceramic_Bottle_AO.png.meta,d8f15cc8a51d690594995f4b4f2a0f0cc5a0b234fd3e5e0a394705b28de7defc,1637,abc00000000013317897541808845130
Korea_TreasureProps/Textures/T_080_A_Ceramic_Bottle_BC.png,70a5c723c5fd5121e7b8d2d3e8f17e41d44c8e1531574cdb0d6c5ce68cf6d1fb,2274452,
Korea_TreasureProps/Textures/T_080_A_Ceramic_Bottle_BC.png.meta,31a52a5247854535cd2989c5502adf196166830191f26147891c378cb2544746,1637,abc00000000004411596744303245077
Korea_TreasureProps/Textures/T_080_A_Ceramic_Bottle_Lid_AO.png,da3db09b6bdca7a78acc9f64e5bc08dbda4ef5c549785a2cd44878c988cf0db2,1641736,
Korea_TreasureProps/Textures/T_080_A_Ceramic_Bottle_Lid_AO.png.meta,af7a49a54c848ae8225fe8e1d32ad0ee8c644e74d3890e5cdb420dabee7fb593,1637,abc00000000018396874817828834652
Korea_TreasureProps/Textures/T_080_A_Ceramic_Bottle_Lid_BC.png,3a13ad77b5e058c1ff9116eb7da9c9bb5dcaaa6a47d3fc02a20b0d5a6516d4da,3707117,
Korea_TreasureProps/Textures/T_080_A_Ceramic_Bottle_Lid_BC.png.meta,ef3675e5a8821c271032a4e1871f8b297bc3c7d7305b978317ecce1bf6e61758,1637,abc00000000010520763677547831267
Korea_TreasureProps/Textures/T_080_A_Ceramic_Bottle_Lid_NM.png,2787af70adadb86504adba079988175c132c56f9c44e82959cdc69fa8f0a5117,4884438,
Korea_TreasureProps/Textures/T_080_A_Ceramic_Bottle_Lid_NM.png.meta,b5681f2d86a7fda036d3d6c38db90e0c96a6ab62a12829c7851fdeffa0b1826f,2947,abc00000000014202661139241383665
Korea_TreasureProps/Textures/T_080_A_Ceramic_Bottle_Lid_RN.png,c7e23824e127c5df6aa14639b95dfec66bb0c863a241f9d4e8fd1f3ae6b486e1,2328933,
Korea_TreasureProps/Textures/T_080_A_Ceramic_Bottle_Lid_RN.png.meta,ece2dc138b3f1bfc04b5626667cb92a4c9a0d91cebc491e258e04ca3e8dc993c,1637,abc00000000006849882137031507236
Korea_TreasureProps/Textures/T_080_A_Ceramic_Bottle_NM.png,6b2de175d6c894be44b65f3bccaa0de03673d753208c99371ec903d6b2c0eca0,3436991,
Korea_TreasureProps/Textures/T_080_A_Ceramic_Bottle_NM.png.meta,b588967a432b1f413de9244beed1a8df4ac649067d4358a6d0846edca074c026,2947,abc00000000014483375376699768327
Korea_TreasureProps/Textures/T_080_A_Ceramic_Bottle_RN.png,926d3eac4a950e9c6d3ebe3e6920051efcc7f21b13b725c7161d2fbdc7e14cf9,1738121,
Korea_TreasureProps/Textures/T_080_A_Ceramic_Bottle_RN.png.meta,2bd247cab6707cb09b668ab23c92ddb3d59b0155adcf7de0f9d86ad578b65190,1637,abc00000000012237523350328127838
Korea_TreasureProps/Textures/T_081_A_Ceramic_Bottle_AO.png,0574dc6bb93ac26a2192dcc3644cbc0b36755410197726b3a93522d305fbf8e6,934297,
Korea_TreasureProps/Textures/T_081_A_Ceramic_Bottle_AO.png.meta,a127f450787f1b70304ff83fe5d6ff1f906e515bc6882c1adf8bc1ee2fc378b1,1637,abc00000000012210464659645696030
Korea_TreasureProps/Textures/T_081_A_Ceramic_Bottle_BC.png,c4ec0ece3011febfa52bb1f3bd8b9e668f90b508b0ff67c411b7739776b48be7,2196842,
Korea_TreasureProps/Textures/T_081_A_Ceramic_Bottle_BC.png.meta,1b4eedc8710fd715c9c76f80d76d0910ba3c2dab9e2b0659bdb826c4d7d2ebca,1637,abc00000000002029745950691718321
Korea_TreasureProps/Textures/T_081_A_Ceramic_Bottle_NM.png,5bc6c003c2b94ea37e62c4b46e2705fc52f0d6c7ce2d78ad596619c407813291,4429209,
Korea_TreasureProps/Textures/T_081_A_Ceramic_Bottle_NM.png.meta,f9615fe64b6e53bc87707e7d3cdd5ba2ab17db1606c7c19699621a53c428b7bf,2947,abc00000000000746382599467085955
Korea_TreasureProps/Textures/T_081_A_Ceramic_Bottle_RN.png,038ea25c53912bb8af00d65b4b8b8c5fd23c75b1b938cc7551607036fb448e92,1615557,
Korea_TreasureProps/Textures/T_081_A_Ceramic_Bottle_RN.png.meta,782adac3ab45b5da346031704d9b746f679a680b1fe800378476eb7452c2b6bb,1637,abc00000000014494035570951285314
Korea_TreasureProps/Textures/T_082_Kettle_AO.png,5539c3274a26cd4e23342301798187a310bf7a0c177cab8c3fa07e83cd86cf30,1715660,
Korea_TreasureProps/Textures/T_082_Kettle_AO.png.meta,240d801112052a7f196aa9b48d7e01076e00b57afb9e828965cbe9edb45de149,1637,abc00000000010612731503835461217
Korea_TreasureProps/Textures/T_082_Kettle_BC.png,cbeae6635ca720bb47c5a00818cf471a3b75f468d0ca36829e41c95ab51332cd,3095369,
Korea_TreasureProps/Textures/T_082_Kettle_BC.png.meta,73c35a534f62df7e350e3876cfbdce486a93f1697fda920c3429584e0cbcb90b,1637,abc00000000017559676009748140326
Korea_TreasureProps/Textures/T_082_Kettle_NM.png,3b34030d9e8a142b6187a49083ceb623abf436379e601098af1c5be73c3cfb08,3483006,
Korea_TreasureProps/Textures/T_082_Kettle_NM.png.meta,17f47740b21b8476d115429dccac992dc7b9a2a239ab4dfb298c530d2a0cc511,2947,abc00000000014262546989326995808
Korea_TreasureProps/Textures/T_082_Kettle_RN.png,978df689cdb15af9fa6a9b5a6257929acb036ba8a8cbf196ed8c236f86be36a4,723847,
Korea_TreasureProps/Textures/T_082_Kettle_RN.png.meta,fc77eebcd96075949c4605c6fb2a659017435fd1a7d4aeac82f1b809c5d2ed19,1637,abc00000000017687370898373934509
Korea_TreasureProps/Textures/T_083_Kettle_AO.png,f908b1f02b283b181a2ec8e299176d089e4f1a732fc076012d66b09ed89c39c0,804310,
Korea_TreasureProps/Textures/T_083_Kettle_AO.png.meta,9e081f38a598fbc0476103664a063664c14af00c66e2a1fc65279abe1481f538,1637,abc00000000014227659414932811641
Korea_TreasureProps/Textures/T_083_Kettle_BC.png,49284853ef360248b05a4ea442adeea5775c1219a440c6fdeb98c9598ee0227f,2242488,
Korea_TreasureProps/Textures/T_083_Kettle_BC.png.meta,99267a91d44e8823fbeaf33b4727da2220a517a4ed999dce4a5fa313e4e96f7f,1637,abc00000000014246618855772336974
Korea_TreasureProps/Textures/T_083_Kettle_Lid_AO.png,f3460e9a52115c6d6017433ddd57cb922d4bb094b71d29e4af612c215ac60420,967340,
Korea_TreasureProps/Textures/T_083_Kettle_Lid_AO.png.meta,a90e2a835bc8b070e595b6b99633ce5bd50f06db87d640ce387c1907778a7b4c,1637,abc00000000014503301145643066859
Korea_TreasureProps/Textures/T_083_Kettle_Lid_BC.png,56d1e8c79abe56d07db1bb851cddcdf37f6d2e7e5146a37ee39f6ba54e1d44fc,2411687,
Korea_TreasureProps/Textures/T_083_Kettle_Lid_BC.png.meta,e4e788f9cb1fc75b096b001dcfab84168a58f752d6b1726fc48d9a476d0fc5c6,1637,abc00000000000452911604810037700
Korea_TreasureProps/Textures/T_083_Kettle_Lid_NM.png,3b9e7199a94e221dbfb6fb906a2e4cb277ae2462363fc3eeddd961ef26ed8ee3,4030935,
Korea_TreasureProps/Textures/T_083_Kettle_Lid_NM.png.meta,83818690ac9e0b0d4bb7889d4bd061a9508a76bdf62a97c67713a55efcb23ffb,2947,abc00000000012152315557108057922
Korea_TreasureProps/Textures/T_083_Kettle_Lid_RN.png,0597496b2a34206a6f9f4f3a6c164cdaf499f5680eb82030c528662d410fe083,1279863,
Korea_TreasureProps/Textures/T_083_Kettle_Lid_RN.png.meta,8295f2c9be406be1a1e888ee75eb98838671894f9e865dec8358d13974ec6ac2,1637,abc00000000009291547032015984995
Korea_TreasureProps/Textures/T_083_Kettle_NM.png,8925e6b6a2f2a237562ab238f4c6f33882a15ce983298cc8936e7fd1a2610f9e,3784961,
Korea_TreasureProps/Textures/T_083_Kettle_NM.png.meta,8518deb36aaec5cb7fa50175e93ad66bff80dd306c55549fa0f1882ca453c3d0,2947,abc00000000010818565856465518120
Korea_TreasureProps/Textures/T_083_Kettle_RN.png,4ae0c546077347028b7e170101fc981ad93489df66cda11a2c693e1f424acb68,1282808,
Korea_TreasureProps/Textures/T_083_Kettle_RN.png.meta,2d323709fb9c7dbe32b82223bb6f21bfb067e5019b17e1b6ccce540dd636511f,1637,abc00000000001186275782403633893
Korea_TreasureProps/Textures/T_084_Vase_AO.png,a0633aac9f26c90fd16a903f8df33db15dbc2c30d2f63cf7383f7c6923ffa7f0,1953390,
Korea_TreasureProps/Textures/T_084_Vase_AO.png.meta,cd8a5fa16412379dfd5a22c309dfada972a911367ec0b0ff76ee1913390c92d4,1637,abc00000000013101945899901068687
Korea_TreasureProps/Textures/T_084_Vase_BC.png,b6d46cf38d1e129e5e98a1a04008a658c8093549c12d4338230844369a8d58f2,3922346,
Korea_TreasureProps/Textures/T_084_Vase_BC.png.meta,43dd4e0883450a2bf87c885d1b5d4d4d3c9ddceb45074873f95e6d8904a44b0e,1637,abc00000000016736293361691061152
Korea_TreasureProps/Textures/T_084_Vase_NM.png,513e81459467ab07b5386c5e131b25ed64795684487ed394fac7f14276404fdf,5965642,
Korea_TreasureProps/Textures/T_084_Vase_NM.png.meta,6f878e6201fdd4bff869e83edd85c8c01769578bfffcdcea00d8271af19764c7,2947,abc00000000016373007190117170750
Korea_TreasureProps/Textures/T_084_Vase_RN.png,1d2c30bf5244a3918eb3ef95832147ff0fe7f9a8ce13270bd836e9a3bafc07d2,2378141,
Korea_TreasureProps/Textures/T_084_Vase_RN.png.meta,6d9fd7608d058c26677ef33cf7a4b8834e8743e845b67c8d03185a875641abd6,1637,abc00000000007784615173970787719
Korea_TreasureProps/Textures/T_085_Bottle_AO.png,ed34efecbb51084bccd03494c4dff43f3620f085c9467b1b414c44b070930928,983000,
Korea_TreasureProps/Textures/T_085_Bottle_AO.png.meta,ca27ea51887663b3360d79a0a2ce155ec80edfe9dbe76b4222ea66c23d8b1b5e,1637,abc00000000016259936233246761218
Korea_TreasureProps/Textures/T_085_Bottle_BC.png,1a973beda4d295448fe4bf2c9c7aff5e6a04771195cb7f6164665e54eb27a5dc,2285203,
Korea_TreasureProps/Textures/T_085_Bottle_BC.png.meta,8a8d296162712e8bfda71fe4f539ffb56e4823a6d57c5e778d8d5659a48e939c,1637,abc00000000005191577431389687037
Korea_TreasureProps/Textures/T_085_Bottle_NM.png,a915cc96e68e0b8bf48e2d736fbf4aacd665f8450e370e9345a439bbb06d10cb,3535043,
Korea_TreasureProps/Textures/T_085_Bottle_NM.png.meta,4888429fa44deb06fcb03273235ffa72e11bd93d223bca28eff956d06994aae8,2947,abc00000000015182198054088253455
Korea_TreasureProps/Textures/T_085_Bottle_RN.png,d63ce26a50818abfde71e50d79bf313d5573b74c449e4d57f20544453cb2bfac,819895,
Korea_TreasureProps/Textures/T_085_Bottle_RN.png.meta,678047631e2e26e7acdc34b148c2d6053b998f2183cd9883c42a91d6d4b8e4d2,1637,abc00000000005909182553803274006
Korea_TreasureProps/Textures/T_086_Kettle_AO.png,9d8ec4d3f3eaa04f9f75050c718535d664a508f3fe25b7535b30277335d74180,1476710,
Korea_TreasureProps/Textures/T_086_Kettle_AO.png.meta,77ab12a3a911b7b8fe437f5899d85f0bd0454f43be5325464d89de7202e739f2,1637,abc00000000005586715107073261457
Korea_TreasureProps/Textures/T_086_Kettle_BC.png,07a98833a656a0995e5bf5ceb1d9ead4a8ca1d221edc8810c75a861ab025c174,3783239,
Korea_TreasureProps/Textures/T_086_Kettle_BC.png.meta,1c3d157d0e84d83ff4739c0b1f321193847e5804c0773f75b8a8d5d48f7d4641,1637,abc00000000000574416567006872662
Korea_TreasureProps/Textures/T_086_Kettle_Lid_AO.png,91526daf7a2fc20133bbee9103bf0a9d1edd9df7ea34d97f4a9c309a4310f498,1345375,
Korea_TreasureProps/Textures/T_086_Kettle_Lid_AO.png.meta,ae3652415e944cdd33f77bd7b3dab65a5d423b18245d9d6b643827dd7aa324c9,1637,abc00000000014370233168295608403
Korea_TreasureProps/Textures/T_086_Kettle_Lid_BC.png,af5c8bbf1e95cfa737f1acf6a2a197c1e5b202793ed4ac0a9065205903db4e16,3675297,
Korea_TreasureProps/Textures/T_086_Kettle_Lid_BC.png.meta,ce418cf7c1dd99761f2675cc6201bf80261cb89fec3a75370d4e691da885aa3b,1637,abc00000000016773083895821362140
Korea_TreasureProps/Textures/T_086_Kettle_Lid_NM.png,eb69a25577bb20a16f07db615300d9cc85d1cd2ddcdfcf3e3ea36bd978a29884,5456429,
Korea_TreasureProps/Textures/T_086_Kettle_Lid_NM.png.meta,3f2957d3e0cda4a490fd98c6e9624e9551cf81bbcf29a0271400664af59f6794,2947,abc00000000009359049880455471034
Korea_TreasureProps/Textures/T_086_Kettle_Lid_RN.png,64a61ced672cc2c62deb67629c84559c4a0ce3f074e34910557f1bd4506a8ef7,574431,
Korea_TreasureProps/Textures/T_086_Kettle_Lid_RN.png.meta,0703bb1bb255e76c7468cf8c1536e233fab86a70b1433781802d8609ad5ef0e9,1637,abc00000000015173719090547363211
Korea_TreasureProps/Textures/T_086_Kettle_NM.png,722ee161044f1a76b2008fc4fb17fe1126255fb336d53144a69e585c0cfc4ae3,6322973,
Korea_TreasureProps/Textures/T_086_Kettle_NM.png.meta,a73487ea764732b5fa4442593b7a649732560d19263a83ed03f3d7a6de267f07,2947,abc00000000015494467720080512784
Korea_TreasureProps/Textures/T_086_Kettle_RN.png,f647af28f3cf7c04d179f3f523b6e4d93386c827278931a3cfbff1ab40fc366b,731523,
Korea_TreasureProps/Textures/T_086_Kettle_RN.png.meta,63fdb32f186555a9d8be278bdff83cf646359f8942e5148f3793dc1e77e56152,1637,abc00000000017669064224129022269
Korea_TreasureProps/Textures/T_086_Kettle_Tray_AO.png,1b2d5aa6ec8aa00dafdedb1a2b40a0bad1bb1f9735818cbce92c60fd37a4b840,1288422,
Korea_TreasureProps/Textures/T_086_Kettle_Tray_AO.png.meta,8e3ce147543278d3028fe17934ecfe24d130b6dfc49ac7a8b24ca2364ffa22d9,1637,abc00000000017654750030782655452
Korea_TreasureProps/Textures/T_086_Kettle_Tray_BC.png,bb2625d49364d1cccca01af8f313e0ed0360682469fa3972d0a64b2cafb57394,3414888,
Korea_TreasureProps/Textures/T_086_Kettle_Tray_BC.png.meta,814abcced347d807421a5c4430c99f6747df44e49cf57bb4bacea9cc8d904f61,1637,abc00000000009778638890501652067
Korea_TreasureProps/Textures/T_086_Kettle_Tray_NM.png,a7b995dc56e5b5fcd5132ff294950f5ce05feca548c5faeb153064194dcbda35,5808646,
Korea_TreasureProps/Textures/T_086_Kettle_Tray_NM.png.meta,cd77082092906e085661b0c57ed9f4546bbdde0fad3f19c79c6f53c484ee621d,2947,abc00000000013460536352195204465
Korea_TreasureProps/Textures/T_086_Kettle_Tray_RN.png,a19d2b7204df612ce61072a0d906f8701f645cddc0a228551eaa83d45251ec54,599679,
Korea_TreasureProps/Textures/T_086_Kettle_Tray_RN.png.meta,6adfa76fed94f32085c2d9161feeaa5a623e7d3daf51b123c4d5264a87dc88ab,1637,abc00000000006107757349985328036
Korea_TreasureProps/Textures/T_087_Stationery_AO.png,1611230c601fd600d493f6a8ad59db79604809f0e0284d798f4f5c925d176919,2389400,
Korea_TreasureProps/Textures/T_087_Stationery_AO.png.meta,480087c5b629ee968823f405ca89e3967273e09c723d45a2dd925a49c36df9e4,1637,abc00000000000047563611298688468
Korea_TreasureProps/Textures/T_087_Stationery_BC.png,fec843b2cd001ad23cacff66413416b765de2540d0b8ac9f53d8bf3c2a5d3f11,4833131,
Korea_TreasureProps/Textures/T_087_Stationery_BC.png.meta,50fa651af4ab89827051ccdd37771c0c6713689f5a99f3cf95ace6d2a3009dd3,1637,abc00000000000879304786413881323
Korea_TreasureProps/Textures/T_087_Stationery_NM.png,537a925f83d00d0f256c461236c0870be9976ea3eb3b7c4d22407b5c436db753,7454301,
Korea_TreasureProps/Textures/T_087_Stationery_NM.png.meta,314afe279f9d16af184fe7b9e2ff5f9dcb84415e366bdfef81b4725e3338d510,2947,abc00000000016960291705725917529
Korea_TreasureProps/Textures/T_087_Stationery_RN.png,16f15eaba5446d4c77bd40db71557326bd22bd96967d0693e8a4aee65ec039e6,3218634,
Korea_TreasureProps/Textures/T_087_Stationery_RN.png.meta,b7ea5d4e5d380c610cf1361db3b97c22fb95e78a676788aa5acdbad285a3fc4a,1637,abc00000000000710950734201473180
Korea_TreasureProps/Textures/T_088_Incense_Burner_AO.png,bd2d3f213bb0736edb4c61f67a5cb0012ae9f98ef1aab22b36556630fd248124,1614393,
Korea_TreasureProps/Textures/T_088_Incense_Burner_AO.png.meta,df3babda6894c227b2bcd5baf44650b566d4b74d72f96d06efe1b991eb697d0f,1637,abc00000000010878822228523851692
Korea_TreasureProps/Textures/T_088_Incense_Burner_BC.png,359671d719a54f5e6a6a22b47b6e7d6d046791d6c3c770ecb74f1823a85f12c8,3005018,
Korea_TreasureProps/Textures/T_088_Incense_Burner_BC.png.meta,d2e57d5e92b5bc97fe883990409f1e24f5f00ada84d38c692bedcd2a7e68bbcb,1637,abc00000000009487495698073508851
Korea_TreasureProps/Textures/T_088_Incense_Burner_Lid_AO.png,a252b5f9cd99df47e5070449191a17e4e6fbcb43a324d07b34c0cf4f4447c579,2016921,
Korea_TreasureProps/Textures/T_088_Incense_Burner_Lid_AO.png.meta,5ba6fe6716d95e3c53ac7b0977300bb51009de43897c16fc497830e3a8a1fba6,1637,abc00000000002876000438724127570
Korea_TreasureProps/Textures/T_088_Incense_Burner_Lid_BC.png,6e97e21aeb2640571ea32f12b6df0c8c250e032d996f632271f13490bbbc1f1d,3591599,
Korea_TreasureProps/Textures/T_088_Incense_Burner_Lid_BC.png.meta,766dd2b76a6ced1dd721b2f438768be67b831591495cb6a4abbb2b1f8230de0f,1637,abc00000000003670988850252903309
Korea_TreasureProps/Textures/T_088_Incense_Burner_Lid_NM.png,2bfe0dcf543e6e15b06403624714880bdca7288bcdb9cbb4a93e70f02ad29a84,4793776,
Korea_TreasureProps/Textures/T_088_Incense_Burner_Lid_NM.png.meta,a8dae2560d6d32d824b5abdf296ce3d99ddafc0ab21a0b778e9a798a2599ec45,2947,abc00000000014112508713529456031
Korea_TreasureProps/Textures/T_088_Incense_Burner_Lid_RN.png,3aba37a46bd98ddf3a5e583a4c7f28e5f108fbed8c36b9fafee6a41b565fa72d,1218602,
Korea_TreasureProps/Textures/T_088_Incense_Burner_Lid_RN.png.meta,6abe905c1a7fdb41dad387eb19fc52f907e4eda29396cbd11b0dcb00d1d87c48,1637,abc00000000015689056585334445446
Korea_TreasureProps/Textures/T_088_Incense_Burner_NM.png,308acab298eb3028e07d68ff1a26a39d0bd9e2d04bc85f7079fdac05e7c874fb,3633947,
Korea_TreasureProps/Textures/T_088_Incense_Burner_NM.png.meta,49efbe4e678fe4a9c71c2f9403d8e78be47a9c01da46255f0eca70368f1f3e55,2947,abc00000000000503211559439307393
Korea_TreasureProps/Textures/T_088_Incense_Burner_RN.png,ad45d27993754e9cd411955b1d0efbe9f67ff7d5feea77fce018f25a6730cb27,878712,
Korea_TreasureProps/Textures/T_088_Incense_Burner_RN.png.meta,fe6e300dbf25180d2d9c1bfd3d71d2a008c064cb1e0347858cc7d23b6a8ff7f0,1637,abc00000000000686251713913924628
Korea_TreasureProps/Textures/T_089_Incense_Burner_AO.png,65b6436ab34eec488ea374d0b5a1119151ec36596269517cb08096c19a6b64a2,991288,
Korea_TreasureProps/Textures/T_089_Incense_Burner_AO.png.meta,88f0c9693e267ecfd1f70f8b2c6fc68ff81486ccf440be462864c5956f0c6d0a,1637,abc00000000000811534605673129838
Korea_TreasureProps/Textures/T_089_Incense_Burner_BC.png,982066966ac559c1646163c97f9da4517f61e4a8bdfd2266488e5a71ea7216ee,2389398,
Korea_TreasureProps/Textures/T_089_Incense_Burner_BC.png.meta,4f825ebdc12996eae2e110234bc736063eb969111bff5f7518c62460a25059e6,1637,abc00000000015026817380299617921
Korea_TreasureProps/Textures/T_089_Incense_Burner_Lid_AO.png,85260370c9a0289e8e486ebb8731b7391715a0201a10784f0745772e2083c57c,1450749,
Korea_TreasureProps/Textures/T_089_Incense_Burner_Lid_AO.png.meta,165c1c467636dcf8e9f38bb216b58b82c325283cc865304a315e34e180264a4b,1637,abc00000000005923977279312167352
Korea_TreasureProps/Textures/T_089_Incense_Burner_Lid_BC.png,40f270f831d21bb88670ff4ee83a54c8510a7829dddc11329e4c6ab02e37728b,3757142,
Korea_TreasureProps/Textures/T_089_Incense_Burner_Lid_BC.png.meta,c63099a084e44bb0cc246c9e75c126944519a9fffb1b2b28d8d7a1a00d23c459,1637,abc00000000013291604743097218407
Korea_TreasureProps/Textures/T_089_Incense_Burner_Lid_NM.png,ec5412b3c019d862071968527037bdaa311179961af4f0bb386d03fa17482d71,5265261,
Korea_TreasureProps/Textures/T_089_Incense_Burner_Lid_NM.png.meta,670657849299abe6642bbaa3f7a8de6f5a2baea146f69ee495498ee4575ac7e0,2947,abc00000000007877996309893531061
Korea_TreasureProps/Textures/T_089_Incense_Burner_Lid_RN.png,756a1b5f912e91bb9325ab36f19c8b15d6eb0708de18f52909ce370af3fff846,1326840,
Korea_TreasureProps/Textures/T_089_Incense_Burner_Lid_RN.png.meta,0f67dcae734c25602daff087c1f02c8b33c1392b4b60e5af113a5e6c4191a420,1637,abc00000000004863174208510540704
Korea_TreasureProps/Textures/T_089_Incense_Burner_NM.png,ac76424263cf814ca0c1e8dc21d1c6c20d4166a58fb1dd4121ea5d58fd94d4ca,4736190,
Korea_TreasureProps/Textures/T_089_Incense_Burner_NM.png.meta,bf35bde016e242008e58d10262ff2b4278d5587f02b6bbf4b1715d85f63d1a8c,2947,abc00000000013926905345182403283
Korea_TreasureProps/Textures/T_089_Incense_Burner_RN.png,c643bdb8a491cf6aeec373de2902ac006110402e67a4d3c4ca6442a14a0d5dde,942058,
Korea_TreasureProps/Textures/T_089_Incense_Burner_RN.png.meta,be1f39bd7a634ab0286e4fa942cefe0d1ed85941d8ba349efeb6ed558651f092,1637,abc00000000016603870710446030962
Korea_TreasureProps/Textures/T_090_Statue_of_the_Buddha_AO.png,92db07a1c4bc234e68bfe01cbfb9a2e523eeafbad544204c7a99830109b866ab,1506313,
Korea_TreasureProps/Textures/T_090_Statue_of_the_Buddha_AO.png.meta,8314e70a61710447c066db6f6128a23fb1eb94535958d853d7448c64c55c5630,1637,abc00000000000151310935163495745
Korea_TreasureProps/Textures/T_090_Statue_of_the_Buddha_BC.png,98632dca9334272f298d17e8af5e51b48095712b325cd716bfe2a9ba221e7ca5,4008546,
Korea_TreasureProps/Textures/T_090_Statue_of_the_Buddha_BC.png.meta,79dbe145a85cb7c6c18132c30a08cfc9ed71b95fcf92ce615456706165ac95f2,1637,abc00000000013134997965717083270
Korea_TreasureProps/Textures/T_090_Statue_of_the_Buddha_NM.png,474759da6bae3596f51be19af30938a3228c94c9c8e3774670362db959dc76e6,5664730,
Korea_TreasureProps/Textures/T_090_Statue_of_the_Buddha_NM.png.meta,1dd282f336b298291660a339906de995318f607883e2d814f2da91a5ab3055b1,2947,abc00000000015946889044362366656
Korea_TreasureProps/Textures/T_090_Statue_of_the_Buddha_RN.png,f01a22d6d906f6c795b0b791415e05c37e114116663748add71c6d51ec960e14,1931340,
Korea_TreasureProps/Textures/T_090_Statue_of_the_Buddha_RN.png.meta,c419e1ae70eb13ee4061bfc8a50790c162405823d35cb4d15860ec04cde081ee,1637,abc00000000001116930230635541133
Korea_TreasureProps/Textures/T_091_Sculpt_AO.png,4fc2d206327c6aa00aa0120bfa4d78a1699192a523eae5897421aab3cdb645b8,1733982,
Korea_TreasureProps/Textures/T_091_Sculpt_AO.png.meta,d33283f8d17c24bcaecbd04dd14dbad9da032fc2fda12d07d41ec28a151e1b90,1637,abc00000000006070418129771826745
Korea_TreasureProps/Textures/T_091_Sculpt_BC.png,adbf25b2bc72c77f4e3d98ae5db61d455da6889b5f0162a3901b6191c135b929,4436856,
Korea_TreasureProps/Textures/T_091_Sculpt_BC.png.meta,1ebb7a2eb1d7d5c86ebcc83d8b1cd356a176d2ad9da0be279fa995d82992a396,1637,abc00000000012078602103940041486
Korea_TreasureProps/Textures/T_091_Sculpt_NM.png,941f4dfc78d12f22dec429874aa32ac1f1379a5a86f923d4c56235565f6163a6,5850318,
Korea_TreasureProps/Textures/T_091_Sculpt_NM.png.meta,27d7769eb8f8bf395f957d4e8d96269b948c2ead41ecc88d1d50ba4513b8e057,2947,abc00000000015263287471308963816
Korea_TreasureProps/Textures/T_091_Sculpt_RN.png,82aa49b1552050e2b47eb4b32ed4579b060966c3e1e72e126e5a7604fe657b0a,588171,
Korea_TreasureProps/Textures/T_091_Sculpt_RN.png.meta,e414982d2e13805c4c0bfa9d39743cccffed3a72eeb70f51722c3e1fa3461ddb,1637,abc00000000011865386635339303333
Korea_TreasureProps/Textures/T_092_Incense_Burner_AO.png,1f748360973956d7bc96c299b3439bfe26c18688bc5dc3211b8aa922ea993936,1566630,
Korea_TreasureProps/Textures/T_092_Incense_Burner_AO.png.meta,9ec00bb810165c150bfc8f8e11035447616f94d680cb2fc1eca70db6c0e64c48,1637,abc00000000003210823196148655770
Korea_TreasureProps/Textures/T_092_Incense_Burner_BC.png,5f4f9d24887c976760b9fa47c908f4523a643926ddcd1b734147099f91370adc,3007813,
Korea_TreasureProps/Textures/T_092_Incense_Burner_BC.png.meta,eb1d10e2d482b98e31e62bf70baaadbed7f69010605fa75578ff5cc8c7d0bb6c,1637,abc00000000006281730823349686629
Korea_TreasureProps/Textures/T_092_Incense_Burner_Lid_AO.png,77e377add4423c3d4dcfd4f7409f2cb879a0223d93976fb2041f6eb2140cd85a,1886322,
Korea_TreasureProps/Textures/T_092_Incense_Burner_Lid_AO.png.meta,6b4ae5488e376974bb0807814c4ea8dee85ccd02b9dde2faa6de8bf9a5b8fd88,1637,abc00000000008541786615453936652
Korea_TreasureProps/Textures/T_092_Incense_Burner_Lid_BC.png,e5f2a1571652e5f4ccb0a07e5f4dabc31d08afffa9d09c8ca29592009803ff67,4176466,
Korea_TreasureProps/Textures/T_092_Incense_Burner_Lid_BC.png.meta,2fa1c298271a1d98e51337daa9d73c3006ea245173e016c398c4790fd5fdfd4e,1637,abc00000000000849478635001378515
Korea_TreasureProps/Textures/T_092_Incense_Burner_Lid_NM.png,f6b5c5a4db973b2a775c9d9d09473ea7240166992042b296cdc78caee870e8a1,5219939,
Korea_TreasureProps/Textures/T_092_Incense_Burner_Lid_NM.png.meta,9c2933597e085c6feba7bf8239b6d02f23fa0b0a2aab68206cf98167d3ab0d31,2947,abc00000000016493124454341205473
Korea_TreasureProps/Textures/T_092_Incense_Burner_Lid_RN.png,4109814a324ae42b25dbe230718d6f9698b13ceeca8cd6b419b69be7db3a1773,3008102,
Korea_TreasureProps/Textures/T_092_Incense_Burner_Lid_RN.png.meta,637be0935b0501e301468c21be0313de3d2d07f7fb9393dfba72ffc9754085cc,1637,abc00000000004385958625484918004
Korea_TreasureProps/Textures/T_092_Incense_Burner_NM.png,96de4de153f20c6c6bf4af32f412fe72772d024adb2aa97f06183ca803dc39a1,3825042,
Korea_TreasureProps/Textures/T_092_Incense_Burner_NM.png.meta,26d0ed595db2810c0b27c7aa340403f39202f85a7e19d2f06e691719f132bed5,2947,abc00000000016766595040812600087
Korea_TreasureProps/Textures/T_092_Incense_Burner_RN.png,e91ee3e2a707bce76fa31aa36a5ef3eea8d9a6203bd9f09556400dc04c3d607e,2137349,
Korea_TreasureProps/Textures/T_092_Incense_Burner_RN.png.meta,caf668283b463d3e0aea7eb13dc449b2627dec2c9b8a0f1e1cc30405814bc475,1637,abc00000000000895329823008838094
Korea_TreasureProps/Textures/T_093_Bottle_AO.png,b3707901c4f1fc80d0e03c4c8c2bbfeb1bcb467591468a9fc32196b19dd744b8,953689,
Korea_TreasureProps/Textures/T_093_Bottle_AO.png.meta,30c765cb62903573267f8f4fbffa145dc2a19439579ee8a84554c4f0884bdba0,1637,abc00000000012510682211887589562
Korea_TreasureProps/Textures/T_093_Bottle_BC.png,71c75a75a1dcb85490a65f9bca14dcbeaf402fa5f2ef0a95609bdfdca2c0bf6d,3620521,
Korea_TreasureProps/Textures/T_093_Bottle_BC.png.meta,5f8410b177e7141315efed7b663ed3dfe2f0f0c144e7e38fc1d56d9e085f9b06,1637,abc00000000003191225460571393797
Korea_TreasureProps/Textures/T_093_Bottle_NM.png,50e170e0f450ad97a12de8bf346047d05acc2ad37761f8efe7e0474f4a2da61b,6025377,
Korea_TreasureProps/Textures/T_093_Bottle_NM.png.meta,fd61d502db11ab15ce51be5edb58750d360885cf9e28b21e0f4f98acc1545dca,2947,abc00000000013742681889944298807
Korea_TreasureProps/Textures/T_093_Bottle_RN.png,c22e3a015e6b220b65b4e986c2c533e54bdace5f0b758b8aa2c758f0ac73fda2,1988464,
Korea_TreasureProps/Textures/T_093_Bottle_RN.png.meta,a036e7790ccb13c52d06046ccb6c3ae78a4af4696fdf8306034e600c14cc6c89,1637,abc00000000016251287058963274862
Korea_TreasureProps/Textures/T_094_Incense_Burner_AO.png,af3f382ab9eea22b6afa6563ae4fdf511771f1519102be5d7ca68f47300063e5,1356672,
Korea_TreasureProps/Textures/T_094_Incense_Burner_AO.png.meta,1293dd1c0c7cc016733bd6d81b7eb14ab2f31e196f2870ccc45766cf09252c41,1637,abc00000000013154750142416110366
Korea_TreasureProps/Textures/T_094_Incense_Burner_BC.png,bfdf4e9c3b81b09c7457e6208aa0c408beae3048f22e12e86adc181b84603c5f,2753439,
Korea_TreasureProps/Textures/T_094_Incense_Burner_BC.png.meta,ffd7d4168d46cd170730ae4e40c3a85009be598bce157b6096d7b97bd08413cb,1637,abc00000000002974031433462132657
Korea_TreasureProps/Textures/T_094_Incense_Burner_Lid_AO.png,f3c0d44301f7a5dfe6f7aa1e2d0bbb3943810dcff0c41599a0f023a47663664b,1674338,
Korea_TreasureProps/Textures/T_094_Incense_Burner_Lid_AO.png.meta,d97041acc9f0e6c6503ad2694f0047725d387c6035468985440ba39d8f7ff7e7,1637,abc00000000016327211933374896712
Korea_TreasureProps/Textures/T_094_Incense_Burner_Lid_BC.png,90938d86ec73a8579e5d4d9788b8768f3419b7b8d61693ce72dae9766a3976a6,3489356,
Korea_TreasureProps/Textures/T_094_Incense_Burner_Lid_BC.png.meta,c4afe77aafc586a9444bf5c225879ae313eb4825a430c165d3a99de61e24fd77,1637,abc00000000017370310057734239479
Korea_TreasureProps/Textures/T_094_Incense_Burner_Lid_NM.png,939c159ca3631c1e18748c831fbc000ce2c7e40b37e3801a4a19a91acea9a8c8,5711470,
Korea_TreasureProps/Textures/T_094_Incense_Burner_Lid_NM.png.meta,15b7f3f80a30addb62096fee0a6d5b8430bf246d83883efce7367560d648b8ee,2947,abc00000000006135679446481540613
Korea_TreasureProps/Textures/T_094_Incense_Burner_Lid_RN.png,58ed1d314a84c966fddc8dc75544b2e6c47df496f1612c7aad93a465ad70d047,2609063,
Korea_TreasureProps/Textures/T_094_Incense_Burner_Lid_RN.png.meta,d1f8e60f3483248edb322c1da76e49eb41bfbfa0736f031c9d0f2c191f8b5b4a,1637,abc00000000014176295990491382096
Korea_TreasureProps/Textures/T_094_Incense_Burner_NM.png,4f77102bf68307a73e25a94f3231852163b4c921eaab171897ee30fb5737b945,4993914,
Korea_TreasureProps/Textures/T_094_Incense_Burner_NM.png.meta,6d540f54e4cad412bc0e35d215f949bb9d88bb99f0a2225069640afae20ab3b4,2947,abc00000000001690668082237500291
Korea_TreasureProps/Textures/T_094_Incense_Burner_RN.png,73aa74e235e81bf56b72c4d7fba9827abe63c57abb7926c6cbe3843c2ea9b417,1931722,
Korea_TreasureProps/Textures/T_094_Incense_Burner_RN.png.meta,47a98420f3d63608a96c84724d2fbe23306b34e707927197a8446b9fd36e6a3f,1637,abc00000000015438321053721699650
Korea_TreasureProps/Textures/T_095_Incense_Burner_AO.png,5fdbc8e8b6db7a5a3fc1de2434aa3e6db9b0e5d7444a50ba5d12c913d1b6ef24,1494162,
Korea_TreasureProps/Textures/T_095_Incense_Burner_AO.png.meta,45a0ea2f1200289542bcb100447b8a502e893d858f94057a6e049cc16a4f060a,1637,abc00000000014087271811974145680
Korea_TreasureProps/Textures/T_095_Incense_Burner_BC.png,5942de681c87181bf8787ed90036ba839ec46e2e2e88ecc2017cc311ec6a11bd,3040605,
Korea_TreasureProps/Textures/T_095_Incense_Burner_BC.png.meta,4d96a1711ee3de52f1e7b46c4d1cc9341bb1d137a392ca1593c4d88875b8ac15,1637,abc00000000017515527206732781135
Korea_TreasureProps/Textures/T_095_Incense_Burner_Lid_AO.png,aef31a94a7de9d9662b37d829dd37f65a57d80c739e1f9f2acf9367998173f68,1554534,
Korea_TreasureProps/Textures/T_095_Incense_Burner_Lid_AO.png.meta,2581cc8bcb7355bd22952e875c1ad2d650cd097337a36b977af8466516663cff,1637,abc00000000012309115564717691454
Korea_TreasureProps/Textures/T_095_Incense_Burner_Lid_BC.png,2e587ac30dcc05920180b39aa63b79ac27fbd1d1031a9ddf71758f1e3230faa9,3090859,
Korea_TreasureProps/Textures/T_095_Incense_Burner_Lid_BC.png.meta,b1d39de6bceac62bc48b22e6b6cf817a9590a1ac2eddd6c1bbafccffaa64f51b,1637,abc00000000014538679879809178961
Korea_TreasureProps/Textures/T_095_Incense_Burner_Lid_NM.png,f204e543c0bd79d2880efd5605f5ef34adfb9c248c7a23743fe2c0a4427cee45,4958207,
Korea_TreasureProps/Textures/T_095_Incense_Burner_Lid_NM.png.meta,6e5a88204d2dcd788df2484e13e2fbc82c7939cdf5812d6dfb0946c56d37a782,2947,abc00000000013110310219007334179
Korea_TreasureProps/Textures/T_095_Incense_Burner_Lid_RN.png,5030f8fa7faae46bcb9e1396a1dcf71058edd7b2a7aa3451083749e73c97bae0,1763475,
Korea_TreasureProps/Textures/T_095_Incense_Burner_Lid_RN.png.meta,ed1783fc409419988f5f8092370ea8cf1219c541ce0c920e3cd6876c2419008f,1637,abc00000000014400725125087493346
Korea_TreasureProps/Textures/T_095_Incense_Burner_NM.png,a3d534ab5bda1b4934d47ceb2e3baae232f50900d1616ef003f8277eb567198c,4962614,
Korea_TreasureProps/Textures/T_095_Incense_Burner_NM.png.meta,c7185ead41a428dcd31fecaf615dc094d4bee574c726f86dd3c84de9423d67e2,2947,abc00000000017027533342462740701
Korea_TreasureProps/Textures/T_095_Incense_Burner_RN.png,95f76ef7324ce666247a73c22976e53d5fa3a742f14016ef9e7190885ae20eff,278070,
Korea_TreasureProps/Textures/T_095_Incense_Burner_RN.png.meta,c24f7203b5413dca2b043f720aa077b140d07569b5f8b51f432b74c1d9ed652d,1637,abc00000000000882681149382398456
Korea_TreasureProps/Textures/T_096_Incense_Burner_AO.png,1077595a89e7fe3b2b2ef81b3601f23af959ba2b2ac9ccae48db4cf398647d05,1673548,
Korea_TreasureProps/Textures/T_096_Incense_Burner_AO.png.meta,5387e89453d441dc57ddcf882ff72b939c7256fca32d3c8d2e22bab12a0fe274,1637,abc00000000008856243893310538074
Korea_TreasureProps/Textures/T_096_Incense_Burner_BC.png,bad55a0b584c8d0567e799e4d71058958565e98a8516d520bca4cea3abac26a6,3063658,
Korea_TreasureProps/Textures/T_096_Incense_Burner_BC.png.meta,084de97e3148647d53bed387de7a0731fd3f0586fadf116186f6333e0f8f3508,1637,abc00000000006082651821783269925
Korea_TreasureProps/Textures/T_096_Incense_Burner_Lid_AO.png,e794694091a48fd0d879cb386619a10a3149402e2e361f99aad8b516b6815413,1895938,
Korea_TreasureProps/Textures/T_096_Incense_Burner_Lid_AO.png.meta,1baa9cd7c15def0ab5466d3f49d6afa5ba6527d407507dc46934cdd7e8db0364,1637,abc00000000012467016180618315212
Korea_TreasureProps/Textures/T_096_Incense_Burner_Lid_BC.png,a6173280e5b5b3538d058676048f9fc39a0d84f0d0669f1c7826b7024dc4670f,3514827,
Korea_TreasureProps/Textures/T_096_Incense_Burner_Lid_BC.png.meta,d499dd9105dbb8dc4b25a6d81fb625b98a8e3dd67b390bb559d89897b5bf4c05,1637,abc00000000004774708200165757075
Korea_TreasureProps/Textures/T_096_Incense_Burner_Lid_NM.png,9fec3f4867ffd23d3662f25f444969e4832350dd6d3f0533cc2416e63c39a488,6244448,
Korea_TreasureProps/Textures/T_096_Incense_Burner_Lid_NM.png.meta,0953d9989997fc1356a1359b42441fc02da80f2040e6ae5d2a91f9a391cc0ff3,2947,abc00000000008584348312471773601
Korea_TreasureProps/Textures/T_096_Incense_Burner_Lid_RN.png,aa5c95c2cf1523585c07ecb0a80de2112cd3f193d11ec80aa4c428ac8f0db7ce,496098,
Korea_TreasureProps/Textures/T_096_Incense_Burner_Lid_RN.png.meta,7b7f4d25c42b91df33218bd87870b38f0361dfdf9700a44e0ed73f35de304571,1637,abc00000000002711571721707709876
Korea_TreasureProps/Textures/T_096_Incense_Burner_NM.png,68f29b83fe8fe98ff1ea88d08e889ef930747afd6598ec76013b8fda23d97d47,5723895,
Korea_TreasureProps/Textures/T_096_Incense_Burner_NM.png.meta,d07b478db021db54cbe84f88cd79af2133931dbc35c7a0bc196a8ccec6cd17a3,2947,abc00000000010088243571367247319
Korea_TreasureProps/Textures/T_096_Incense_Burner_RN.png,cc98f0029aa20f3ddf0b5f35d13abd45a54e68723938b56aa1f6f68fb48cd93c,501355,
Korea_TreasureProps/Textures/T_096_Incense_Burner_RN.png.meta,5da165491938c92270cbd20827ca5964650c705747ee282f34aaeff241eb1e21,1637,abc00000000006295867290384008078
Korea_TreasureProps/Textures/T_097_Incense_Burner_AO.png,d4bb46fcfaea538f0cb67fb26e96c9aa7ebe84e7e2562bd08d1aaa3f07ff3e27,1472166,
Korea_TreasureProps/Textures/T_097_Incense_Burner_AO.png.meta,d09cef3adbfc11e10475a6f77cf93da59623911673701843403d881a7acaea6b,1637,abc00000000003770720303052890336
Korea_TreasureProps/Textures/T_097_Incense_Burner_BC.png,913d81a4bd7e74c53516e03d8881fbc52f4d86c530733b129f251f3b2aebb874,2707992,
Korea_TreasureProps/Textures/T_097_Incense_Burner_BC.png.meta,c1866b02668d4748de424986e9bf3c5ef0430ca015f8fb7c1a4bc018d8b1e95f,1637,abc00000000001142877477596022815
Korea_TreasureProps/Textures/T_097_Incense_Burner_Lid_AO.png,53662bc714e9283552fd36258d2914855d5ffc36c4acbfea06c01e931cf2991e,1741927,
Korea_TreasureProps/Textures/T_097_Incense_Burner_Lid_AO.png.meta,9f7faac8ee28e605a4ec82cd3d667ae358bb7b3db4d94d8e092c89853c8e8c76,1637,abc00000000011243292847220483694
Korea_TreasureProps/Textures/T_097_Incense_Burner_Lid_BC.png,3308d14ae216cea7839ff9bf44cff0110eeaeb09c97d1f2066d8e30741d85626,3505933,
Korea_TreasureProps/Textures/T_097_Incense_Burner_Lid_BC.png.meta,6bdbcc78b300fb80689ed5249579675356d8e61febb2dd648a44be90dd07ba74,1637,abc00000000007011831548137420161
Korea_TreasureProps/Textures/T_097_Incense_Burner_Lid_NM.png,84c2985969bc19baecda96af62d7cf3bb4abed8693afd2c4bd064eee0d4b5067,4857516,
Korea_TreasureProps/Textures/T_097_Incense_Burner_Lid_NM.png.meta,c271e71fc18f1a742065247c0e44bccd0d9ccb8b0ee3d2bb15f9b5c8f64d5daf,2947,abc00000000005911919513020205523
Korea_TreasureProps/Textures/T_097_Incense_Burner_Lid_RN.png,777bcd929459da817ccd6db082997acbbc20860958957334b9fd3b17caf0a7d7,2031960,
Korea_TreasureProps/Textures/T_097_Incense_Burner_Lid_RN.png.meta,603f9f98afd3fa4b9410a9c10154bb4fcec0fd6d8c11298f262310d7757aa605,1637,abc00000000008588884878283833202
Korea_TreasureProps/Textures/T_097_Incense_Burner_NM.png,7ad962904cbd3ee568fa4fe2aa8e897130eec46fdc4c6374fb2159197dfb71a0,5313223,
Korea_TreasureProps/Textures/T_097_Incense_Burner_NM.png.meta,8e92116ab858ce30dc72f93de4ae1c39c3e2b9f58f8abfc420d2d41df5f4ac1b,2947,abc00000000000593592437135098797
Korea_TreasureProps/Textures/T_097_Incense_Burner_RN.png,fb0b578b205851a5239337da8067b7c0bb41c347a600d0982322c7b41a56cf88,1434557,
Korea_TreasureProps/Textures/T_097_Incense_Burner_RN.png.meta,ce691c761952c073b7ee12137c532cfba6b5e2594b5e221a90955b9132733fa2,1637,abc00000000001325412173729216424
Korea_TreasureProps/Textures/T_098_Bottle_AO.png,dc2aed9023f53ef1140c1c5ca3873aa410a29e831540072117722c66afb20922,1010008,
Korea_TreasureProps/Textures/T_098_Bottle_AO.png.meta,51e5f67336039a7c41002aecdd5d4a429b658a1716e75fa822ea7fb47c5e0f20,1637,abc00000000007619807766457278242
Korea_TreasureProps/Textures/T_098_Bottle_BC.png,cd0a5341919ea34b1ee22107ef652eca9fd8163958f2bfae284d1808fb283cd0,3569679,
Korea_TreasureProps/Textures/T_098_Bottle_BC.png.meta,6b64201d509b9cf7595e9a5045f36408b4207f04720f73f172c2817732f67887,1637,abc00000000002463103825192138653
Korea_TreasureProps/Textures/T_098_Bottle_NM.png,cb192dc0c0b71d3b91149ec0c9a19a60960bf220a4b40b8318b39b95f5b161f2,4888254,
Korea_TreasureProps/Textures/T_098_Bottle_NM.png.meta,32d9092b8e554a61b77132dde06af8d002364b67f900c1c582fd4b0987973e6d,2947,abc00000000006734030938234557871
Korea_TreasureProps/Textures/T_098_Bottle_RN.png,cb9f016f8a141ad16cb608bf9081bc0a0f85b65197da209d61888adfb935e041,711953,
Korea_TreasureProps/Textures/T_098_Bottle_RN.png.meta,238a3856ec7acdeae0eed64933f16c397f9447a3e0e8d1745d764274195decee,1637,abc00000000015716079635700164662
Korea_TreasureProps/Textures/T_099_Incense_Burner_AO.png,8c3e15dbe35159941445439b0c9068234b49ae90ebcc09d7711b901db3a3f5e0,2779098,
Korea_TreasureProps/Textures/T_099_Incense_Burner_AO.png.meta,e7513314c5858be86820c1ed60b0b21de2ead018a215ff4b85da067022141d21,1637,abc00000000010482809858692321096
Korea_TreasureProps/Textures/T_099_Incense_Burner_BC.png,5b631df9eb912652cae16724ab1600331387ad69be67128856e04b36fb8c3915,3043821,
Korea_TreasureProps/Textures/T_099_Incense_Burner_BC.png.meta,bd2f51208199e63602bec92baac2a90d5eb0c460db9fc9593298477947b50b05,1637,abc00000000011525907983051663863
Korea_TreasureProps/Textures/T_099_Incense_Burner_Lid_AO.png,5c22abee1e6ad12749e5f1a8d94b3aad124ccf9d466a276e30bad2e8ecbe45bf,3031988,
Korea_TreasureProps/Textures/T_099_Incense_Burner_Lid_AO.png.meta,0b7468be55265cfa2212f2c811f3edb9b98dbe2f6cfe45bad4ee6085a4656b53,1637,abc00000000008664901065290215046
Korea_TreasureProps/Textures/T_099_Incense_Burner_Lid_BC.png,37adce1461602e451914e5df87fcbb5f102dee2f8e64dc913c4faba69b6fe50d,2936761,
Korea_TreasureProps/Textures/T_099_Incense_Burner_Lid_BC.png.meta,eb37bee78b3c0eb17d170488e6834f6c76f6306bd88c0329e700a0b6a566ce7b,1637,abc00000000011531461480988787913
Korea_TreasureProps/Textures/T_099_Incense_Burner_Lid_NM.png,c0daad9cd8f05652685ff2e55e463e1ddcf9845cf88b52b43140521bea0e1131,5183115,
Korea_TreasureProps/Textures/T_099_Incense_Burner_Lid_NM.png.meta,939bf4f396f417ccd2c9c6d2b05abab48695042108bbb90787d2ec7a2bdfc8e5,2947,abc00000000002618433353387206107
Korea_TreasureProps/Textures/T_099_Incense_Burner_Lid_RN.png,7535e8dbcbe39049de7bd1c13d691b6c3b5941b3acf3248c360a2021a5cad034,2845160,
Korea_TreasureProps/Textures/T_099_Incense_Burner_Lid_RN.png.meta,5b5f33c1e3f0dcf5af3f16ec996f00f3dac034b69363c3cdbe1c56c9897c31ee,1637,abc00000000015090393684088324298
Korea_TreasureProps/Textures/T_099_Incense_Burner_NM.png,30c934a60923ed9b85ce437911826f8eb6f9de705b008e5b303a78e71c0b7fd7,5486210,
Korea_TreasureProps/Textures/T_099_Incense_Burner_NM.png.meta,da711a30b25c9d1a6ed853963bd7c4cf7c6983f0e10125e4c15b587cc3cb4738,2947,abc00000000000291277371798964997
Korea_TreasureProps/Textures/T_099_Incense_Burner_RN.png,d613876c19f4e58ce20a938e549c6dfb7b8af03d9695a983cb4fabc7317d1066,2801156,
Korea_TreasureProps/Textures/T_099_Incense_Burner_RN.png.meta,4c0e261e363cc42a2ba902bb975585d5fb9c284b5abf5b6f72460176b45e87a8,1637,abc00000000008331893915808806480
Korea_TreasureProps/Textures/T_100_Statue_of_the_Buddha_AO.png,d56ee9f6043c3a9719a0e993ac283c41c7d6a5f5914affbb929ed2c25a7d658a,1436858,
Korea_TreasureProps/Textures/T_100_Statue_of_the_Buddha_AO.png.meta,16ec6485bc54553c970d6b92f6061b579c9ce7e2382336ff4f8c51e13353fc84,1637,abc00000000005130995586651014309
Korea_TreasureProps/Textures/T_100_Statue_of_the_Buddha_BC.png,250b7a550686bddae701726c7aeef5db6b6e98bc7149e05dc6e9864ac4d27f09,3776835,
Korea_TreasureProps/Textures/T_100_Statue_of_the_Buddha_BC.png.meta,81457fe26b7065b050efda32a73931e26c8051db6a893ce00a36ac9376ad9be3,1637,abc00000000002709469920623739410
Korea_TreasureProps/Textures/T_100_Statue_of_the_Buddha_NM.png,28389aa645da223825c752dde20643a6772e299223cd4e63287149b07a597121,5975666,
Korea_TreasureProps/Textures/T_100_Statue_of_the_Buddha_NM.png.meta,903dc38d772226eb20828874d484b2f3286ff761f0993616fde2a0beadf9c65f,2947,abc00000000000631647929903933164
Korea_TreasureProps/Textures/T_100_Statue_of_the_Buddha_RN.png,fb1871d5dfe6593153874f52e348e339705aa8b8c6289e5bcf0105308f392c38,2392160,
Korea_TreasureProps/Textures/T_100_Statue_of_the_Buddha_RN.png.meta,1b2b8a24b93cf23c7f49b7aab62ec4856462438d3adfde49a506f84e6ca43c8f,1637,abc00000000013926340841417544353
Korea_TreasureProps/Textures/T_101_Incense_Burner_AO.png,6c903ae13c23725a7230e4ce345b49c6b5a6e53308e579392eb6513e87e65668,1296428,
Korea_TreasureProps/Textures/T_101_Incense_Burner_AO.png.meta,5d508ef9ef63169b600cf45270ec37b184c28af27824bbe69dfdcd724f35028a,1637,abc00000000008448545609872533292
Korea_TreasureProps/Textures/T_101_Incense_Burner_BC.png,ba26a4930e98d130a02b888581c6b79337fd26bbab4abbc94d3da049a073b374,2815349,
Korea_TreasureProps/Textures/T_101_Incense_Burner_BC.png.meta,6ef2d637fc8dd9ad600f89981903b11852327eca2964d01dbba8a04d43e578fa,1637,abc00000000007057219079422190451
Korea_TreasureProps/Textures/T_101_Incense_Burner_Lid_AO.png,f71dbd590fdf2c9c4a4f133014ff93530ded2811d57ea5886422ad58d082f0ef,1946333,
Korea_TreasureProps/Textures/T_101_Incense_Burner_Lid_AO.png.meta,fed2ca49391e1e5e331f4acd8d6cd3334a25991c921398575afe63d2fb360d7a,1637,abc00000000000278837311832124114
Korea_TreasureProps/Textures/T_101_Incense_Burner_Lid_BC.png,c5f45a95198894e58b4ec100dcf1f68236c507fcd52f9d123bf5c961f6319bdf,3833319,
Korea_TreasureProps/Textures/T_101_Incense_Burner_Lid_BC.png.meta,97d44f669ea57d97fe66367f5baedc015e797a9e96ce61f84f7df8e382f0541c,1637,abc00000000001073825723360899853
Korea_TreasureProps/Textures/T_101_Incense_Burner_Lid_NM.png,3c6f8205e898f93bdb2505f763cee8b83056816d911216eb0eea0215ff2f9b68,6901807,
Korea_TreasureProps/Textures/T_101_Incense_Burner_Lid_NM.png.meta,a02f2e5b84fd42eedc94aa8d30658f84a8bb62169c4983c9b8e8dc91a7f9d7ae,2947,abc00000000011515345586637452575
Korea_TreasureProps/Textures/T_101_Incense_Burner_Lid_RN.png,cda4e17f3aadcf709dd9530ef483c488d3bd3020e27047ffea670b72a88879ef,2837879,
Korea_TreasureProps/Textures/T_101_Incense_Burner_Lid_RN.png.meta,8c396a8c0781c4db5ee74b71048e99ff9fcbfe79df6a2a09c88ce54e76bc6c7b,1637,abc00000000013091893458442441990
Korea_TreasureProps/Textures/T_101_Incense_Burner_NM.png,d1100159c66ec4f735363696e9253f5236ceda0645c69f9c30226adc5ebbe9bf,5281819,
Korea_TreasureProps/Textures/T_101_Incense_Burner_NM.png.meta,d9fb6d1c1aad4c2a695e1c8f90164ed5dbb067f4a7dc7523bd919bbd3bbcd2e2,2947,abc00000000016519679014497540609
Korea_TreasureProps/Textures/T_101_Incense_Burner_RN.png,33a5ba292cfa34430335ab2d564a6d2ffaa19567a9a1c63687258591d69053ca,2032972,
Korea_TreasureProps/Textures/T_101_Incense_Burner_RN.png.meta,25797a9bc2b31bf46218393e9fbd7f1f490391e8490ee7300cf665122f28d163,1637,abc00000000016702719168972157844
Korea_TreasureProps/Textures/T_102_A_Celadon_Doll_AO.png,96d4ace3e2042787893380d10f79c77b9eb56abf2f286ba7d4842448bd3aa5b7,1502237,
Korea_TreasureProps/Textures/T_102_A_Celadon_Doll_AO.png.meta,4cacfa866ce367192cc598c3db1158c79af6cc2efd13836ecfade4d32bf9446b,1637,abc00000000005980299280852544878
Korea_TreasureProps/Textures/T_102_A_Celadon_Doll_BC.png,06517d6566adef870e311a8fe65a4552084a8cccc344b3f4a1f5f23ddcb65297,4342951,
Korea_TreasureProps/Textures/T_102_A_Celadon_Doll_BC.png.meta,0f7c7109df16f1b38a12565b83496732ad8d70defb1af60cd67915ba79505beb,1637,abc00000000001748837981769481345
Korea_TreasureProps/Textures/T_102_A_Celadon_Doll_NM.png,9e84c0db164a2d43b8d73a4b4ec1ca003f61b39f83f23ebdae70a172a64f3776,4584385,
Korea_TreasureProps/Textures/T_102_A_Celadon_Doll_NM.png.meta,c4d5eee2c4b39357bfff2ff34df5ccf176b314e400d75e634a623af6cb6c3501,2947,abc00000000000648925946652266707
Korea_TreasureProps/Textures/T_102_A_Celadon_Doll_RN.png,519804ee33c7d07d0deef0a27fdabf17a61e39656b5f48e499c9066715476f64,2688308,
Korea_TreasureProps/Textures/T_102_A_Celadon_Doll_RN.png.meta,9573837ae28798f94537367bec354c7bae888442677df9746abecf5b070866da,1637,abc00000000003325891311915894386
Korea_TreasureProps/Textures/T_103_Statue_of_the_Budha_AO.png,ab981ff1d614b6f114bc51580a3e85c4666539370aaaf5dafce2008cb775f876,1449381,
Korea_TreasureProps/Textures/T_103_Statue_of_the_Budha_AO.png.meta,f46108caa82f0c724613af1442b0a9d9c34d477f61bc9d2b1a213a3ba44a39ca,1637,abc00000000018327179849348529839
Korea_TreasureProps/Textures/T_103_Statue_of_the_Budha_BC.png,dd4442de967aff819de59d5081bb43340697185612edc5bf47f6a9e9296fe8b4,4112229,
Korea_TreasureProps/Textures/T_103_Statue_of_the_Budha_BC.png.meta,133899971d2c670f20943669982caac1b42a914a8c3dbc4989bdec74d7546559,1637,abc00000000015535176722110511168
Korea_TreasureProps/Textures/T_103_Statue_of_the_Budha_NM.png,8c51f176b27e888b9985b9c4282230d9167551011c6bf353f02f589b55cb4f51,5699317,
Korea_TreasureProps/Textures/T_103_Statue_of_the_Budha_NM.png.meta,3247ed962faa3e2302620abf72cfe0b1e7a6c03b58c5e68e75021e5b133b0a9c,2947,abc00000000015350181568413341534
Korea_TreasureProps/Textures/T_103_Statue_of_the_Budha_RN.png,299245e458505ccac84a4e2aa5365d8ac5b1fe47f2ff4527d75a5ebe901a4811,2272415,
Korea_TreasureProps/Textures/T_103_Statue_of_the_Budha_RN.png.meta,60ae336f7d787e0a44850cf1b201b4648ee1e6a67c68911991416d0c4ccbce03,1637,abc00000000000474478435323809831
Korea_TreasureProps/Textures/T_104_A_Ceramic_Bottle_AO.png,fedc85eb973f2fded60e8c62d02be6a6d78893896f6753cbb300c96e8098d225,404317,
Korea_TreasureProps/Textures/T_104_A_Ceramic_Bottle_AO.png.meta,aac205ce32d23cf234cc47b761a6e0211bc6bb64b9dc3fdf43f2d4ebba4d6976,1637,abc00000000004091028307656880374
Korea_TreasureProps/Textures/T_104_A_Ceramic_Bottle_BC.png,651768ce082f34beba640fac04478476f8863ea9b1281a81377ece4715d128e6,4575724,
Korea_TreasureProps/Textures/T_104_A_Ceramic_Bottle_BC.png.meta,03bffe62cb3c8129bf412eccfee32d23b1ee85b91bdf82da781891bb25dd1429,1637,abc00000000000840621539414299705
Korea_TreasureProps/Textures/T_104_A_Ceramic_Bottle_NM.png,a26ada8e1535712734836d7f1775368c99d59f9d90da050c12041b856b6e6768,6283279,
Korea_TreasureProps/Textures/T_104_A_Ceramic_Bottle_NM.png.meta,dea18355788608d9da14298f28aadcdf197b15b0210ea562d2581fc4d78579a6,2947,abc00000000010382495676629611659
Korea_TreasureProps/Textures/T_104_A_Ceramic_Bottle_RN.png,5bf46cf3a5834c06611debc1aacb7eb00f069bb8fd6ea0bad4f29bbc2cba7e28,754795,
Korea_TreasureProps/Textures/T_104_A_Ceramic_Bottle_RN.png.meta,0f853793b4cca571587c6b532e9a7874ab237727287e5236c136ac4e27130baa,1637,abc00000000003256307885348406682
Korea_TreasureProps/Textures/T_105_Bottle_AO.png,7c55b78804051b78c6a3ea4b4b24bfccb6c6903568e03e21c781cb9e1c132cc3,814318,
Korea_TreasureProps/Textures/T_105_Bottle_AO.png.meta,e1d888a07108e6f6fdd8b7d7e4a83c392dc1f32587d1d0f18452f296ad548a39,1637,abc00000000014382697053304479622
Korea_TreasureProps/Textures/T_105_Bottle_BC.png,35414830de4a962e81cc06324ab8da7ea7e139eb54fc31debff20cf3fe5d8bf4,3537975,
Korea_TreasureProps/Textures/T_105_Bottle_BC.png.meta,c1a8f80da7aa9ff4aa61aaeaec3ecd03be3c35d4153657f60cf31423afec5c3c,1637,abc00000000017249257469003052489
Korea_TreasureProps/Textures/T_105_Bottle_NM.png,97b3258db5d5aea7bdb6fe595cbc94e7a5e0c6af10101317640baed2c59bd2bf,5925535,
Korea_TreasureProps/Textures/T_105_Bottle_NM.png.meta,9c95841cbd7f765efbb956d2188bb0d10e4943932dfc2ebfdaf60b60d3e7c71d,2947,abc00000000008336229341401470683
Korea_TreasureProps/Textures/T_105_Bottle_RN.png,c1b2a8612fab8d015c2a35c32e3a089edf2d1660c5e48dfa3df0ba4b4d1e31df,839073,
Korea_TreasureProps/Textures/T_105_Bottle_RN.png.meta,1dd9547e3968801db7d2b93f0bd5f2d6cb9cb2452c204a571e2abe95bcaf0f75,1637,abc00000000002361445598393037258
Korea_TreasureProps/Textures/T_106_Incense_Burner_AO.png,5aee9264041dba0fdf35d8e76de935744fc978442e7a332a2b7a6449774bf919,1707307,
Korea_TreasureProps/Textures/T_106_Incense_Burner_AO.png.meta,5ad0f3f8f515db4f47a5c0a816f7c243e060bddc4720b5260cb58b063f6729ee,1637,abc00000000006257331478980215054
Korea_TreasureProps/Textures/T_106_Incense_Burner_BC.png,ddbe5d114599846d462787b9a5cac7451a6cd6880ca6f3bd6f7d911f722163a5,2904698,
Korea_TreasureProps/Textures/T_106_Incense_Burner_BC.png.meta,6fa479cc67f6d3decde35de8a98e01d62dd90e25ccb072ab2e4f8f7051b2eb5a,1637,abc00000000014627833079901582113
Korea_TreasureProps/Textures/T_106_Incense_Burner_NM.png,c8f2d38a0544eb4b85a2ed8b914548e0a6abac75b2873414762caef35a05b0a8,4939141,
Korea_TreasureProps/Textures/T_106_Incense_Burner_NM.png.meta,70b6664a584ff984e9654ddc0875cf809e1f93afb50c9014f002a7e49a3c34fa,2947,abc00000000007226939594782152179
Korea_TreasureProps/Textures/T_106_Incense_Burner_RN.png,99b4eafb7fa6e3f9c58c9938daacf89ab1e9b6b616ae3f64b9a3260e49c40ae0,1329262,
Korea_TreasureProps/Textures/T_106_Incense_Burner_RN.png.meta,40dd0038912519ab53e6e7625f7bc9b031202087f1962b8aef3d209a4b09e169,1637,abc00000000003410962159107777170
Korea_TreasureProps/Textures/T_107_Bowl_AO.png,619156675f47b6d7c6077d9ed83dcaae6ae98be1fd49a743aafa9f1c9fc99828,1864446,
Korea_TreasureProps/Textures/T_107_Bowl_AO.png.meta,561189236f20f39b38976aedd0f1cd93593322d430d61b2bbcde7c965565645e,1637,abc00000000004895493932083442842
Korea_TreasureProps/Textures/T_107_Bowl_BC.png,bdf6d2a2f3b632543d62b829a16c5bd49fcd6786f0344273e167f639f622bd0e,3239334,
Korea_TreasureProps/Textures/T_107_Bowl_BC.png.meta,45ddb26ab94d089f9c0b1c8046d71960ff97ab234ce80a6c824832779b512197,1637,abc00000000007966401559284473701
Korea_TreasureProps/Textures/T_107_Bowl_Lid_AO.png,4afa387774c1e98393ad95f32432dfc8b4813921673873f7d09904760f52d969,1812300,
Korea_TreasureProps/Textures/T_107_Bowl_Lid_AO.png.meta,3266de84f2eaa44e69bd1be126ae71e2124825d139f2aeb7ec5fa5306529440a,1637,abc00000000007113427060394875404
Korea_TreasureProps/Textures/T_107_Bowl_Lid_BC.png,c136d7d0da1f192d875fda0551a91b4b6cb686fc898db0d5031272452aabe837,3211559,
Korea_TreasureProps/Textures/T_107_Bowl_Lid_BC.png.meta,549109b8428c74390ca8a91cf2373b2e3ace1104bb071bd663880f5cd926c476,1637,abc00000000017867863153651868883
Korea_TreasureProps/Textures/T_107_Bowl_Lid_NM.png,5217b315c12d1ceb8a60d2f018c26bd0457e09011ceb21cb54ae43f840477b3f,5109278,
Korea_TreasureProps/Textures/T_107_Bowl_Lid_NM.png.meta,a092a669ad733889b273023456a5000ab7ed40edbcdf6d5042dd01aea1a3d9f2,2947,abc00000000015064764899282144225
Korea_TreasureProps/Textures/T_107_Bowl_Lid_RN.png,0126fd543324c584db02918d7bc5af7cda7562b49e324cf91627b0f9b96d060d,3200129,
Korea_TreasureProps/Textures/T_107_Bowl_Lid_RN.png.meta,fa9ab38c114094cab2474aee643111f8cc03a767943a6e185e3ca2ada8ebbbcc,1637,abc00000000002957599070425856756
Korea_TreasureProps/Textures/T_107_Bowl_NM.png,d89a5521cc0cfad1674f88a4880af6ae1309188fa032209f9c6b95d56350a469,5336229,
Korea_TreasureProps/Textures/T_107_Bowl_NM.png.meta,f6d532cde3bf495b7d224bbd8f3411b9ea055778fff7b3667e9578e6812ab480,2947,abc00000000000004521703037835543
Korea_TreasureProps/Textures/T_107_Bowl_RN.png,d59312f6d21663c48c1a9d6c762e484fe81fe9d52e7ded86b0de5addd353e893,3290364,
Korea_TreasureProps/Textures/T_107_Bowl_RN.png.meta,d6faf37d7dbc4b4c9f19022a1549f2856c79a555db6293a49a06231d8f6f56dc,1637,abc00000000002580000558943625166
Korea_TreasureProps/Textures/T_108_Stationery_AO.png,54fe12b20dfdd176abc87a673877467eb14d5ec887e548a9246ced94b2b09947,1400742,
Korea_TreasureProps/Textures/T_108_Stationery_AO.png.meta,4a576bfbe376e21278ac3c2c67486cf1c90fde31f5523542d2443a16bcc20890,1637,abc00000000007166699860097477868
Korea_TreasureProps/Textures/T_108_Stationery_BC.png,6922efe896d533ed17f2fca534e3119970f5c16eeff067ba1014299bb197775c,4731943,
Korea_TreasureProps/Textures/T_108_Stationery_BC.png.meta,a37cd867c12cd6c0f6a7bbf6df9f27aabe5354f988877879ad8912fba6b47f79,1637,abc00000000011374989798588721715
Korea_TreasureProps/Textures/T_108_Stationery_NM.png,a739a2b6a2fcfdb07603f48ed45caba30f46c8c3102d945674430964d57b4bad,5222564,
Korea_TreasureProps/Textures/T_108_Stationery_NM.png.meta,d7465ba017c991cb3a2c381649e4fca8af36f4fd7144cc72019ce66b73f24e4c,2947,abc00000000002780313724341622977
Korea_TreasureProps/Textures/T_108_Stationery_RN.png,a7147f491696406698f6da8dec70e1c69bb5939ce4326aa84ad6f8ab5b274463,1456625,
Korea_TreasureProps/Textures/T_108_Stationery_RN.png.meta,f55cfc8f6c7bfa5a527e71ecf7e3b2fbbaf2df483f1e19882b9c2377176ed060,1637,abc00000000002818910519192671828
Korea_TreasureProps/Textures/T_109_Silver_Cup_AO.png,6350e8232aa83bcea6282b2536cbdf1e2ea0b0bd7a0678439fbc03d3a1efb375,2304636,
Korea_TreasureProps/Textures/T_109_Silver_Cup_AO.png.meta,117cfad72f3c2931642809c6db0e588d38a01c4c306a5506f36f171e8390e6ed,1637,abc00000000017091960983547054821
Korea_TreasureProps/Textures/T_109_Silver_Cup_BC.png,a61058c3269fef7333db17d54139727184ad8822078eb7b508cd0cf1d16c804d,3785124,
Korea_TreasureProps/Textures/T_109_Silver_Cup_BC.png.meta,225319026d8b746610ba0495acb5b5d795362f2a6fe49ca8febb4af585baceca,1637,abc00000000015305208086670416978
Korea_TreasureProps/Textures/T_109_Silver_Cup_MT.png,e0da7004a579b07de8bc3e75221694367db798c07e351fa2d846edcbb2431901,53443,
Korea_TreasureProps/Textures/T_109_Silver_Cup_MT.png.meta,f34c46df390f95ce24d9c39ee9aa697666860e275b4317f5201c4fe79973e7d0,1637,abc00000000012883508579969575960
Korea_TreasureProps/Textures/T_109_Silver_Cup_NM.png,37d28ecd449405eceeaa7a61cc50f4b73b97a37130439a26e9981ce35cafdc8b,5452629,
Korea_TreasureProps/Textures/T_109_Silver_Cup_NM.png.meta,2a05e8cff2dd3695dcc8631cfb3dcb82de6d441b25cee23085dbbd3112ebbb19,2947,abc00000000000380258491182645804
Korea_TreasureProps/Textures/T_109_Silver_Cup_RN.png,92da0a670442657bfb89094ad528eff0a48bb49468d37e2c2262412061fc0f5e,3722771,
Korea_TreasureProps/Textures/T_109_Silver_Cup_RN.png.meta,d860562800e07d5a3bb5a5445ad6656dfc9067d86cf74b088955c986ef2bde54,1637,abc00000000013674951402696256993
MenuBoard.meta,5c95a616ec8e3a6c5c617d0e41fbaae61fdc18b7780c051bae047aded639cb68,172,b054aacbe2659884ab9f67ef04182496
MenuBoard/DemoScene.meta,3bdd7feaed5140a193a17c213e178d9aa6203db0812e77b81588d238f2b8b46b,202,3b2dcdb5e26e24a4fad7a89da12f9177
MenuBoard/DemoScene/demo.unity,d50bc0a13df84075d45b2a59d5b2aaef737ee420155964fd8616d77f2b43c559,20106,
MenuBoard/DemoScene/demo.unity.meta,5dbf226d42e2b52ada718e9d77a60accc45cf783ccd945eff00277933d54c676,184,7411a3e6552f815438c6dbd4c0738dfb
MenuBoard/DemoScene/demoSettings.lighting,09035f3ec56330b0aa0b834e8859dba5cd8b10218e762c1078901dcdedc8a3de,1864,
MenuBoard/DemoScene/demoSettings.lighting.meta,90abe6cf2ab059a19d89d44ee130defbeff5c392299be74ca058dc406082b665,200,f778e00f6d71a0a4a9efa39cc9768cc2
MenuBoard/Doc.meta,f168bab83a8a7576730b4d7ef3a4f44dd876a9e1c99d25b87c15385dc41a5d2a,202,801e003be59fcf84aac50c778a1f5353
MenuBoard/Doc/ChangeLogs.txt,770dabf72228bcac6470fcff3cdde667857d5b157e2f7600f410422ce69c08a5,98,
MenuBoard/Doc/ChangeLogs.txt.meta,25bc4f0d00f977be7819b083c55e8408b5a1d798ae418ac319aa747666d6b071,179,9b53ae9d166c3d74491b72428dbcc595
MenuBoard/Doc/ReadMe.txt,f12613a6eb3e02a6033902fa15ca9c1c3b8bd52d6056f3181f978fa8a2b83415,752,
MenuBoard/Doc/ReadMe.txt.meta,db2ad5732a9a3799a8ffbd8532667c8c2ac90471c699327841d89a0e4f6454a6,187,0ec022a1a733a8247bb2609547301b0f
MenuBoard/Font.meta,05703050d5f138ae49132365d5b49db230c8af9cb34e4ac3c8c674476f1f846e,202,59fcb6892ddbba04091e6a8c61f7b44c
MenuBoard/Font/Bad Gong.ttf,81713c50db4ca6108464ffb4afed411f0076c9769b9d7415a7662c485b342eb1,483620,
MenuBoard/Font/Bad Gong.ttf.meta,5361b1a66b362a042e3604e62858986038b21ca7b558fc069face6cc7c134f80,481,66175ce4539650347978966f9f548d0b
MenuBoard/Prefabs.meta,b1c132dd54af933649fd2c49bcb19f7cd92c4bb7dd0a4bcbcf9f089c842ab5eb,202,596519649fd40c349830f6d2e294058e
MenuBoard/Prefabs/MenuBoard_double.prefab,ddb158bc1c2f30978ebf0cef5a20278990a32dece2ec8ca8f9435f42b286d599,28574,
MenuBoard/Prefabs/MenuBoard_double.prefab.meta,e5ce5d6b37dafd05df752c47aeb3458d826433b02f1406431c396f782eeb13df,189,29f49c4f87606ce47924a910b8793034
MenuBoard/Prefabs/MenuBoard_simple.prefab,a3081dc0e3ae82264587281bc6eb37966a6f15e0b3dc0d15cfe3302302115030,13474,
MenuBoard/Prefabs/MenuBoard_simple.prefab.meta,33f6336d0283c4351b3fec5418db4cd12682e46b3a3ed8f2eaa374529b714a0c,189,8c9f0c23c52027445b918539b1026af4
MenuBoard/Prefabs/menuboard.prefab,40beb93e243de15a4115aa7d01f1092fc4f626e06144a35dea6588eb34b391a7,13469,
MenuBoard/Prefabs/menuboard.prefab.meta,7ca1278b649ce11edbc1e2e9c2cc68ad31dd6e1483d6672def24900d2eb9ccbb,189,affd85d75c3c8e54b802be2df6f1770f
MenuBoard/Resources.meta,8132a66d8e628c5a0ba0a8e445131276dc2c490cda113c6f69e56fb9f3cf5748,202,d18d8bb6c141e5c4bab5e1e5f2cf75a8
MenuBoard/Resources/Materials.meta,bd83261cc07dee325ca6e65cee9897a18380d2434f98783da1d1a0b4be9f2a1b,202,0c200060bac0e3241921c643d0d508c5
MenuBoard/Resources/Materials/board_A.mat,08fe6878abcf9a784f0cfea26879d8bbd5d77449eea70320f12301c2cf25cc6c,2247,
MenuBoard/Resources/Materials/board_A.mat.meta,91eaccd4a5565a5b6d12f50dc5056a175210a83f8c68344a307aadc3dca67b28,189,2a3cb2b6334be204daedfdffa17ebfba
MenuBoard/Resources/Materials/board_B.mat,19a831b63e401ec9ce85add8401ec80d9d170f7186fc06109958adea3eac6d52,2247,
MenuBoard/Resources/Materials/board_B.mat.meta,ce8d12610b0e5f2e6f359b0f77235368b8ddd5427c7a6ff279bcc8e784c248cf,189,2f3a07d5154510d4c89e667f69a25656
MenuBoard/Resources/Materials/board_C.mat,aed3d5f2ee154d8bf65da5aceb00694850729b8907321ee2272fb599b59e2b6f,2247,
MenuBoard/Resources/Materials/board_C.mat.meta,c7d2eaefc0d5e82484cd25eeb63c4dbbe8d7c17269b6bb00990424b3d3be6c7c,189,9e5fe6e598ea6d44db5bec6ab3b3ea0f
MenuBoard/Resources/Materials/wood.mat,b9171a5e04fa0ce5653751392f119a2d9745ab48c1f97ed9e9d6eb4e00199deb,2244,
MenuBoard/Resources/Materials/wood.mat.meta,bd78f173a6700dcfd6b37c88fdd98939a09470046d3550ff5f616fdc8fc6ee1f,189,d87aeed3f07b1554cb9cf469b26633e5
MenuBoard/Resources/Models.meta,f786a697fbfb273f86c808023258b382b9c56b02e758e43623cbf4fc90af58c2,202,89bf717303c101c42a5ee2e0f94f0464
MenuBoard/Resources/Models/menuboard.fbx,a9088b5fb84a208e0e6d920ba8449ee799b021dc60e4539620fafa44d772585a,17628,
MenuBoard/Resources/Models/menuboard.fbx.meta,ae832d50ae1d6f16c56a10f932491b7a41cb4018fc83d7acf72ad7a445337d07,2332,485480aca40f680428aca00a64170366
MenuBoard/Resources/Textures.meta,6a532e4f44160f2d87aa5db999ce48927855db50dd87409369ec0df485364705,202,832d2a9b9b049d74e89534dd0e55688c
MenuBoard/Resources/Textures/board_A.jpg,c0188ec7f5b82752140e1c0f8f8ada33522c7c2e96d6b8d4303a4619c047cd59,90634,
MenuBoard/Resources/Textures/board_A.jpg.meta,98f27a887ee1cdc3ed6546a523137ceea5f8667bf95ced6c0faf473d9e5d3395,1218,33047475db996b44eaf6df1fc9bb22a2
MenuBoard/Resources/Textures/board_B.jpg,166a7fd6ce2762771d2a44f5ee97ec1138b58a3a975710f1a25b26f880aae859,102974,
MenuBoard/Resources/Textures/board_B.jpg.meta,6d41003722607842a8c206a929fb1f0950e3a3d941cfb8e0539b156adac4e62c,1218,a7f1ba974ba9e91469b0678d04c76c11
MenuBoard/Resources/Textures/board_C.jpg,81444d743b2a5adfb6e91a79b6ef07813ab37193de7e54114405f5eec1caef0c,128671,
MenuBoard/Resources/Textures/board_C.jpg.meta,ff82f6246905e4a9d131cb7a7495016134ad448a655cd7e2af20b2d1d14bee6d,1218,4867b280a819db440bdda2e7e7f9f5b7
MenuBoard/Resources/Textures/wood.jpg,205e08e9324b2256ea7586e4a9d759535b59c84beaa813e1ac7e25e2ef08abdd,119516,
MenuBoard/Resources/Textures/wood.jpg.meta,cc04802144c3ad50ac0915d018ce8b3aea39350b0de2d6efbfb25d456be0a1df,1218,cd9867a98e990c64d917f4b15a457f3b
NThirdPerson.meta,124748fa1858356db4d2a79cdb432e8132121537bc23e15594afe90e8af1152e,172,0fbd61bf829b3e7448b810bbae220371
NThirdPerson/Animations.meta,a0ade8b1adc4c88a0b82df7700681782de5356083a8be1eae4ae57406f8cd6a5,172,f913843bfcb5c7f42a11aad355d92b6a
NThirdPerson/Animations/Item.meta,978e229e80d003d110bc3f16bc55cc104b585fef474bb8879c9a89b661510577,172,61879be6e99ea0644aa5cf06ba53ba32
NThirdPerson/Animations/Item/ItemAnim.controller,125dbcaf06f9a4e7d16c140343d0f989a609c88d4896ff299b8aa62d494bf648,2017,
NThirdPerson/Animations/Item/ItemAnim.controller.meta,fe104b359419bb268ef5e14b0fdec3f831175b0f032a930cafff8e955e7f160b,182,551abbad98a0bcf40b47c75f22f49986
NThirdPerson/Animations/Item/item.anim,bfcd134bb46d4703291d64aee8e5dd5ec31cebd13425a03e6414836a867bda76,8542,
NThirdPerson/Animations/Item/item.anim.meta,f6cd1f1fb1bb309cdb6a26c295fa1ce7274b991fd116b60a9ee542d46f348664,182,c2955b6f3757d854da6b590d815f9b02
NThirdPerson/Characters.meta,ee4b19313bfef879a84b560fafbc9b1e690ea7d8cfac45e929bdaa328c420004,172,90c03e2e55d785849b49ac40c1d7d276
NThirdPerson/Characters/AnimatorController.meta,e40c51ff60bb1395be4e951c1e74cd866473348694af1fe2d5b49f3598f787b2,172,3bbf9cbe11c798d42a3dc9501e7dee43
NThirdPerson/Characters/AnimatorController/0.ThirdPersonController.controller,4445e583a540ade1ab0d8ca81617017fb0cbba98b831535e0713e68f9786a787,22533,
NThirdPerson/Characters/AnimatorController/0.ThirdPersonController.controller.meta,2494782574b5e7bf4318bd2baf43871a72ce82b2dcc69614174c6d38c947b5a6,182,ed7c9462bda7a804f87dba04c1959ca3
NThirdPerson/Characters/AnimatorController/air.anim,961e7b34b400cdc3ee22dcf128a452832c60fc9e5115de2f9ea30d05eca72397,1291,
NThirdPerson/Characters/AnimatorController/air.anim.meta,420ebcbed4e8aa4cb354959b678443226f4038fdf7ad7c50dac39bf1f9e37cbe,182,7e5c6429915165b408caeab7b6da8a96
NThirdPerson/Characters/AnimatorController/idle.anim,45b2641a38772ca3704ede976743656d1f0b26f8802b87cdacf42193d4247865,1292,
NThirdPerson/Characters/AnimatorController/idle.anim.meta,e8174de22701c5c2ea9ae4796c3a1efde4ebd47d797474f7f235e530c7ccd83c,182,a8666644fd21def48a3713cd7d654be9
NThirdPerson/Characters/AnimatorController/run.anim,d214a2fd72fbe5c46886a7aee40338253203c596c4fbde399b47b058999ebbd6,1291,
NThirdPerson/Characters/AnimatorController/run.anim.meta,30ffef7357dd1bceff9a74fe6d48b562fcf10d651c5f78afb44c20e88e8d0e4f,182,5f168ba2730809d4593f5de0dfb54b21
NThirdPerson/Characters/AnimatorController/walk.anim,b00ebce4ab42c9b5e5de02973da656def09a55661bc5ea0d7deba6a373498539,1292,
NThirdPerson/Characters/AnimatorController/walk.anim.meta,62da25db452975945afd168d356159d520d9e6a3caced19bee695c3bbefcf5a2,182,a1bd13e66a84dd147a5982ef0adab8c9
NThirdPerson/Characters/Bixomon.meta,0e4771c155a42fc5259a2596414241beda2fd77b29f350dc3fb0083955adfdc8,172,405d8555f43207c45ab9af72ee8d8b6b
NThirdPerson/Characters/Bixomon/Animations.meta,c99c7590363ba2c33251e05b58c945e4985020f9d611bddb81755d1863d6129f,172,11d4a7decf488e243b8c892011a99bbe
NThirdPerson/Characters/Bixomon/Animations/Boximon Demo.controller,3deb869c4aef961164d86ad9060340ecddcf5662d861924dc7b9619765e654cf,19000,
NThirdPerson/Characters/Bixomon/Animations/Boximon Demo.controller.meta,401121a04c3de0485189c51082b4f19394ac7ab27b70294857889af95cfa51b1,188,0b51ddc8bc6b72e469c3f170c96dbf77
NThirdPerson/Characters/Bixomon/Animations/Boximon Main Rig.FBX,bb664ff331485ec46232b362f777643417d48bfc310397df6691504b48c6b6fb,53920,
NThirdPerson/Characters/Bixomon/Animations/Boximon Main Rig.FBX.meta,72346341435a6b4c6affa1972db177ab7dee27245d60a2d7319a7bad1fe6d775,17578,ab49f3cef633f1d4c84f8c46ec6c0b74
NThirdPerson/Characters/Bixomon/Animations/Boximon@Attack 01.FBX,80068f9deeef9a48031e58c569175ae332def79c61957724167d0706c163550c,296432,
NThirdPerson/Characters/Bixomon/Animations/Boximon@Attack 01.FBX.meta,147b98f9e2d4c16ab80c2dced11cb8e3c9fb046aa5691b7026a0c91bcf8ef86f,16344,c256d06ac23fc304783b388694974f3e
NThirdPerson/Characters/Bixomon/Animations/Boximon@Attack 02.FBX,b845713e58b134a64044e297f9bf5f45eb72af86fc36fd2b2023d273db9f4104,296384,
NThirdPerson/Characters/Bixomon/Animations/Boximon@Attack 02.FBX.meta,266206852c0e74ea3e7d8047a2266827b6c79aa3469fe94c4e46574c0465edfe,16344,f90822dc21243c143832aadcda799012
NThirdPerson/Characters/Bixomon/Animations/Boximon@Die.FBX,2a2bccec15c3a2e5462fb69fe7cd26fd66131e9b2bbc4fb08c97640b1d3aacc5,382768,
NThirdPerson/Characters/Bixomon/Animations/Boximon@Die.FBX.meta,bf197f93589b379a75e4551aca656380fcea42191eec48094d9f09fb03b30e09,16477,3014723763036b442b52f60b16e2aa31
NThirdPerson/Characters/Bixomon/Animations/Boximon@Idle.FBX,aaf7ad9da1fca4e8f91ee70e759034b40f416f8af57e564b3be5c3df2eed6e26,348208,
NThirdPerson/Characters/Bixomon/Animations/Boximon@Idle.FBX.meta,ffa2c41c5f82572cca9cb247c6d29861418cb43efcc0c823b6189106def72f20,16334,4cad842dbf772894698e9a0bbaf5acef
NThirdPerson/Characters/Bixomon/Animations/Boximon@Jump W Root.FBX,f89249b42c325a8b42bdd97cd5351934b327aea08734fa3482e511f80e5adadd,279152,
NThirdPerson/Characters/Bixomon/Animations/Boximon@Jump W Root.FBX.meta,679b71ebb6d3b7d3eb3f463193999f0e38b0e6bc546fcc1325e5603359a9c6e6,16348,ff0e4d52b383a234ba466e17fa99c433
NThirdPerson/Characters/Bixomon/Animations/Boximon@Run Forward In Place.FBX,002391ec8a9f22b7167bf0535fcedd76462a8cd8425ef24b85f7f382acfccf4d,279104,
NThirdPerson/Characters/Bixomon/Animations/Boximon@Run Forward In Place.FBX.meta,e10d55fe94da2148152198e09718ceb128a7f72aca1b6f2702ee4c9981651193,16433,0a026a54761c6204b960b910343af0b3
NThirdPerson/Characters/Bixomon/Animations/Boximon@Run Forward W Root.FBX,4a9b36bbc4ff7edf795273b409a20cf2bffa74b4ba73a520757846ccebde4703,279104,
NThirdPerson/Characters/Bixomon/Animations/Boximon@Run Forward W Root.FBX.meta,410864ee8a5596ddef7cd877fc6f28359d5f13729da04f80fed1bd8821332371,16429,b061ae134f6f1184eafbd5a4797f1571
NThirdPerson/Characters/Bixomon/Animations/Boximon@Take Damage.FBX,e63628d1c401704ca57882d8b8ef85521fbc6ec5db893553b19fe5ae58765059,279104,
NThirdPerson/Characters/Bixomon/Animations/Boximon@Take Damage.FBX.meta,cfe79d3e4cc4f04bcbc9d27090b46075836fb82e88a0ffe3ba81605902b57578,16348,18abc2beedf0b4a499d3f8f43782198e
NThirdPerson/Characters/Bixomon/Animations/Boximon@Walk Forward In Place.FBX,602cfde0337e0230acde32df8ee30c250ebc29ce3bb6c0cf4a7651aea6d4c1c5,330960,
NThirdPerson/Characters/Bixomon/Animations/Boximon@Walk Forward In Place.FBX.meta,25e13625802e915cd977b33f895a538310dbab9440d76ded9bc36d074d3fa8fc,16368,29aefb5f354ef414099d5d72f4702cf7
NThirdPerson/Characters/Bixomon/Animations/Boximon@Walk Forward W Root.FBX,5197aba94437f6934b6300311c798264e709b1f0bfcbf31f4b113a6b95d16da6,330944,
NThirdPerson/Characters/Bixomon/Animations/Boximon@Walk Forward W Root.FBX.meta,ee2605afe0dc63e5f51d56f47f2702cec2f9bfb5fb322f5054a785cd6c284ea5,16509,b016c47471710bb4896910cfd5674a8f
NThirdPerson/Characters/Bixomon/Demo Assets.meta,d03f58a627a2cb4f5a509dd01cf7329b82e8af01ed2a5e2f7d1993922cc1964c,172,70b14a539ed9370419bdfcca5445b8e1
NThirdPerson/Characters/Bixomon/Demo Assets/Boximon.asset,64db6da1c8eed8032cf69e99dbb94dbbed029f3199b95c18a78c914ccf4a7a92,22265,
NThirdPerson/Characters/Bixomon/Demo Assets/Boximon.asset.meta,1b47f612b2d59bc4fa7c3e6b3d0a44c66173557717166bcb92b4c0be930bf671,189,11e096b299192624c97d44fa47c066f1
NThirdPerson/Characters/Bixomon/Demo Assets/Ground.mat,bf9c835154872344c1c678fdb0a257c72b31524fa2f0058b018bc83ac833964d,2018,
NThirdPerson/Characters/Bixomon/Demo Assets/Ground.mat.meta,a23192370b285dca94ed9041f05cd1547ae177986dcc0f2c74042517dc21c2c4,188,4ba3f82f1b51be94d91bf32fe98c15b8
NThirdPerson/Characters/Bixomon/Demo Assets/Ground.prefab,e72aecd38938cdd2013c218a710168889aa47aaa1a396c3d1e7736b0c8b2e273,2785,
NThirdPerson/Characters/Bixomon/Demo Assets/Ground.prefab.meta,a5cb079fdbd6a73a91acb9e2e2fee01e8b4507882776d3040834c269633b2b67,190,7b120fd576470af4f89cad6c3ec0bcf2
NThirdPerson/Characters/Bixomon/FBX.meta,04b9e52c64b7283269c90338512a8950c0fe8b2c288c82684452ebd374df62eb,172,e5a8d6b862f2f434fb369e56bcd3a696
NThirdPerson/Characters/Bixomon/FBX/Boximon Fiery.FBX,0f5bba4a410ea7bb448c2016ecc936115c90e43aff12eeea8b7bda9a718b27f6,104528,
NThirdPerson/Characters/Bixomon/FBX/Boximon Fiery.FBX.meta,31bfe7fa8d2bd8bac2089c5cf05d7b1fc2d31d411d63bd302695d47b9aa8793a,15666,9213d9c7c87ed1448b0ca6a582ac8776
NThirdPerson/Characters/Bixomon/Materials.meta,e70f6de4d5af4c777125f8d18f01df0ec399353760b29b48116877d1e708ac16,172,ae8dbea59d937ce44a290a2c482db323
NThirdPerson/Characters/Bixomon/Materials/Boximon Fiery.mat,3c24554a10b2565f869179125009ef7750750dc7d3cc3700f0fbaeaed924e02e,2054,
NThirdPerson/Characters/Bixomon/Materials/Boximon Fiery.mat.meta,2e2888403c0fc34790339a0d386f98c327cf2125d26d724ebcbf2f0cfce20ce0,188,f1779f0d8b6a05547af012556b3fd93a
NThirdPerson/Characters/Bixomon/Prefabs.meta,7f2abad2933b145eca27355b0e2920d6db97f22e7c1291d5dd0bd90f3cf87ae9,172,e2234fe6881c8a54693f128be9e79092
NThirdPerson/Characters/Bixomon/Prefabs/Boximon Fiery.prefab,56dbe7cfd1d65bd34193afa209f322739e349827718f7eefbf0acf0c8245a002,32800,
NThirdPerson/Characters/Bixomon/Prefabs/Boximon Fiery.prefab.meta,4a7fba8259c181dfddd83360154109f4b25b56bd88506a8449552fbdaf2d0d6e,190,128a80094e00bf34fa2555766a7eea0e
NThirdPerson/Characters/Bixomon/READ ME.meta,6dedec26d60938b295a129c738a32a4dca62369b02943496084c32a8ec26a57c,172,bfe1ca756e561424e8242dad746fdf0b
NThirdPerson/Characters/Bixomon/READ ME/Meshtint Mega Toon Series Read Me .pdf,a94fc45b0f0ec960c35bacbd89ea5f424fb075f438b70d9611485071e02ac7fc,1560140,
NThirdPerson/Characters/Bixomon/READ ME/Meshtint Mega Toon Series Read Me .pdf.meta,6f966c077c19baa47d40523160b5881200a9de8a43562b73baa6b7e67021dabc,155,ddde52446d457424d902f7392bf009e9
NThirdPerson/Characters/Bixomon/Scenes.meta,a352fef83549c1be2c6e2deead78141503b6c8cba7ddad7f84a8871efea5cc0d,172,7017f1e36f3b4b3489fd77b82c3fcf3a
NThirdPerson/Characters/Bixomon/Scenes/Demo.unity,a1f0ecd88a6281e49d1b958ae6d30d4ac43572abd1ebf5c69adb4a3588828650,54076,
NThirdPerson/Characters/Bixomon/Scenes/Demo.unity.meta,33c5cb5667b2066ef4af002fbb4257ccb4a7c6c636a52acbfd8f4dc9989c0c0c,155,0d3633b77e25c104aa0aba9d40cb1b51
NThirdPerson/Characters/Bixomon/Textures.meta,d5330491dac8499f2609475fdbbabb0cacba36555bb0d4e12bd0ab24546d492c,172,dd16c63a6589a7d48b3019798f0e6b94
NThirdPerson/Characters/Bixomon/Textures/Boximon Fiery.psd,a364a3ae6d8b26899833dc36fe8564f92c1bacf7302ca4a378eec958d5e28212,117255,
NThirdPerson/Characters/Bixomon/Textures/Boximon Fiery.psd.meta,9fed4f94a166666b6c2a106850a142563acf44f94d8da5836ce3405856fa23b9,2113,81ac0505fa49dbd4bb38a09544f511ca
NThirdPerson/Characters/Template.overrideController,1709e122c76e8ade3bac4cdf7adc2dbc979f8be27e1597dd87bddc34f7297507,1026,
NThirdPerson/Characters/Template.overrideController.meta,eb7cc8f722262c68aaeafefb4eb5dd5872c50701247fb9fdc902d5688a8b7a41,182,5b4580975633ce849b8d55ff8e658fb0
NThirdPerson/Characters/ybot.meta,e41ab0287d24bcc9df1b9473e2dd71e93094ad2e57a09edba1fa9fe098122101,172,59c0a463db94d1d4680a14935a87d63d
NThirdPerson/Characters/ybot/Ybot.overrideController,7b7e6c0493ee94a512dfc0c61ea328947232fcc20d3718b81fa8437e1fe9e772,1070,
NThirdPerson/Characters/ybot/Ybot.overrideController.meta,90e93cf5d53a567344375de1835caaf5e19667b793421cdd48c1e7a7a4aa0218,182,24475a8014be4bf479c4b6f8667c41ec
NThirdPerson/Characters/ybot/ybot.fbx,4acd39943275e6b71d0befd71373dedb7ff81f0eaba18a8d4ee19219ca98f4e4,2242784,
NThirdPerson/Characters/ybot/ybot.fbx.meta,192f50744621a27fcd6ce246af5e43474b5ea0d966f92d4519595a62650eac3f,31757,d5875e339b7144c4a846b65e23d577ba
NThirdPerson/Characters/ybot/ybot@Breathing Idle.fbx,63e2088a9903128cae7b601d7f759b3013a996f28c8eeee25546471d87a29389,3072688,
NThirdPerson/Characters/ybot/ybot@Breathing Idle.fbx.meta,363143688ff8ef15c43818848a3ad89685a2c34dfda2248de99e6b415f3206a8,33295,dd40eb2f8928416419122b5fb271ce8c
NThirdPerson/Characters/ybot/ybot@Falling Idle.fbx,4916765dd30692d9b5b9678e0b977a590bd46d682d9dc8ca88813ef19da891e4,2299040,
NThirdPerson/Characters/ybot/ybot@Falling Idle.fbx.meta,34b02d003a6a901746d2213d16a1ad9cc602ca63b64dba337ce5a390b2fa0316,32975,da19adcc19e741f40ab094ea9db82b76
NThirdPerson/Characters/ybot/ybot@Running (1).fbx,74d3bae4596e1e84b42ba98cc61a55283a78487a521187bb10687586f35c0f12,2305872,
NThirdPerson/Characters/ybot/ybot@Running (1).fbx.meta,336f3469d0f7b07d9302ea1944756e3ab87abd095009426870dd7f554051068c,33475,0d2f32c1370f4544aa33690833aa6ef1
NThirdPerson/Characters/ybot/ybot@Running.fbx,22730e0f44d99d6dbba650ef430ebec6e7b8d965f3955625d6479e89ffbc9e6a,2300080,
NThirdPerson/Characters/ybot/ybot@Running.fbx.meta,11ad4a2fb18af0511a820497069c9efea0ac4a348276582d6953c799d9ac6e7a,33265,54e2c3ff5ef023048886c381b90291f1
NThirdPerson/Characters/ybot/ybot@Standard Walk.fbx,904c2dfe86d08da04ac3113e3443aa1f2732266e471e8570c07820f7ad68b100,2356992,
NThirdPerson/Characters/ybot/ybot@Standard Walk.fbx.meta,2a6203eab4c17a415ee430a5087773e3470217fe90b7f8bc2fa707dc82d3c06b,33236,d6a4c5fff5487364aa704a247efee397
NThirdPerson/Materials.meta,710322d8ee04eba3321e543875de0bde32d9a5ca0e54db1514ed95cc35d742be,172,7c88ba4504110e0468fa298010e9b2cd
NThirdPerson/Materials/CheckPoint.mat,4c4e46d219c2c3e11c32fafc42c9f38429bb8d7a448b7f5e397ce133133f7b11,2131,
NThirdPerson/Materials/CheckPoint.mat.meta,c35299866b98fd9a1a70c4bb4b079edd748049910055ecdc546069ef8ab7826d,182,915213e740df865428d19b3bf82fca11
NThirdPerson/Materials/Cyan.mat,160911e0f960ba7b5f0de1e25511d0ce229d4e6499261b7f3443a9172664896c,2119,
NThirdPerson/Materials/Cyan.mat.meta,7895ce275bbc391dd77e1ec0ce1e414e0ef0cd960b4af6d5311d1f6afeccdc61,182,14e418c07aa9e6e40a05d2de804c6e11
NThirdPerson/Materials/Magenta.mat,49f7d1a04958e43cd7a911f93d342a910dd697b8855578f2bbc5a424abfe8f4e,2122,
NThirdPerson/Materials/Magenta.mat.meta,bf09ef3dfb16fdfb22e66f837745c2bf74a1b6f86ba0fec6a6d010bbe4b88ac5,182,86cbee99273395f41beb9b6608071199
NThirdPerson/Materials/Red.mat,d0ab83208fb0256b8cdde6347a399eb59f9e1df9984f0296ec8fea32405d75f0,2118,
NThirdPerson/Materials/Red.mat.meta,b5d24af334d7269537a095a2538890ee10de7c892a5aa7654927e08dafef9afc,182,2271058c23a9d8e44ab00696632166c0
NThirdPerson/PhysicsMaterials.meta,1cf3193de8cfd5631797b2e9f350cd8aa4d13a5c5adc149fe16d128008ccd980,172,af4b63fc2a71e784d803ab475207b5bb
NThirdPerson/PhysicsMaterials/Bouncy.physicmaterial,0033cb08f7216f2a87177562fbeedb651e5ec807da2e5c7bef9c14d83c0cf7a2,470,
NThirdPerson/PhysicsMaterials/Bouncy.physicmaterial.meta,5893015a2ff3883553e0b4fd0b0a5e2451fff7806fdcce6c01a737745f2237d1,189,9f93f63d068b08c459038c40fce897d8
NThirdPerson/PhysicsMaterials/Ice.physicmaterial,0824e3e712f1fe4d4dc647638b4447165502292c6e3a14e13d87c2acbc70cb16,467,
NThirdPerson/PhysicsMaterials/Ice.physicmaterial.meta,cd01d49dcb10c16cad3426510b3308e6997ff6d5a9bf416734e2533597e09c80,189,ba92fb44336020f40bdf294bb66bc9da
NThirdPerson/PhysicsMaterials/MaxFriction.physicMaterial,d959d24082061ba9175ba0031f24e68a864fd93c3a296af137fea70758a1b77b,388,
NThirdPerson/PhysicsMaterials/MaxFriction.physicMaterial.meta,48c7c31310ece2f240084dbf24abcb265cd3026a2c805b5cf997fe90638f092f,189,e52fb17f9b1e7fd48b8955f1391d3688
NThirdPerson/PhysicsMaterials/Metal.physicmaterial,04be6de13dd43e67b44e43faad6d8afc37e26da5056fe3bdb54953d69fdc150c,469,
NThirdPerson/PhysicsMaterials/Metal.physicmaterial.meta,1c8588b24eedf4acddb01618f0f46ce91cf457c64f0a25fbf175a983c89248b9,189,01571ba68fb2dad46aa03094ab219579
NThirdPerson/PhysicsMaterials/Rubber.physicmaterial,315430ff7e0aeda029fc96e088fcab376e34cad89cb2c5c8913bca4c1ba73ab7,453,
NThirdPerson/PhysicsMaterials/Rubber.physicmaterial.meta,b690ffdb5cda4f10aca641f51a9fba168e5a91bd08d54662f58bdd65e4edce32,189,52baaeb214519f347a35cf0edfd262ff
NThirdPerson/PhysicsMaterials/Wood.physicmaterial,cc5fd580f45f7523935a09ac4ccb7bc814fbff71c7421d47ad29eef8623dab91,468,
NThirdPerson/PhysicsMaterials/Wood.physicmaterial.meta,2477bae525f31e1778f62610912b861c56cc6001222ff9a531743611c8c97919,189,3aeb7dadc0c69d54d9e5777e9d5631f1
NThirdPerson/PhysicsMaterials/ZeroFriction.physicMaterial,97f0c58575293113a3c9910eb802fe11c35650b87f67b813f4173aeafcc2cf29,389,
NThirdPerson/PhysicsMaterials/ZeroFriction.physicMaterial.meta,a5c70efb76fc19ea8f6a9d634e40aa41d3af7d30cf4516fcf70eb247b1302f9a,189,c2815a7ab32e42c4bb42f59caacb8ec1
NThirdPerson/Scripts.meta,e072d61e49f14fc877bfc4766abcece8e8f17deb34565c6d4b823d3b690c05ff,172,c1569c7c762ea6c46aa4376b3a265c00
NThirdPerson/Scripts/CollisonEvents3D.cs,aad599f2276a76585aa704f79f4da283fc6695c4ecf77a08f8d9253cc4b84967,6911,
NThirdPerson/Scripts/CollisonEvents3D.cs.meta,a70d871eca8c11ec724ec75e1c655f38032a649cec6559ca4ea64196b3476fef,243,dd8736f0533a82f42a12a330c7d325d7
NThirdPerson/Scripts/Editor.meta,9c5ce4ce9d1045ca5ef48a450635f62a5edde8f524699b9afe9fcade7ca63aaf,172,23aea8da9ffe5314cb542ef543a97fa0
NThirdPerson/Scripts/Editor/BaseCustomUnityEventDrawer.cs,2254e8d56b40de62c53c68be769517fff1b3a2075e5ece1497963c1c5d4f6619,412,
NThirdPerson/Scripts/Editor/BaseCustomUnityEventDrawer.cs.meta,7e191a0fb7469cb96b1061890582cbb3d87d7fdb7d913d714bb2eb802172b825,243,2f780348b77c3484089c48f262aaa01a
NThirdPerson/Scripts/Editor/CollisonEvents3DEditor.cs,82ba823efdeb3d69c961495f003f2d70ebb2e3d0e3758b19395f566772b5b769,8099,
NThirdPerson/Scripts/Editor/CollisonEvents3DEditor.cs.meta,0d08aef5bb90226e0a113a532d5fcafbf3ab5906417c149a2e12fa90dd193d09,243,8e9ea3d2e179fa949937b17e65be75a5
NThirdPerson/Scripts/Editor/NConditionEditor.cs,06a3d5d53a8152d2510842ccafa8cac28ce849e33850291583313d72f43956b2,6008,
NThirdPerson/Scripts/Editor/NConditionEditor.cs.meta,54601fab2608be5310590adfe42a83f99b0ce11921c45912db508af5acdeac15,243,e5619eab9fc9c074695c9e76737483e2
NThirdPerson/Scripts/NAnimator.cs,85fe2aa45fb27ac16f77acb2c890d4f7afd0247c5ae1c82421a50b191d2d5b71,7466,
NThirdPerson/Scripts/NAnimator.cs.meta,f1cf31e6af7e16698d103a96b3f898e54211e08b4c780e71574d0bbd42af6108,243,15d778f3ead23b14f9a575179e814299
NThirdPerson/Scripts/NCondition.cs,282d9d054f359d03df0fc6cae2a0364f97f4c858f0b80035f29dc49b651fe94f,5842,
NThirdPerson/Scripts/NCondition.cs.meta,444f4b3e2c1002943fe0b0593bf169d32d19470fcfdcb0e74bcc225916d8964b,243,5ee42c7b968951840be9c5496eeff0b4
NThirdPerson/Scripts/NDebug.cs,b571086bb13a33eba372984afd0eb88cd7753f35f0cc47517826bb42ac6334cf,1036,
NThirdPerson/Scripts/NDebug.cs.meta,6c55b2dd2d8e9b60824d1d5a069fe8d6a5d7323d7a12ee383d06972d9bf9a132,243,d951be340b5869843844d5af3ad6d3fe
NThirdPerson/Scripts/NKeyEvent.cs,91ecfe8a149f5ec7ff998ffd06b5c4c5b802a6b1888b8c21e9d94446e3f444d8,1137,
NThirdPerson/Scripts/NKeyEvent.cs.meta,726797ee85b4b85d266213e2887adde7e9b36cf9a3a577550822072c8c2a5746,243,0cdc6d8a4b86e8a4db67959b16672a24
NThirdPerson/Scripts/NPause.cs,795c3e3daa2b509f458696a37efa085d7facb6cfb25648eb6fa6f2b3510cdf21,7628,
NThirdPerson/Scripts/NPause.cs.meta,63650e55184099c9a1840ff2242eb0e6f328afe34cff7a9f1c3b60ad8fbea451,243,e47af4bb503d24e47a9f1cfaf66e829c
NThirdPerson/Scripts/NThirdPersonPlayer.cs,bc2f25fff76eb302f8616ba3225c5f4941b177324ab719eb4e2c63347422f123,9169,
NThirdPerson/Scripts/NThirdPersonPlayer.cs.meta,464cd2a989d3eb20ac3c859ba7163cab178a4a711aa36b54d751f847e768f20c,243,ff4e0d154007e6a4a89a89941d6642d6
NThirdPerson/Scripts/SimpleAnim.cs,30a848a2040927944dcc991f00b61a58700cbafc0a0664a7fcf37eefc018b3a9,3409,
NThirdPerson/Scripts/SimpleAnim.cs.meta,84e434bc67c6fc20fda6155641d4a794494968e576f4805d6b876479e41ba7ed,243,07772ce026759124f97e3018f4c8ed19
NThirdPerson/Scripts/SwitcherController.cs,be82597c1138b6ca49a7fec64ad6aea26792d432b36af2d1775b5f28c6a5da80,3871,
NThirdPerson/Scripts/SwitcherController.cs.meta,e41018eca13ab0960dffacd708b7c2ebac40208619fc40891127a3fc76d07e82,243,67cf625f61a52be45845ad50ab8dfc77
NThirdPerson/Sounds.meta,0291cf6f89778d1737389dcedc549f0775efe45b216c06c46d8f199f26e3b55f,172,bf824de203519d043b143d181be0eb45
NThirdPerson/Sounds/Checkpoint.wav,93d03fd889f8c15860e9f47d21ac59f0081b967acc2d09ed5bbab8a94c786efd,444080,
NThirdPerson/Sounds/Checkpoint.wav.meta,72a54ee07de5e41c5ce45a643974952a6ffb328eed7b89f003ec99d70aaac57d,458,e7b5f8ebd9c8d284d9380d5813673c7d
NThirdPerson/Sounds/Item.ogg,a325b6d322720744159f6262f5224939eab4e0d458c852d57dc008d07bf2ade1,12369,
NThirdPerson/Sounds/Item.ogg.meta,ce8cfd3614fcee7f6a8991c38f5898860c9950022a4926dfa02450aadfd64635,458,e6b435bb333742741be9fc58bcbf78e7
NThirdPerson/Sounds/Loose.wav,6f05b59328cef15ff3a4661de39013d384ce48d5a0e056003e076f5e6d709df9,177076,
NThirdPerson/Sounds/Loose.wav.meta,e36153d40eeb16e121877759c0dd851420aa90e801b1f91c608febe1db7770dd,458,fe13178134d7b2a45a851c3f7329211e
NThirdPerson/SpeedTutor - Tutorial Scene - FREE.meta,0d6bbcb1cafa9866c05e99f49619b2750e14c810fd7b28392e4943be386172fb,172,df28d41f478a8884d8bac5cb2a65107b
NThirdPerson/SpeedTutor - Tutorial Scene - FREE/Material.meta,b607255b8b8379e8e07469fe129616c18bb685139bb4e1753dd60ef6c89c0003,215,daad28eda3012d6498b986f20bff5016
NThirdPerson/SpeedTutor - Tutorial Scene - FREE/Material/M_Tileable_Cube.mat,0b43775ca542c8a0c946ddb07c0a58718ca26d39661d88c71b72adcb089336a2,2123,
NThirdPerson/SpeedTutor - Tutorial Scene - FREE/Material/M_Tileable_Cube.mat.meta,924e33a3b259e9fdff8cbb1c815eef29d565a216844345991cb10479a89f6cb2,231,ec8cc910d2d8dbd4ea0b4cecdf397a8b
NThirdPerson/SpeedTutor - Tutorial Scene - FREE/Material/M_Tileable_Walls.mat,5c250e94d0e423bfc911aaf7c165a2198e6a4f23faba43a28f82abfd4de09ac8,2061,
NThirdPerson/SpeedTutor - Tutorial Scene - FREE/Material/M_Tileable_Walls.mat.meta,0e89eb251d3992c7af83c56528a004f8f0197e24cb80f9b97326f277d7fa43e7,231,e3afd3f13bed53c448eaa979f23dbcb7
NThirdPerson/SpeedTutor - Tutorial Scene - FREE/Prefabs.meta,ed76804118a9c7c88da51cbcef57d5f241fbe9ecec233d6da48dd3bcf9a275af,215,0b3b57d8ad8f28e419a5f914730521f8
NThirdPerson/SpeedTutor - Tutorial Scene - FREE/Prefabs/Centre Cube.prefab,01e6e16e6964fdb37a441223a4bc7bd7a7fde43beaddd955e305f078eb8d572c,3205,
NThirdPerson/SpeedTutor - Tutorial Scene - FREE/Prefabs/Centre Cube.prefab.meta,701c0bc6c36d726ddb96a4ddf43268a2baa517dda7147a8ffd6a2ba3ac05299f,233,20b83b6c7039f5d47beac9ffafe09d6e
NThirdPerson/SpeedTutor - Tutorial Scene - FREE/Prefabs/Floor1.prefab,0363372071605623036587f7ceb9ba2ef18b03ac86b07716ec651900fa942fc9,2799,
NThirdPerson/SpeedTutor - Tutorial Scene - FREE/Prefabs/Floor1.prefab.meta,347d04c99ad36bf6feb61a0b48b72fcab3f5c9b3f0edebf1d77602bec21081c4,233,1a86798efce66624684ac647bdd0edcd
NThirdPerson/SpeedTutor - Tutorial Scene - FREE/Prefabs/Large_Cube.prefab,514db3431fadec7fbe1254230956f225dfe0efae3f38f4cf70ac051646900862,2769,
NThirdPerson/SpeedTutor - Tutorial Scene - FREE/Prefabs/Large_Cube.prefab.meta,51928373d9ba93069298f90fbd7b071ebe06130b5bd5c18571450b84516bde66,233,6d6892a877c0a664cb5a53eb2dd13c88
NThirdPerson/SpeedTutor - Tutorial Scene - FREE/Prefabs/Small_Cube.prefab,8fc39597d5d7f91e8d3423ab9452627c15c8a921e7c21372ac18c68c1c58f131,3156,
NThirdPerson/SpeedTutor - Tutorial Scene - FREE/Prefabs/Small_Cube.prefab.meta,768b4862b3b4782d065a36e546cd95d00a262ff7daf6eb43d59e3353e76ce1c8,233,7f108f287f4d0fb40b30667322ecde51
NThirdPerson/SpeedTutor - Tutorial Scene - FREE/Prefabs/Wall.prefab,ae9d508a6121a9b4dd5b3ae9e1c85f852a0f50d6712beb45fe425d9e0fdbbeb2,2804,
NThirdPerson/SpeedTutor - Tutorial Scene - FREE/Prefabs/Wall.prefab.meta,9b8e3d0160b663b37d5565b41db9efc73a5f20e45f3ae8c6f1e5fa79e9324d0f,233,feb1c8e8731ab144db5ae64311c1aca2
NThirdPerson/SpeedTutor - Tutorial Scene - FREE/Scenes.meta,e2bdc24d4d8e9f55e15b4d25cd70443990e5d81610f2db129ecd6764c28c436f,215,45d72ca0d29dae14c91ac0a6d5f136a2
NThirdPerson/SpeedTutor - Tutorial Scene - FREE/Scenes/SpeedTutor Test Scene.meta,883736d9a8e848371fab1f73a304a08da485e42970fac801c879c926ebf9409c,215,1b963448ba450404c8b1d34885df10c9
NThirdPerson/SpeedTutor - Tutorial Scene - FREE/Scenes/SpeedTutor Test Scene.unity,34c834dadd5cc66a8dc6f52fd4c13fe7c65f3131b334b492cacf92f177947374,99952,
NThirdPerson/SpeedTutor - Tutorial Scene - FREE/Scenes/SpeedTutor Test Scene.unity.meta,4b14d9bcd1c03036f70d10ddead19eca7c5588855269fba17e9152faed39ae54,198,a29848c6cbdc245439fd7641ab34b8bc
NThirdPerson/SpeedTutor - Tutorial Scene - FREE/Scenes/SpeedTutor Test Scene/LightingData.asset,eb0186ae6bc4f4bd7f772cc19478190b1a036baab27f81340f1513bc25fd9cc8,16880,
NThirdPerson/SpeedTutor - Tutorial Scene - FREE/Scenes/SpeedTutor Test Scene/LightingData.asset.meta,c8fbc80e92d47752d8e2c5021532cfb9ac9bbfac073bb958a883fa0073f914a1,232,fdf8da96b2183e548a43bd8ce776a5d6
NThirdPerson/SpeedTutor - Tutorial Scene - FREE/Scenes/SpeedTutor Test Scene/Lightmap-0_comp_dir.png,889ad95a4160052032f27f6c2a35d713313748cdb13f2370fc9d65ff5597052a,262967,
NThirdPerson/SpeedTutor - Tutorial Scene - FREE/Scenes/SpeedTutor Test Scene/Lightmap-0_comp_dir.png.meta,6728f9f8d5724a31a862b55ab9e91dda59019fdfeb4f073c6fc9826fc10172b5,1685,24026744528d41e46aa3fd44c30e0117
NThirdPerson/SpeedTutor - Tutorial Scene - FREE/Scenes/SpeedTutor Test Scene/Lightmap-0_comp_light.exr,656a548d8ae75e45e449dee0bf307539701b001496c31b41751166e3116c17fd,957801,
NThirdPerson/SpeedTutor - Tutorial Scene - FREE/Scenes/SpeedTutor Test Scene/Lightmap-0_comp_light.exr.meta,bb7f8411a1e8ff116a839caf59561d6b3a1644784541f491430afae89d00552a,1685,76101f35f2fb0cd42a53ec1ad3f25a87
NThirdPerson/SpeedTutor - Tutorial Scene - FREE/Scenes/SpeedTutor Test Scene/ReflectionProbe-0.exr,08aa677cd85d1921057479636a51b1854cd4a79b528c1507dc0b0ee33e3d09a5,279099,
NThirdPerson/SpeedTutor - Tutorial Scene - FREE/Scenes/SpeedTutor Test Scene/ReflectionProbe-0.exr.meta,c939266530de595c910a3f32425c83bd1ec5ea362c31d4fed5a610e307365580,1713,b3df26d9266a21b4ea57abae4a726e72
NThirdPerson/SpeedTutor - Tutorial Scene - FREE/Scenes/SpeedTutor Test Scene/ReflectionProbe-1.exr,ba2e1da6562edbe6100122b1e731b5c9cf6fb156bef735901ad4b56ab40b9607,132874,
NThirdPerson/SpeedTutor - Tutorial Scene - FREE/Scenes/SpeedTutor Test Scene/ReflectionProbe-1.exr.meta,7d1817dd534c78d5b76056915022581a416ca8f49d02427ff11d719fd58585d2,1713,58a6ed7b2678cbc4aa18476e03985695
NThirdPerson/SpeedTutor - Tutorial Scene - FREE/SpeedTutor_TutorialScene_Free_Doc.pdf,00eaa60bd360e2fc200dbaf5229c79d963d2c00bb648513d7b5510203c7666cf,93685,
NThirdPerson/SpeedTutor - Tutorial Scene - FREE/SpeedTutor_TutorialScene_Free_Doc.pdf.meta,a76545da3e316914ae1317a5ac935a6fb71552211bcd067b74acc3b46fb4f50f,198,c54e85ad7968aef4b95990da63919721
NThirdPerson/SpeedTutor - Tutorial Scene - FREE/Textures.meta,d5558b61265ee5e0ec4c447172b561dc9b339f8074a498d111c8ad77c0021d7a,215,c3e15a43d709a4a44acebd253c5eb091
NThirdPerson/SpeedTutor - Tutorial Scene - FREE/Textures/Gray_Tileable_Demo_Texture.png,bdf66db4840de78e2747ca316929f1a796927bd8b52103ff91806f50617fa965,4629,
NThirdPerson/SpeedTutor - Tutorial Scene - FREE/Textures/Gray_Tileable_Demo_Texture.png.meta,c58a14fdd0bdb6df9c48824dcd8168a2887cfd3c597be7064c5dec3503e59a05,1948,3222a9c550eb588429237a20c31d4a91
NThirdPerson/ThirdPerson.meta,3bd5750ce453196dfe7fc179ec512116bed478b09cb9bfb3bf1e00cb8216d5f2,172,035f970ab25de374ab9e877ccda51560
NThirdPerson/ThirdPerson.unity,6415fce6c512242a5fbbfe5f0eef84d7b079f1ed5e37af918161284ad0bfa429,450069,
NThirdPerson/ThirdPerson.unity.meta,29bcf33b7c698964416fdc62fb50e4c3b862b67ca7f37e7359287b77ffbeb66b,155,52cf82513314ab44f91259f6b9f73d51
NThirdPerson/ThirdPerson/LightingData.asset,530787fa4ea3cd2456201b08bd4b141fd04aef4df9e9bbc3ebc74e38680b9c53,18208,
NThirdPerson/ThirdPerson/LightingData.asset.meta,e3e94a00c66f91d574af7adf5598afa040830785c2fe84630881dacd0cd12c9f,182,89fb7fe593fd78b459f498808fd4b79a
NThirdPerson/ThirdPerson/ReflectionProbe-0.exr,03683213b7fd662c4ae9463958ee87fe77010cd03b1ed2ebdd0bf4a82b9f0caa,133554,
NThirdPerson/ThirdPerson/ReflectionProbe-0.exr.meta,04309671b7dcf6d742b68a1206fd93152d351e3016169bf329e6b5400ead3046,2078,e5293b201da0c67438a2c32ef6d66544
NThirdPerson/_eproductor.meta,61ce97d1fd4c74d62ce3761a9d6f79d379f342c7e65bab1ea950125faeec7503,172,e85869ab7e09f904e9278e5e942120aa
NThirdPerson/_eproductor/Pausa.png,8aa7f8c9a0ca16c574b6cef1186fb363923be513d45b0f4ebb86fe6095323a97,253316,
NThirdPerson/_eproductor/Pausa.png.meta,9575a0166c25b954fbb07ca7c5db76bf344cb3912d73c8e2ae67f0be228fc918,3427,94efebdf1c57d6e4396d9275df81aa20
NThirdPerson/_eproductor/play.png,8ece3cc1a293e5a2d2879fd959e3e94fc8eeab71cb1ed03ebd098a59383c02bf,243559,
NThirdPerson/_eproductor/play.png.meta,399ae594b3d94c01f3f2eb2f46c475a1e0ce4b05d09793baba17cf52f3f5fc44,3378,431cc7023c085a341a5d02cc4c7e983c
Pandazole_Ultimate_Pack.meta,b364f23698e7aea20d6fceeccd10a8e200800bec3c9de137a0a04de6e0e026cb,172,6cb4a51dbc654f640bb9b839c1545216
Pandazole_Ultimate_Pack/Pandazole Kitchen Food.meta,ce18c26272f222682dcf9741fa4b233d843728d8ad8f1027d926cb1d1f561a3a,172,722123f0612b88e4fadfd387e8848f16
Pandazole_Ultimate_Pack/Pandazole Kitchen Food/Materials.meta,1e75cf527f2ae00a281f16340a69a249cb9dfbb26874dd51e6023b795e693da5,172,ed9590430a5c671448fb1e71fcd2e208
Pandazole_Ultimate_Pack/Pandazole Kitchen Food/Materials/Panda Mat.mat,7bf1481e5d5367207862f3034886164bcb32c0f1fdc669fceb00fc637b40c2eb,2115,
Pandazole_Ultimate_Pack/Pandazole Kitchen Food/Materials/Panda Mat.mat.meta,f1a4757408bd3f3f38c69d7d09f2e8555e15d4b93fe8d44157071baa1679be6a,188,9866fda0e61a7904087eb0ec5ab17e03
Pandazole_Ultimate_Pack/Pandazole Kitchen Food/Models.meta,02757f87d33b6950bb26c6ea4d1447ec50a977ed923609a4854399f9ed8ed94e,172,9c314967f945bc442864c12208c4712b
Pandazole_Ultimate_Pack/Pandazole Kitchen Food/Models/Demo.meta,39b7b2f0c23c7dcc449871590caacff717e16910576e64120b161847a5f6a3cb,172,c2075a14098855b4fb5cbc0eeeadff0b
Pandazole_Ultimate_Pack/Pandazole Kitchen Food/Models/Demo/Pandazole Kitchen Food.fbx,c53e64d342bbcf57c8d0e65088532deea7855c160ccb0a2d0f399c8bb4ca86f3,4038844,
Pandazole_Ultimate_Pack/Pandazole Kitchen Food/Models/Demo/Pandazole Kitchen Food.fbx.meta,7454bc4fae4be393e83249c200f04f561db23ca6d98e40f7556f60b5c2e77e39,2783,e28308bcdd7692b4d9a7fdccc3ac83ee
Pandazole_Ultimate_Pack/Pandazole Kitchen Food/Models/Food_Apple.fbx,a426d021eee13e6de536d5063e424f4014a10316b4d24aa977ac2d1992b66a06,31708,
Pandazole_Ultimate_Pack/Pandazole Kitchen Food/Models/Food_Apple.fbx.meta,ce70665956e24061cdbf922c1bd1fefd4bf317affd1b8f31ba8587261e693b33,2783,a19af451f264f994da93b0196c711d88
Pandazole_Ultimate_Pack/Pandazole Kitchen Food/Models/Food_Apple_Chopped.fbx,adde534abf4b3d3800dfb4a1e2633d5fbb67638485238646d277233ea65e8c8e,68380,
Pandazole_Ultimate_Pack/Pandazole Kitchen Food/Models/Food_Apple_Chopped.fbx.meta,06c02c4f1ad9bdae18b69c8aadbb5447c197ce43293544d01102f0f1f23e2e78,2783,26b9e9ffc89b43e468c362d68b737ac5
Pandazole_Ultimate_Pack/Pandazole Kitchen Food/Models/Food_Black Coffee Cup.fbx,8db49dd84bb8539b0d6ac6ff1c96fe494672f92dfb3dec579a3700f59c9432b8,24508,
Pandazole_Ultimate_Pack/Pandazole Kitchen Food/Models/Food_Black Coffee Cup.fbx.meta,2529ba21f23556139350fd6ce71c07e3c113f8357a7097218f21d19d9115e73d,2783,c11535d424efc5e459633daf533e2b04
Pandazole_Ultimate_Pack/Pandazole Kitchen Food/Models/Food_Bread.fbx,cabf36cc8baf43cf7dad4fce1f8b76c7201804fe544cce2480cbdd114a5334ff,35980,
Pandazole_Ultimate_Pack/Pandazole Kitchen Food/Models/Food_Bread.fbx.meta,64ffe625c3a9cc0fefe8c87c5c923525ba021a42d62a97d42f5d999fe511744e,2783,fafa07026b54c1a4889664f4e4f505d9
Pandazole_Ultimate_Pack/Pandazole Kitchen Food/Models/Food_Broccoli.fbx,49ba2a1862f6b0fdfb30540f27ce32ae0492d3ac5b99a2faea9ed0cd240f451b,42444,
Pandazole_Ultimate_Pack/Pandazole Kitchen Food/Models/Food_Broccoli.fbx.meta,980f7fa7f9f73822615aae6178b83cf9acb1d184882c7baa8a6e6f4377b857ed,2783,9e1f94b791e4c4147a96182275f39d5f
Pandazole_Ultimate_Pack/Pandazole Kitchen Food/Models/Food_Burger.fbx,e76ad54e4296cbc18824fddaf2e8dab79a33199e641327ec1c57caafae880521,64300,
Pandazole_Ultimate_Pack/Pandazole Kitchen Food/Models/Food_Burger.fbx.meta,5a9ca68fe086e4e3092a6f198a6362dc3b246c53714833fde73d1014335fce77,2783,98542b411f0754645a461770ffc62b1c
Pandazole_Ultimate_Pack/Pandazole Kitchen Food/Models/Food_Carrot Soup.fbx,f6b679898ff525a1642105598f14d14e930eeedd8b857eade9d973fb1802c3a4,46524,
Pandazole_Ultimate_Pack/Pandazole Kitchen Food/Models/Food_Carrot Soup.fbx.meta,ac0af17f3acf8801d56342f46bb47d7a7d90e9a8f31404e82aded46b2e4835e7,2783,b3fa70a5b617ee54ca64b45d7b16dd68
Pandazole_Ultimate_Pack/Pandazole Kitchen Food/Models/Food_Carrot.fbx,f2fed2277fb6761f4af7dbe3db8eec1ec84d0205108195d4766ee8d34cb2ec84,43340,
Pandazole_Ultimate_Pack/Pandazole Kitchen Food/Models/Food_Carrot.fbx.meta,a494a116754735102b446e226b313375956a56bed1ac3da9bdfa11d460326bb9,2783,fa4abb3cc70878a46abec306a0ba775c
Pandazole_Ultimate_Pack/Pandazole Kitchen Food/Models/Food_Cheese.fbx,122ac2cc7ac41955c337331b8b5e0dbaaeea6ea444cb0c9041fab26e1648b76c,50572,
Pandazole_Ultimate_Pack/Pandazole Kitchen Food/Models/Food_Cheese.fbx.meta,3dd8a1dd578ccb566913555ddaf5dfca31497c891894d9d4c09d0327574e8631,2783,c64d4d945dfd2b5408ed88902d87bace
Pandazole_Ultimate_Pack/Pandazole Kitchen Food/Models/Food_Chicken Breast.fbx,3ad0058ebc61707b9a82be294174a69e4d237b959ea7b0f94e8493b174dd5245,36892,
Pandazole_Ultimate_Pack/Pandazole Kitchen Food/Models/Food_Chicken Breast.fbx.meta,3d627e3fe202668bb813483ad1f776989af4a9597d29cabfa487b43bcecbcdc1,2783,e13a3c9aa94bae74aa2c9b93a5b7ed5f
Pandazole_Ultimate_Pack/Pandazole Kitchen Food/Models/Food_Chicken Chest.fbx,32733bb0ee330985a14eb96af4b62e5eb69223b4d4226af4071ab00f6109b6c5,43148,
Pandazole_Ultimate_Pack/Pandazole Kitchen Food/Models/Food_Chicken Chest.fbx.meta,1ef06821c344048065f95d3c2abc2f8bf0aecc3cbb8976eda80ac6edec1d3fd6,2783,24b382782ffde52469798404ea46d194
Pandazole_Ultimate_Pack/Pandazole Kitchen Food/Models/Food_Chicken Sub.fbx,87e4723482b4e51e3726b415ecf8ea5e5f6670a4591e693d63500f5413d3c10f,87196,
Pandazole_Ultimate_Pack/Pandazole Kitchen Food/Models/Food_Chicken Sub.fbx.meta,3ef287fb2066c68b495438cddccc6b323a5ad600854312aeddfe946ee4e2b67b,2783,2e2b885eff148754bb084310213f8572
Pandazole_Ultimate_Pack/Pandazole Kitchen Food/Models/Food_Chopped Carrot.fbx,0d7bfdc0b08a4a57c1044cf6e5b7a065b540404dbae645bc5e926324c7c6365b,54124,
Pandazole_Ultimate_Pack/Pandazole Kitchen Food/Models/Food_Chopped Carrot.fbx.meta,907a9df55e5f632f2723f3ef879945da402a22b237deeae8d36584a1e8836b3a,2783,4da0378f7ef66e4418f70191f50e3050
Pandazole_Ultimate_Pack/Pandazole Kitchen Food/Models/Food_Chopped Lettuce.fbx,d63ac5ad7c825a63cad17ff1009e223f23f5eb884fa973ac0c65437ae5f3945c,34492,
Pandazole_Ultimate_Pack/Pandazole Kitchen Food/Models/Food_Chopped Lettuce.fbx.meta,649f38040b65b08cbfeea15ad193d0c57e5739b72221abd09fe248e617b27062,2783,8ff312420ed65474da93634aceceefc1
Pandazole_Ultimate_Pack/Pandazole Kitchen Food/Models/Food_Chopped Tomato.fbx,09697b2f70b9c745eb130b7ce41d0b2e13e1587381754598597ee4da7d46dee9,48156,
Pandazole_Ultimate_Pack/Pandazole Kitchen Food/Models/Food_Chopped Tomato.fbx.meta,277713f635be4f8be8017cad2ed32f1fe104bc89efbd623e8ead1d929e61bcb2,2783,59ec72c0f63004042b0ce461221b06ac
Pandazole_Ultimate_Pack/Pandazole Kitchen Food/Models/Food_Cooked Rice.fbx,da6719393328702278eb93227a25bbcac45987b70117aa4a4b6bb49f15643055,36684,
Pandazole_Ultimate_Pack/Pandazole Kitchen Food/Models/Food_Cooked Rice.fbx.meta,993fa847c7a3485b743d174b1e5559ddefbe3387b84878d8773e1b4fc9f8a610,2783,94b7883e1336648429edadcf8a804d90
Pandazole_Ultimate_Pack/Pandazole Kitchen Food/Models/Food_Cooked Steak.fbx,50ec6510690986e92e66819407a5fdc37e897edfd9624a0527d4954766b5e49d,54796,
Pandazole_Ultimate_Pack/Pandazole Kitchen Food/Models/Food_Cooked Steak.fbx.meta,413ff7164e5793c023e755a4fe7bce928ea09660a9b29f5c235cb903954d4bb0,2783,f7a36aafea962f840b77c29aef6e7f42
Pandazole_Ultimate_Pack/Pandazole Kitchen Food/Models/Food_Corn.fbx,4fdea129a66b2fa4c5b4d47771b7dd0f920c4296e897961aa63a2078b1d13d27,33500,
Pandazole_Ultimate_Pack/Pandazole Kitchen Food/Models/Food_Corn.fbx.meta,5df4ea1aa39503b10bc67a48bfa8985808f6a006af336ea7451dfae47f17fa85,2783,182c28fd80e651946ae9fe9a766782de
Pandazole_Ultimate_Pack/Pandazole Kitchen Food/Models/Food_Dough.fbx,954fd9168bed2a9765bebb4ebc4e3373815b6fb980ba01fd351debf7e0577214,23964,
Pandazole_Ultimate_Pack/Pandazole Kitchen Food/Models/Food_Dough.fbx.meta,50575e144ea1cd4aabf1f1643364160e7331beaa91e1f69c14c0a2526a539ace,2783,3b21e4f3421eb6349afd4402b8197574
Pandazole_Ultimate_Pack/Pandazole Kitchen Food/Models/Food_Egg.fbx,b239ec67e62444d016cfacad4be09ae5841f0014d6fc86a7e3e88de41f9d5f2f,23532,
Pandazole_Ultimate_Pack/Pandazole Kitchen Food/Models/Food_Egg.fbx.meta,47ba6adccfd1664db661908cf4094ccce032329a30f48c929a4d6bf287a8958b,2783,3aa7d5fa50409204e90b00203f8c9855
Pandazole_Ultimate_Pack/Pandazole Kitchen Food/Models/Food_Empty Cup.fbx,1e554451e3c5e3d1f07d4cdb2e52ddd437eb8a4b10cbf3e3ef3d43541f6ebbe5,21660,
Pandazole_Ultimate_Pack/Pandazole Kitchen Food/Models/Food_Empty Cup.fbx.meta,8d98a5ef892d7748ccdde3d8a2ebd1ec94c37eb22bd241e34f682714d06696df,2783,e1ddf796d5357f24bb29236a64677543
Pandazole_Ultimate_Pack/Pandazole Kitchen Food/Models/Food_French Fries.fbx,26eb64546c33d2e0459b9044e6c0e588b6ff4efba7fa7ae3a7407160d509eee5,32732,
Pandazole_Ultimate_Pack/Pandazole Kitchen Food/Models/Food_French Fries.fbx.meta,98c66ad512642e06338615908b72bfeb00e3fbd9dffd34671a9b183ac92d1461,2783,036455e1217523c49ac17adce37d972c
Pandazole_Ultimate_Pack/Pandazole Kitchen Food/Models/Food_Ground Meat.fbx,e1b67597db65ada338419db0659727ab25ec3862eece696c4aebd827588c61c4,47340,
Pandazole_Ultimate_Pack/Pandazole Kitchen Food/Models/Food_Ground Meat.fbx.meta,4226698200c051209b09e2d9fe09253b534351befc7c0e6e0d7e8697eef3648c,2783,a448a9c657fce0649b34729b5f1fdddb
Pandazole_Ultimate_Pack/Pandazole Kitchen Food/Models/Food_HotDog Sandwich.001.fbx,277ad40364ebd7fdf4a208d45871b4322c07225f31e9d3f48ef625e9bcd3f117,59420,
Pandazole_Ultimate_Pack/Pandazole Kitchen Food/Models/Food_HotDog Sandwich.001.fbx.meta,eb080aa0411c55a10453ec775b149e93efa228055356250ee134154eb20453c7,2783,e4141e732178ddc49a0a2f7f825cad01
Pandazole_Ultimate_Pack/Pandazole Kitchen Food/Models/Food_Lasagna.fbx,93f1255e1da84ea931c9c8061b3835408adf68301379911e3cc8aada2e89634d,76572,
Pandazole_Ultimate_Pack/Pandazole Kitchen Food/Models/Food_Lasagna.fbx.meta,f8f9fc7180f1dd495b1492ecb2e450cf59057e5e96953fc7048db4d58ba51d04,2783,a80dc7da2216a024c857fe3529836e6f
Pandazole_Ultimate_Pack/Pandazole Kitchen Food/Models/Food_Lettuce.fbx,98ce219088337e9e518cc00175d1ae3ae91d3f21106c6dedbe64429b1eaa0b54,142156,
Pandazole_Ultimate_Pack/Pandazole Kitchen Food/Models/Food_Lettuce.fbx.meta,b1054ce3e152b0c1df80160c62c7f1bf9cc5ec830be98595cc41f2e4594b0a30,2783,a82f637f337ff5b4c8c78c61d989ebd1
Pandazole_Ultimate_Pack/Pandazole Kitchen Food/Models/Food_Mac n Cheese with brocoli.fbx,564fa58a168d353460e27e2a8f3899360f394c0665096c6690fe40b618f30daa,300316,
Pandazole_Ultimate_Pack/Pandazole Kitchen Food/Models/Food_Mac n Cheese with brocoli.fbx.meta,6e9a60d692c48811d0ad90145d0cf30ff8b4c6bb281e91cc39ba31183a6ddec1,2783,0e3637e9447ae2b489f767c88ac5811b
Pandazole_Ultimate_Pack/Pandazole Kitchen Food/Models/Food_Mac n Cheese.fbx,e8b725893ab76774ec745df2962725b6dcfb38af86f4361660c4537d45e445cd,82940,
Pandazole_Ultimate_Pack/Pandazole Kitchen Food/Models/Food_Mac n Cheese.fbx.meta,72d5e998dff533485633eb99a452b039070d3af24f20f623d6885660c7bac56e,2783,1f5ef8fbdd7a4134aafe35921d73e99f
Pandazole_Ultimate_Pack/Pandazole Kitchen Food/Models/Food_Meatballs Sub.fbx,3bef62ffaf2df940bc01af2fdec58de904bbe862f991677441b7ac688a0d584b,61516,
Pandazole_Ultimate_Pack/Pandazole Kitchen Food/Models/Food_Meatballs Sub.fbx.meta,2594e568c0dc66097fa8d2baba3dcc253d062354e632eeda758b258d2d8d3cf3,2783,f4f23df5e76629f469680a06e0cf4a19
Pandazole_Ultimate_Pack/Pandazole Kitchen Food/Models/Food_Meatballs.fbx,3db32771eff951b8db34da44b3c8c3d1da82df3f7e4f0ea854be2c3bbd004b86,57276,
Pandazole_Ultimate_Pack/Pandazole Kitchen Food/Models/Food_Meatballs.fbx.meta,df787df6b010d9871197bca7454aac62fdb9adca41961b1591806ab79f9226c1,2783,d8959aa2d41930648bb3be1df57159b1
Pandazole_Ultimate_Pack/Pandazole Kitchen Food/Models/Food_Meatloaf.fbx,8d0f2bc0eaa4494e00b20320364dda02b5d5a8ff024e4f396af3556a30e8e388,34108,
Pandazole_Ultimate_Pack/Pandazole Kitchen Food/Models/Food_Meatloaf.fbx.meta,55adf50fd5f740039bbd9c9f923ccd08a95d82e10ac793470db7b873e7698234,2783,f9eb087957d75784eb4f20dd0f344f56
Pandazole_Ultimate_Pack/Pandazole Kitchen Food/Models/Food_Meet.fbx,6c3f4373d37ce83a0f46709b6cb9d6c0bce097c25af9c43b4d5146c84c1bac68,78636,
Pandazole_Ultimate_Pack/Pandazole Kitchen Food/Models/Food_Meet.fbx.meta,ad179c785c67d34b7210db01485f14d952595656e65521ccc92b0fd4962aa0e5,2783,aa6d8eb78f512584fb30a98c7d3fb86a
Pandazole_Ultimate_Pack/Pandazole Kitchen Food/Models/Food_Milk Bottle.fbx,f977bfea9f99dd4e05e6f20564c6daf3db260491a8dcd66c1adca1aaf4d58545,19260,
Pandazole_Ultimate_Pack/Pandazole Kitchen Food/Models/Food_Milk Bottle.fbx.meta,8f7b64154449d0649fb431c660ab5884ae8a8ed867ccaa2ae93a9b41886359f0,2783,95cc2a6335cea8246b76bb24b6c4476e
Pandazole_Ultimate_Pack/Pandazole Kitchen Food/Models/Food_Oil.fbx,3b4e7fcca10d6dbe07cdd56f6f0ab51dea8aaf51c5135bd4459d8f6adb0092a6,27020,
Pandazole_Ultimate_Pack/Pandazole Kitchen Food/Models/Food_Oil.fbx.meta,0d953c46269801379d77b0ca0100abbbb2e5a91bda2e587a0452967bc82539b0,2783,c05e831c1a7cd42409777f8defe5b330
Pandazole_Ultimate_Pack/Pandazole Kitchen Food/Models/Food_Omelette.fbx,d6f5927a5fa942dab69e8f9bed61ee22a7664f6a9cf723ea4a1eefdfef8fd8dc,44876,
Pandazole_Ultimate_Pack/Pandazole Kitchen Food/Models/Food_Omelette.fbx.meta,ca3e147135edea0e758c3a7df8715128e3d92bcf2fb2176bef65080afec4c4c8,2783,dd63c41cd193ffa418ba669e8d906e7a
Pandazole_Ultimate_Pack/Pandazole Kitchen Food/Models/Food_Parsnip.fbx,7b98dacdd323ad557d490017fcda1ca41c07bfbf02557b827cabd5223b78bb90,30332,
Pandazole_Ultimate_Pack/Pandazole Kitchen Food/Models/Food_Parsnip.fbx.meta,b8b65182265271c8e1d0afc818803201bb4a39dc5be8a3bbd29f1091ff7d0ac2,2783,0dfa73f8241c6494cad4dd617829bb65
Pandazole_Ultimate_Pack/Pandazole Kitchen Food/Models/Food_Pasta.fbx,6a4808fbaf8dc73356a5ec74979077d5b5f8f5a43b85d2a28948827394441b64,26492,
Pandazole_Ultimate_Pack/Pandazole Kitchen Food/Models/Food_Pasta.fbx.meta,a5fbbcff0abc89d9a66a2736a2af74601dd87e39370257e7ec884c5f5c50201b,2783,9f3fbb5b5cebdb942967ea100d417fb1
Pandazole_Ultimate_Pack/Pandazole Kitchen Food/Models/Food_Pea Soup.fbx,f939303c3e02ec7bbaca469782b454240d562df644e2b17bf7cdc249bb26782c,40108,
Pandazole_Ultimate_Pack/Pandazole Kitchen Food/Models/Food_Pea Soup.fbx.meta,9edd1ec7ad92de274130bfe14d5c8df5c917ae5623c1e586f125d9c8b55a67a1,2783,8a587feeb6ab39b4581a20128c96ee7c
Pandazole_Ultimate_Pack/Pandazole Kitchen Food/Models/Food_Pea.fbx,f640cf1b53f735cf6533890afd2f8645c169900e310c41708460096ea2bbadea,48844,
Pandazole_Ultimate_Pack/Pandazole Kitchen Food/Models/Food_Pea.fbx.meta,894b77fcd92de7945410437922808deb71373bde7c41f5dbe4ee34670108ce3e,2783,11c2c36229e08304ab5318f513386ecd
Pandazole_Ultimate_Pack/Pandazole Kitchen Food/Models/Food_Philly Cheese Steaks.fbx,f39fe4b8ae1d320121a89f31ced33435a7700c49e27d44fee3fe042b19368574,82860,
Pandazole_Ultimate_Pack/Pandazole Kitchen Food/Models/Food_Philly Cheese Steaks.fbx.meta,6618e5ba90c63a7946756bc9d4f6a7de19e42b0ccd7fc9f930a8f2474ea1f4d1,2783,13459c460693a2640b04e98abc340ea7
Pandazole_Ultimate_Pack/Pandazole Kitchen Food/Models/Food_Pizza.fbx,204bac19333d9aba4597e830f1f7dd64d5ff35cd0eded6f5a1f1ce5b55447b4b,65676,
Pandazole_Ultimate_Pack/Pandazole Kitchen Food/Models/Food_Pizza.fbx.meta,bbf269722ba49cf84faf3d7127e4aeaf6b8fb76b3b35c3c68212235b5d2c9c09,2783,e5b9ca4443220c44b8224a8fe7f8023c
Pandazole_Ultimate_Pack/Pandazole Kitchen Food/Models/Food_Potato.fbx,483550fa37ea3d54a172493d1de04b5bde830e7433807927c862ff1c645458e7,31596,
Pandazole_Ultimate_Pack/Pandazole Kitchen Food/Models/Food_Potato.fbx.meta,e7afaaa4054ac70ae14fbfc20cb17fcf4320b66ca4abc017d5c36c34114da952,2783,244c889c6cd9c3f438f680ee17cc566b
Pandazole_Ultimate_Pack/Pandazole Kitchen Food/Models/Food_Pumpkin Soup.fbx,0e94118fad53524e99a94e236c619bcdb0812cf7cc3987a498f75d4fcf732d73,42828,
Pandazole_Ultimate_Pack/Pandazole Kitchen Food/Models/Food_Pumpkin Soup.fbx.meta,b2b84b567dce0d1772c24dd05d1392d9eb1cdd62798b63473f71914c476371a7,2783,477989e64fc6fa9439f836e0beff12f1
Pandazole_Ultimate_Pack/Pandazole Kitchen Food/Models/Food_Pumpkin.fbx,5fadf1bdfcee597001879f33bf734b4b5893cca658a7b55146ec2ef07eae1fbb,62396,
Pandazole_Ultimate_Pack/Pandazole Kitchen Food/Models/Food_Pumpkin.fbx.meta,81322777aa19c53191d4f12993034fc142370c520f68325212a419d015031ed2,2783,763aff1b71d61d044b4284dd23eb3d4d
Pandazole_Ultimate_Pack/Pandazole Kitchen Food/Models/Food_Rice.fbx,2007994752a4e860111d09ab986ec749073cd7ec2b616283195d863c366281e7,40764,
Pandazole_Ultimate_Pack/Pandazole Kitchen Food/Models/Food_Rice.fbx.meta,556eed206ae806cf227af0fb03f1329964b43ac623b586ce8ad1de006a00c4b5,2783,ea7da191f2cf5eb40811367efb81c18b
Pandazole_Ultimate_Pack/Pandazole Kitchen Food/Models/Food_Salad.fbx,b45751e9661076aceec00aca37196a4476ed7144ec58c4c2c2e89edb5ae31191,133788,
Pandazole_Ultimate_Pack/Pandazole Kitchen Food/Models/Food_Salad.fbx.meta,28fe087faad13cbda881be4f6a07361a77d7ffcd6ed3b1546d6e8a4bcf37e9f9,2783,20fcafbd3d8f58344b702d6bcf9321f1
Pandazole_Ultimate_Pack/Pandazole Kitchen Food/Models/Food_Seared Chicken.fbx,3a983a7f53f3aaf60fce81341e9a793b34aa8032cf6e12e2ff2e1a4ea8779fc2,55068,
Pandazole_Ultimate_Pack/Pandazole Kitchen Food/Models/Food_Seared Chicken.fbx.meta,48126ded04c7a9d67d8dedcd7cd4347ac6184705cddaaef71c3e52665999bbff,2783,a529cef2f9cd2c4469a486205e48d172
Pandazole_Ultimate_Pack/Pandazole Kitchen Food/Models/Food_Seared Ground Beef.fbx,ccb217cb7b19e80cfd61add401438105ac9f9f68fc67de385e3e30c7c1177fb8,24396,
Pandazole_Ultimate_Pack/Pandazole Kitchen Food/Models/Food_Seared Ground Beef.fbx.meta,5b5a4a55788ea686685b52c721e2915de2ddf48ebb386c1c07c307ad9adffc42,2783,92680b794337db845b868f78cc960077
Pandazole_Ultimate_Pack/Pandazole Kitchen Food/Models/Food_Soup Base.fbx,ed09ef3cc3758be86c16d09337052764f6ad771b6f0f4c7493b0c52d5ef96323,26732,
Pandazole_Ultimate_Pack/Pandazole Kitchen Food/Models/Food_Soup Base.fbx.meta,14652903624001656fbdeae3cd112f2bff8b14b27562bdac58151be79bfc0741,2783,cfbc7deacfb1daa43a4f939f37fe4a65
Pandazole_Ultimate_Pack/Pandazole Kitchen Food/Models/Food_Steak.fbx,3b777bf4655a6033300be718c0226dcde8e2c6c501b0a27bbf48a4bbcb9c3d08,31260,
Pandazole_Ultimate_Pack/Pandazole Kitchen Food/Models/Food_Steak.fbx.meta,1e7686575a01390018154c221ec3abc6d2298b69011ab5f2f67ad32b3ab91f81,2783,4ec56c2afa83878458536bef9dd74897
Pandazole_Ultimate_Pack/Pandazole Kitchen Food/Models/Food_Sunny Egg.fbx,4957cd6dfa0afa4aaf99c9783536d184412c6c379432d7526f11d8dad78104ab,33676,
Pandazole_Ultimate_Pack/Pandazole Kitchen Food/Models/Food_Sunny Egg.fbx.meta,f39461ce7290dc350e3d3a52fd0119f6f575dfa475484090296a1957232f3b3c,2783,fa53bc9349ad2384ca38ebc28ae76083
Pandazole_Ultimate_Pack/Pandazole Kitchen Food/Models/Food_Susage.fbx,2736f83fe0777c5a45305017a8e6463f06e59eb44035e4ef173ad9b0545cbe4c,32508,
Pandazole_Ultimate_Pack/Pandazole Kitchen Food/Models/Food_Susage.fbx.meta,263446108213ee26c7b78b17a7f0ad348d9a7f96c3be32b5dac301bce7808d73,2783,7fe7446b24aafb446b08236a3feb7f6a
Pandazole_Ultimate_Pack/Pandazole Kitchen Food/Models/Food_Sushi.fbx,31f6fd748bbe5129b15ca7fd533afcb275f8763b4af21466eb96b7b52c47657f,80828,
Pandazole_Ultimate_Pack/Pandazole Kitchen Food/Models/Food_Sushi.fbx.meta,180d9a1469ddcc55a1140ef470a71871e9005df6a38ef73e549a090c3a3a312e,2783,ced0d1fea9da70342ab175ba4f9a01b9
Pandazole_Ultimate_Pack/Pandazole Kitchen Food/Models/Food_Taco.fbx,7e9ebacca1dad1f122b51739504fd0a87958e0bb072e546cd6a7de5c8032012c,64684,
Pandazole_Ultimate_Pack/Pandazole Kitchen Food/Models/Food_Taco.fbx.meta,d26510f8d804388eb0556c15390e3735bec8e69df713308e563408fb27321059,2783,c8976fa490f93684699ad59eb80312d4
Pandazole_Ultimate_Pack/Pandazole Kitchen Food/Models/Food_Tomato.fbx,4bb7e53bc61f628055153fd67dd3e4e77d0be9ac30b408598e99e80b281986f6,37180,
Pandazole_Ultimate_Pack/Pandazole Kitchen Food/Models/Food_Tomato.fbx.meta,fd71ac6d4f120f929658edb2cfd089a86b0e1593c7a7bad6de5810f2d7458113,2783,86900e546c2cb31478f5b1f15b1ba6d8
Pandazole_Ultimate_Pack/Pandazole Kitchen Food/Models/Food_Tortilla.fbx,3a49f209174d0f8462826097db33cab39201514ac06f9d12649a3c525b014ff8,28076,
Pandazole_Ultimate_Pack/Pandazole Kitchen Food/Models/Food_Tortilla.fbx.meta,ecedf357aa9a53a3afc2c19cd045b9f74ae777f73390ae4531a850f74dff04d9,2783,3eacfd3ff1e6b9245b0a3443ae852785
Pandazole_Ultimate_Pack/Pandazole Kitchen Food/Models/Food_Turkey Breast.fbx,75446dee731f96095f94e0c56dcb342cf6af6944bc1eabcf1561e89d3153dd9f,43212,
Pandazole_Ultimate_Pack/Pandazole Kitchen Food/Models/Food_Turkey Breast.fbx.meta,02a4b69b841565648dba36966de7a0ef7acacdd3e0c1e5ac5dbf63d72fad1a46,2783,3b4343757e28f7b4482a6a2603225d74
Pandazole_Ultimate_Pack/Pandazole Kitchen Food/Models/Food_Turkey Sandwich.fbx,39ae640618a3166edb02e19072eaffca8278e9f6dd7549ff9ca199f4951f339f,57100,
Pandazole_Ultimate_Pack/Pandazole Kitchen Food/Models/Food_Turkey Sandwich.fbx.meta,91a08c33744e18d1290549e409b45637f10adec06fb27ac178ee0057607ffc6c,2783,3a7c71c15f3a4db48a589bf6542435e9
Pandazole_Ultimate_Pack/Pandazole Kitchen Food/Models/Food_TurkeyBreastChopped.fbx,185513e9a1819929923f970d8a318621288b02d2c75aecafdf743204f96466fd,72412,
Pandazole_Ultimate_Pack/Pandazole Kitchen Food/Models/Food_TurkeyBreastChopped.fbx.meta,8715ec564ef7667348107b0b209e8b1a4de7b05e68b426134602aa3777be02fc,2783,c15bb73281e703f4f8545fb22e4a79d5
Pandazole_Ultimate_Pack/Pandazole Kitchen Food/Models/Food_Water Cup.fbx,334cc38c110c979c8e6500221d80d435c4a77894c251287dfb919cb72464c190,22380,
Pandazole_Ultimate_Pack/Pandazole Kitchen Food/Models/Food_Water Cup.fbx.meta,1e6ef4b9791a8223be18e5ed368d3b6ecbecf276e919fd40ea19769bbe2e6731,2783,39a810539e70fa0429b032bdf88ecb04
Pandazole_Ultimate_Pack/Pandazole Kitchen Food/Models/Prop_Bowel_01.fbx,5c5f988e2bd3d1be32e514bd12c2bb0651117df6804fdfafa8e2125713930b19,22876,
Pandazole_Ultimate_Pack/Pandazole Kitchen Food/Models/Prop_Bowel_01.fbx.meta,a8af114f9489ac2f1ac120fa8a3a322f4db136a3378156d10b4a7f802eeff611,2783,6d86040cef03de045aac9d05ec03f3c3
Pandazole_Ultimate_Pack/Pandazole Kitchen Food/Models/Prop_Bowel_02.fbx,25997fa99e34802300917ebc6bfe730b346539eff107fb92fba089ef2b050ff3,22236,
Pandazole_Ultimate_Pack/Pandazole Kitchen Food/Models/Prop_Bowel_02.fbx.meta,8417bc0a121f68781e673fb9cfcc0ede6a453bf345284120778a151a90b35724,2783,ca264ddbfe3764843adb802f9af81921
Pandazole_Ultimate_Pack/Pandazole Kitchen Food/Models/Prop_Bowel_03.fbx,4be038e6ef8b1cc07bee6ec6f40a1cd54c1a4283fe9963d34065167ccd59b28a,27308,
Pandazole_Ultimate_Pack/Pandazole Kitchen Food/Models/Prop_Bowel_03.fbx.meta,2cf8809ec6b554f242b35f725c5fe9532499f872569ca6244446b3b8cb9f81fa,2783,7350aa38472b0f447975fc278ed1e4fb
Pandazole_Ultimate_Pack/Pandazole Kitchen Food/Models/Prop_Bowel_04.fbx,d9f1eea6b449a47ecbf81de95ff5f0d0b6447917d0cdb906e839c37a2211533a,26300,
Pandazole_Ultimate_Pack/Pandazole Kitchen Food/Models/Prop_Bowel_04.fbx.meta,12a1e4133d2af88b8209dbe18da68118ca86fa6873b337b2427fce4cfaff4bee,2783,c4d700d15d4109a4e9014173103d7b09
Pandazole_Ultimate_Pack/Pandazole Kitchen Food/Models/Prop_Bowel_05.fbx,8807c0660760aba6bc20ec9afa6ac83a2b7fba291b8fb8a2c1d2a51f3ec3a141,27324,
Pandazole_Ultimate_Pack/Pandazole Kitchen Food/Models/Prop_Bowel_05.fbx.meta,35379b4642c1cefa47ea19a4ecac91fc2c2583fbbfd5cde706ce3b3839fab9e1,2783,080c695b9c7183841a2fd43eec311e54
Pandazole_Ultimate_Pack/Pandazole Kitchen Food/Models/Prop_BurgerSpatula.fbx,31d26875c0d0290afa45745a51590383a6a8c4e2ea9454e50fcb1e16cd68326c,61180,
Pandazole_Ultimate_Pack/Pandazole Kitchen Food/Models/Prop_BurgerSpatula.fbx.meta,45f77cacd7124255f977de58ed6ca546d1083506ffc4cab1d763b0f2ecd1c98f,2783,40aa6e3d146149241a6644650ae848ab
Pandazole_Ultimate_Pack/Pandazole Kitchen Food/Models/Prop_Cup_01.fbx,ea6d96cd942dceb63115365d2c22d7bfd3815f3d57f3612acddcbb027f0a8b74,23948,
Pandazole_Ultimate_Pack/Pandazole Kitchen Food/Models/Prop_Cup_01.fbx.meta,953395d250a71609cf9d024cae062240628330db06542bedebdf296055c6c182,2783,8351f6bbcdf4c1444b6d3d8f134f2acb
Pandazole_Ultimate_Pack/Pandazole Kitchen Food/Models/Prop_Cup_02.fbx,f1960ab6b5d4ffdfadacc2ff3d9acfaee1bc7dfd01a4487726999f959a99517a,21292,
Pandazole_Ultimate_Pack/Pandazole Kitchen Food/Models/Prop_Cup_02.fbx.meta,3b06f739224fd9627dbe16106aa38cd5305204e955e0598f5f91e25ec4cf7afa,2783,057d9040f39341e4db38ba7679df6fc0
Pandazole_Ultimate_Pack/Pandazole Kitchen Food/Models/Prop_Cup_02_Cover.fbx,208e48dc4cf14764549f3d928f672c5624562d9c59243e2b13b3b394d4888baa,22268,
Pandazole_Ultimate_Pack/Pandazole Kitchen Food/Models/Prop_Cup_02_Cover.fbx.meta,b375179e72fe5ddfe53f0f92c345c00b08e6b335905f22261ded4b79bb48c441,2783,d97d60f950e85c44e8894fb69b05c641
Pandazole_Ultimate_Pack/Pandazole Kitchen Food/Models/Prop_Cup_03.fbx,bf86b64b3e715fb9085e63759992b0fae273f4fd2b711e0b1252f8d1de523d11,21244,
Pandazole_Ultimate_Pack/Pandazole Kitchen Food/Models/Prop_Cup_03.fbx.meta,d2e34b149531609997bc2e25734100e5db15953b818e19c99d5ed569a5b56942,2783,2ef05889c7e401c469f111431c43b5cb
Pandazole_Ultimate_Pack/Pandazole Kitchen Food/Models/Prop_Cup_03_Cover.fbx,4170d1f25f125ff96c51f5ecd5847fb637b7b3d040a8f68ce7dbb19a4914b228,22252,
Pandazole_Ultimate_Pack/Pandazole Kitchen Food/Models/Prop_Cup_03_Cover.fbx.meta,c43670df27613b9237d86e712232793758a43687fa6244fe03eb12bbad90a3cf,2783,16c5d6a20d4f7bf4eb5dde7fd93df2ab
Pandazole_Ultimate_Pack/Pandazole Kitchen Food/Models/Prop_Cup_04.fbx,4283c0926990555e1f2fb4677294e75f15b09e550bc82a5be0a4f266118dd748,21356,
Pandazole_Ultimate_Pack/Pandazole Kitchen Food/Models/Prop_Cup_04.fbx.meta,f89cee9c750df33397f639dae834af2deabec69fde666e98e605897ab5edaa76,2783,65a06b9e03752284d832b8a0f5959cf2
Pandazole_Ultimate_Pack/Pandazole Kitchen Food/Models/Prop_Cup_04_Cover.fbx,930b757619d04d7167ca568b7bfd7ee322cc46c70a3a93514a42ff12a12fceb3,22284,
Pandazole_Ultimate_Pack/Pandazole Kitchen Food/Models/Prop_Cup_04_Cover.fbx.meta,a95ecab4dfdce8a7ebc34879eb0f00d3cb2f74b0d03f886056a8cb9c137f7772,2783,4b3ae7c7b7f88ce498446f14b63804b0
Pandazole_Ultimate_Pack/Pandazole Kitchen Food/Models/Prop_CuttingPlate.fbx,0845d09d8208e48d4244081687891393250badb050577ebf0b9d3e1641e20695,20780,
Pandazole_Ultimate_Pack/Pandazole Kitchen Food/Models/Prop_CuttingPlate.fbx.meta,739b5350eab3d4a5214ef6fe3cb1e1b76e707b8953b5e10c671f08aba9186fb1,2783,f98eff440ecc0a1489fa332256aa63ba
Pandazole_Ultimate_Pack/Pandazole Kitchen Food/Models/Prop_Fan_01.fbx,a290c08c771866bcae79f4cee87a39111702a7bf32e648a50201fb847e82b0dd,34364,
Pandazole_Ultimate_Pack/Pandazole Kitchen Food/Models/Prop_Fan_01.fbx.meta,da4ade89ddd705d3e86df6d3b5802e8187211789074d4b9c5e0e56d2f2fbfc8c,2783,3fbe0b01a203353439236fd94b910b4e
Pandazole_Ultimate_Pack/Pandazole Kitchen Food/Models/Prop_Fan_02.fbx,fbbef1270941cef67b60c9cd858ab147c1ea7e76e8ea3c0030f43021cdea8ec4,48332,
Pandazole_Ultimate_Pack/Pandazole Kitchen Food/Models/Prop_Fan_02.fbx.meta,6846b939119d25d7ac593f69de02998553226382932a504789fc2109a387ddf3,2783,67d73cb4069028c44bd2fa0b64b7d061
Pandazole_Ultimate_Pack/Pandazole Kitchen Food/Models/Prop_Faucet.fbx,8cf3bfbe84e65b30895dfab3f0352835f9480aa12a21e8e2280c4b89fcae2f27,39404,
Pandazole_Ultimate_Pack/Pandazole Kitchen Food/Models/Prop_Faucet.fbx.meta,da2a4faf3b16ad01cf0ad1b37681c83d47150fa9510e8e663abc0926b6d0a912,2783,0abc56718b739fb41bd375ab0f967522
Pandazole_Ultimate_Pack/Pandazole Kitchen Food/Models/Prop_Fridge_01.fbx,5b619270713cf9ae1ad2ca140df745d8fba0b093771c3ce102792430e67fefbb,74492,
Pandazole_Ultimate_Pack/Pandazole Kitchen Food/Models/Prop_Fridge_01.fbx.meta,4c1c8cb5ee9176384f207b86e84ac7ae64badb2be4417146869d56b928d92f48,2783,14eaa2a056ff2704190094e88a955c04
Pandazole_Ultimate_Pack/Pandazole Kitchen Food/Models/Prop_Fridge_02.fbx,06abea79f579306f0bb2da76000e9683075a81ebdd565cb9e9d061d10fa43055,78556,
Pandazole_Ultimate_Pack/Pandazole Kitchen Food/Models/Prop_Fridge_02.fbx.meta,4e454f48269d00417019e76de9fe8138156e65422be95b49de80e996a7960dc6,2783,c94fbd872a9041a418567e4beddb81fd
Pandazole_Ultimate_Pack/Pandazole Kitchen Food/Models/Prop_Fridge_03.fbx,33408ea2a975b4823a293d917a24dfa5fab7a57af36af8a57b4511798077f85d,68044,
Pandazole_Ultimate_Pack/Pandazole Kitchen Food/Models/Prop_Fridge_03.fbx.meta,c64958419dbc5c8dd52b1bef5ea50e8b807e085ab7fdffff828e979054c9cc60,2783,77a5ec702f004f748ae275b45e0153ec
Pandazole_Ultimate_Pack/Pandazole Kitchen Food/Models/Prop_Fridge_04.fbx,d4a735adcf333fc0af81f122afeae2bacea402f55c51ca40d430890eadff77cb,25884,
Pandazole_Ultimate_Pack/Pandazole Kitchen Food/Models/Prop_Fridge_04.fbx.meta,93327863ed8cd57a3861363f031a5be371903b536dda215d6238ba828131b51b,2783,27520af2376827d43a402489ef4de5b1
Pandazole_Ultimate_Pack/Pandazole Kitchen Food/Models/Prop_Frier.fbx,e576b382489605a834207f17879d9b99756d27fcf639e57e26f783fb35803dcf,251052,
Pandazole_Ultimate_Pack/Pandazole Kitchen Food/Models/Prop_Frier.fbx.meta,27653f866f5f4e38c69fb1ece77483905a9d79ba594c34e955acd6119a846bc0,2783,1de4648974aec0b408aacb9f0f50839a
Pandazole_Ultimate_Pack/Pandazole Kitchen Food/Models/Prop_Griller.fbx,bbd63668ad21276c3855fc440609527ebce75e918204de3a96593edd6db09b10,51820,
Pandazole_Ultimate_Pack/Pandazole Kitchen Food/Models/Prop_Griller.fbx.meta,7ef1fbb4fee0f6b27065f3d747ba94cb5666b9bb7ded9f1333f1746784836b51,2783,a3b35c8f8e90fea479181dc44e5da883
Pandazole_Ultimate_Pack/Pandazole Kitchen Food/Models/Prop_Heater.fbx,335a9dbc07734ad2ca325c4ab77bf4d159a4b14430247127fdb0a4a8d86d9da8,58892,
Pandazole_Ultimate_Pack/Pandazole Kitchen Food/Models/Prop_Heater.fbx.meta,85dacbf29fa28a1401ebb105c6f6ba81eeba3da099faf858458a960e797efc58,2783,2882e9c72d90667409955188486559ae
Pandazole_Ultimate_Pack/Pandazole Kitchen Food/Models/Prop_KitchenCabinet_01.fbx,ec05ae0eabb78b8a1020fa2ba7e0670f479ea8eda203b688f87f7ae88e21970c,34636,
Pandazole_Ultimate_Pack/Pandazole Kitchen Food/Models/Prop_KitchenCabinet_01.fbx.meta,cc6677e76f5f2ef58c15015f16a5aff28433f4b22df1ce20ed6a2b6c0ecaa267,2783,679a59470953c6340bac29c49eac3d5a
Pandazole_Ultimate_Pack/Pandazole Kitchen Food/Models/Prop_KitchenCabinet_02.fbx,3794eda981ebc5aadf9e8b896868c3d67680f05aab7ea9ecfaf8e3a448db49ba,28188,
Pandazole_Ultimate_Pack/Pandazole Kitchen Food/Models/Prop_KitchenCabinet_02.fbx.meta,e1b5cc2a10f141115f532ad9500802f260c21bd829cbdf550793f4451e3f0ad7,2783,bda0dddbf00bf6448a67392a58158f47
Pandazole_Ultimate_Pack/Pandazole Kitchen Food/Models/Prop_KitchenCabinet_03.fbx,57fd25a9f8ea087de51a94b91da1cedefc7250daf76bb4e616da7b5c0cc71809,27532,
Pandazole_Ultimate_Pack/Pandazole Kitchen Food/Models/Prop_KitchenCabinet_03.fbx.meta,8c83ef4924dc9b824487bcdfd545b5b461d9597fe09049de48c179c490c8438c,2783,7edab558d9e57a148b997b2032bc102e
Pandazole_Ultimate_Pack/Pandazole Kitchen Food/Models/Prop_KitchenTable_01.fbx,adbb691e77c3c8ba638608cf64f450060fd5fad50ca243b0b2c0793801270951,24332,
Pandazole_Ultimate_Pack/Pandazole Kitchen Food/Models/Prop_KitchenTable_01.fbx.meta,0673fbae6152647e3fdf094660df142b6d2ded6b3eb43a185bab4d1c0bb3aaa2,2783,077cd2d02327d1c4f8e7e945e7920950
Pandazole_Ultimate_Pack/Pandazole Kitchen Food/Models/Prop_KitchenTable_02.fbx,318fd4877deb480c844cccaa0033868c60e616a91d31c3e5edbc380061ca2aba,28956,
Pandazole_Ultimate_Pack/Pandazole Kitchen Food/Models/Prop_KitchenTable_02.fbx.meta,cad5023e465dda4420058217e64b8d0aea77372cc85d54a6d90a22f446b6309a,2783,a503d0b13e04d1d4ca4b10852b1262cb
Pandazole_Ultimate_Pack/Pandazole Kitchen Food/Models/Prop_KitchenTable_03.fbx,e211e867b409b0b84f47a058f3a749116a152816d7b8e4f0c5b6634ad57e0dd7,30492,
Pandazole_Ultimate_Pack/Pandazole Kitchen Food/Models/Prop_KitchenTable_03.fbx.meta,ed7e08d42bb79ec408b46ef9b8e892f68c61d2b568cb3191d8ba0c0d28c6b23a,2783,55b1c57c4bf6b334490164cdfab61077
Pandazole_Ultimate_Pack/Pandazole Kitchen Food/Models/Prop_KitchenTable_04.fbx,1ae650af6e8ed7cd0c220b72d6934025d9864fbe0570d4491c50b57a415587f0,24380,
Pandazole_Ultimate_Pack/Pandazole Kitchen Food/Models/Prop_KitchenTable_04.fbx.meta,85b3317a2fc61388206bbc907072a2643776a3dd8be2b599c92b16acc15a13b7,2783,cbea7a831bcf3134082e2d1246a79918
Pandazole_Ultimate_Pack/Pandazole Kitchen Food/Models/Prop_KitchenTable_05.fbx,605e6f3b33fc5a6c4d5f4160a1868064fb8d3dccebcff2bc88c31f49e1f2078b,24428,
Pandazole_Ultimate_Pack/Pandazole Kitchen Food/Models/Prop_KitchenTable_05.fbx.meta,c27440f86d6298c61a5bc5e59a8fa9ac244af0546cd2d5539dae478a2ff71b85,2783,90d6476a0035d7d43ac582eb79b654ce
Pandazole_Ultimate_Pack/Pandazole Kitchen Food/Models/Prop_KitchenTable_06.fbx,a077d33347498fe5be366a62ceb59511403e70e28eedd1329a60125720c6ba43,38652,
Pandazole_Ultimate_Pack/Pandazole Kitchen Food/Models/Prop_KitchenTable_06.fbx.meta,05afc5cdafacb3500938eab6b63469deed7c54cb2b80ff44e34cbccaaec7b156,2783,0f174e276f3314a47acd160073a76d01
Pandazole_Ultimate_Pack/Pandazole Kitchen Food/Models/Prop_KitchenTable_07.fbx,248479ea636925589fbca1e7c4e873ce08c6f981aa679a9851070efb9c414437,27900,
Pandazole_Ultimate_Pack/Pandazole Kitchen Food/Models/Prop_KitchenTable_07.fbx.meta,07e35d3b08e903870b9fc2e0992551394d050c33b91d662410f0117f733d8608,2783,3a60c0033c748ac4e9a8ecf73cdb97ea
Pandazole_Ultimate_Pack/Pandazole Kitchen Food/Models/Prop_KitchenTable_08.fbx,b2424d8b02d9cfa0834803a5403600fb0b37192f6a6add33e8b518eab770b0e9,26492,
Pandazole_Ultimate_Pack/Pandazole Kitchen Food/Models/Prop_KitchenTable_08.fbx.meta,6ae2b32106056003c5cc8b6db185a2d1a2bf025e9651f9ce3ee2a04324e7d0b2,2783,2e0726c12ca4ac448b9b44e6ef5606ab
Pandazole_Ultimate_Pack/Pandazole Kitchen Food/Models/Prop_Knife_01.fbx,b2db01c7dbff509ec0b0fbd13f3459a85878833c66ac2fa55fb0164cbd0590cd,21228,
Pandazole_Ultimate_Pack/Pandazole Kitchen Food/Models/Prop_Knife_01.fbx.meta,1031e89d2ea3c1e72a6dd43df1a8140cfc24ca0c1dedfe0c8fb1e9dc20083ba5,2783,ba514a6b61666cf4ea240772e76020d3
Pandazole_Ultimate_Pack/Pandazole Kitchen Food/Models/Prop_Knife_02.fbx,38ca6fec1412fd85f338184342fc89acf8c64e43f0fa5b04faf360a6eee6bf9f,21132,
Pandazole_Ultimate_Pack/Pandazole Kitchen Food/Models/Prop_Knife_02.fbx.meta,300ecaba55b59c260d52e121a986521cea2aca3777c2e3dc96eb85ff507799f2,2783,3ab490fc17fcd87429243fe580d3a366
Pandazole_Ultimate_Pack/Pandazole Kitchen Food/Models/Prop_Knife_03.fbx,d9583caaa55ca7ddd94eeda176e3f6f277e3e8eb0eba84fe69b98acb6de209bf,21084,
Pandazole_Ultimate_Pack/Pandazole Kitchen Food/Models/Prop_Knife_03.fbx.meta,552bbab39a142d4578a4a83c81ea6ac7e0710aeedd255a9adec0c1de17d8abff,2783,91d3813dea882f04594d8eea7df47924
Pandazole_Ultimate_Pack/Pandazole Kitchen Food/Models/Prop_Knife_04.fbx,2681623d5e9b5d05f190cbe62b7541a0ac5d49d7f6f55f7de476cd422de5a252,21180,
Pandazole_Ultimate_Pack/Pandazole Kitchen Food/Models/Prop_Knife_04.fbx.meta,96fcc5b6aa2cf336afe7bf637585821f1f1e5086019113647e44de359d2a996f,2783,4d2e5b1ff7779444fb877670a13dc75e
Pandazole_Ultimate_Pack/Pandazole Kitchen Food/Models/Prop_Knife_05.fbx,aadffa933ccfaada318fca5b62f643a46b23aa2d8915303c7606b352bcb09116,20956,
Pandazole_Ultimate_Pack/Pandazole Kitchen Food/Models/Prop_Knife_05.fbx.meta,f57a7490da795d29391c7668321e957498b89c660bb29db0da94a8af477335b9,2783,b4d737c1ea4838b4f8306973058ef02c
Pandazole_Ultimate_Pack/Pandazole Kitchen Food/Models/Prop_Knife_06.fbx,3c74c49d643272ebfeaed8f9872cf9bddb513e648d8eae686520800fc27ff100,21276,
Pandazole_Ultimate_Pack/Pandazole Kitchen Food/Models/Prop_Knife_06.fbx.meta,99e84047a56aa10358290a39c4cc4f5bbdb34b8118994b4be45bda29c442862c,2783,21eec28d36244b94c8c1eea767acc69a
Pandazole_Ultimate_Pack/Pandazole Kitchen Food/Models/Prop_Knife_07.fbx,b72b882049d985c834cd6611e9b059de5f316286f0e2be921203ee56980a7882,21292,
Pandazole_Ultimate_Pack/Pandazole Kitchen Food/Models/Prop_Knife_07.fbx.meta,7e580997493a666076a234b66721ba2e76e1bc7ee0113441adf0c29391abbf89,2783,c16a019f3010c354ab04f7bb7f83c6e5
Pandazole_Ultimate_Pack/Pandazole Kitchen Food/Models/Prop_MeasuringSpoon_01.fbx,407d8d1f0cc5aa439fa1f68733a5d3a425690a64801610263f88784b29fa1c61,24844,
Pandazole_Ultimate_Pack/Pandazole Kitchen Food/Models/Prop_MeasuringSpoon_01.fbx.meta,a71908b69616fb6a156a7a4c0a74bc4124f3b01ddc7cbe0070d4e590b71f1750,2783,d1fda7468a3ea8345985b83d846e6f4b
Pandazole_Ultimate_Pack/Pandazole Kitchen Food/Models/Prop_MeasuringSpoon_02.fbx,3ad1da88bec01dc5ae9787b01832c31e07a0e7e81c9b36019a351137da24fd70,24780,
Pandazole_Ultimate_Pack/Pandazole Kitchen Food/Models/Prop_MeasuringSpoon_02.fbx.meta,a69a8687d37ead5bb8a369a0c538370865586e83fd387540948de44d968c2fa2,2783,927f0bf5efa74514b8609261ce665b18
Pandazole_Ultimate_Pack/Pandazole Kitchen Food/Models/Prop_MeasuringSpoon_03.fbx,ffd5002f40a325717bf3587352aee0e33b7f20f455352ba564d708f388eca285,24908,
Pandazole_Ultimate_Pack/Pandazole Kitchen Food/Models/Prop_MeasuringSpoon_03.fbx.meta,506b463817f4f9275b49da93180f3d972ac90a426bad5e2c619221ac8850229a,2783,53e3c9c3faf5380468e94ef191d39e5c
Pandazole_Ultimate_Pack/Pandazole Kitchen Food/Models/Prop_MeasuringSpoon_04.fbx,de81348161f9aac2d21d7f79c14e13d1d5e50a8f629d0355aa9194ad6713e534,24700,
Pandazole_Ultimate_Pack/Pandazole Kitchen Food/Models/Prop_MeasuringSpoon_04.fbx.meta,cf9b81d897ac0167c56f421e4711e8c4d78c8e8100a52054cda619bb40c47d08,2783,8312d6bc225e8a44ba2fb162e49ceec0
Pandazole_Ultimate_Pack/Pandazole Kitchen Food/Models/Prop_Microwave_01.fbx,b23e71faa1fd6f89164b97660301ae843c0cd31298444a35314c1b62bc6ffaa5,33116,
Pandazole_Ultimate_Pack/Pandazole Kitchen Food/Models/Prop_Microwave_01.fbx.meta,322ddb56d411c505f765d2b4dd621b7e097962579b0cb8443eb66aba2d4e2a41,2783,3dca956702633a247bee23ae921c14db
Pandazole_Ultimate_Pack/Pandazole Kitchen Food/Models/Prop_MiniStove.fbx,e2f09a5fc9635bcd917a7a6a613cf35ab31f8191d5b4647a4c12933cf99e465c,27404,
Pandazole_Ultimate_Pack/Pandazole Kitchen Food/Models/Prop_MiniStove.fbx.meta,6b9c427312e2e38179a4098f4056e98cdbd397dd0884b3a06479afdac0e7e243,2783,ff73ac4762d3b11488401e4f93261478
Pandazole_Ultimate_Pack/Pandazole Kitchen Food/Models/Prop_Oven_01.fbx,b0c278f8c0a677d63cefb67d5ea59379cf32ef7a7b16ba2e3869867ae9a74d5f,69676,
Pandazole_Ultimate_Pack/Pandazole Kitchen Food/Models/Prop_Oven_01.fbx.meta,c478bae2edd99de7f3f7bdde8a2f51aae9efcc0f47f6d04f2f32b52227b0192d,2783,074fff2b7b1ab854fb04e1902cbb9831
Pandazole_Ultimate_Pack/Pandazole Kitchen Food/Models/Prop_Oven_02.fbx,c5159ca2d7d40a483f673a2443e3a856ba88969680b21b9ac3597055346c3575,37708,
Pandazole_Ultimate_Pack/Pandazole Kitchen Food/Models/Prop_Oven_02.fbx.meta,05a98b67bd5e1096c530c17e0c3b4af5d18c3cf0a2d2a965320e2668aab5ff67,2783,0e9295898209fcc49872cc7e1d920114
Pandazole_Ultimate_Pack/Pandazole Kitchen Food/Models/Prop_Pan_01.fbx,a04917d66a7c015ced1d24b4a93e242b3b3ce3f7ff308caf6e080bb0b7c44373,34204,
Pandazole_Ultimate_Pack/Pandazole Kitchen Food/Models/Prop_Pan_01.fbx.meta,4f80a34f99aec176838ad8ea2dcf10edc2ea5a5b2e9ee3c7c8cd57c4c9704ad4,2783,0e8b1b86ef364094d9607989cd6241ba
Pandazole_Ultimate_Pack/Pandazole Kitchen Food/Models/Prop_Pan_02.fbx,beefeddc953e84a2f3380e09c7635cd9c1cd67becf315e7c6e3c5a4f316c778e,34412,
Pandazole_Ultimate_Pack/Pandazole Kitchen Food/Models/Prop_Pan_02.fbx.meta,afa25410c2e301f4670639b2334e0ff0877c0d56022a702a08d441afcb8a27d9,2783,23304ce4161d8bd45af1c4395c748055
Pandazole_Ultimate_Pack/Pandazole Kitchen Food/Models/Prop_Pan_03.fbx,acfe196972407d0def43c46b5261cbc9ac8af5a05053e3b718faab8b13fcd301,26716,
Pandazole_Ultimate_Pack/Pandazole Kitchen Food/Models/Prop_Pan_03.fbx.meta,53617dd09af3331904bc2bcdf25eb5a2dfed1a0a6a09a2bd3ec536e3ca69d80d,2783,f34296e98fd69894dabce3d006694310
Pandazole_Ultimate_Pack/Pandazole Kitchen Food/Models/Prop_PizzaCutter.fbx,6ac7360df5d6666fa8c97ba88c9c0a573eca4b3602e50779aa3426024837c8f2,26140,
Pandazole_Ultimate_Pack/Pandazole Kitchen Food/Models/Prop_PizzaCutter.fbx.meta,c138639481cb328ba5c59d17ce8a6c3e51b31c8d03a05bd48728e60730dc71a5,2783,1ada820b5b9d03b47b44f3582572bac8
Pandazole_Ultimate_Pack/Pandazole Kitchen Food/Models/Prop_Plate_01.fbx,79a611a88f4cfc05371b0ecc01aff59f57ae68f59470defd28f640a8bca0ea7f,26156,
Pandazole_Ultimate_Pack/Pandazole Kitchen Food/Models/Prop_Plate_01.fbx.meta,5fa1d16ada7d7e8667da0feabc982ddf97576ea081f20dcec61c6686d758e617,2783,7cc13f9ac2e060c4a961313f389e8329
Pandazole_Ultimate_Pack/Pandazole Kitchen Food/Models/Prop_Plate_02.fbx,602cd08511d0f4799d376a1accc8193c9f29a317fc3d68e01d7a4e10381b2d0d,26220,
Pandazole_Ultimate_Pack/Pandazole Kitchen Food/Models/Prop_Plate_02.fbx.meta,2cc34178405c7ba288828458eaf31c5dd5e5031e18bc6ecc910a26e7630f1787,2783,00f3064a186eb0a4487e816419201d73
Pandazole_Ultimate_Pack/Pandazole Kitchen Food/Models/Prop_Plate_03.fbx,82853d997f011401ff7672aab70e38d21bec86d7128591fd7a753617a76fbecc,33644,
Pandazole_Ultimate_Pack/Pandazole Kitchen Food/Models/Prop_Plate_03.fbx.meta,cc0815ab8e2f18aee21de5a035c1a13f736c9c3d15d17b80657bc40e09b72e0c,2783,4d720eae0103d984db48cb39815cc2d3
Pandazole_Ultimate_Pack/Pandazole Kitchen Food/Models/Prop_Pot_01.fbx,bb4837e1719d1ac086fcf33023db85e37325dd1e6ce7d4516000572698384b0c,62108,
Pandazole_Ultimate_Pack/Pandazole Kitchen Food/Models/Prop_Pot_01.fbx.meta,6ed28356d934f25833de636d00d943e592ea5d38bbfe0e260e816f811d8efab6,2783,8d3b68e4a419e39469c7a3dfaa3494c0
Pandazole_Ultimate_Pack/Pandazole Kitchen Food/Models/Prop_Pot_02.fbx,fc507ea64484fe1ad1cca6c47b00922343596b2bb0f6fba844be42e2c59f2e94,61820,
Pandazole_Ultimate_Pack/Pandazole Kitchen Food/Models/Prop_Pot_02.fbx.meta,df2069ac1071bf23fdd6963b01ef72a57781d945dad8a01299b287f07cbf56ca,2783,72b3ffec3915e5c408f8aceac0e549ac
Pandazole_Ultimate_Pack/Pandazole Kitchen Food/Models/Prop_Pot_03.fbx,68501ac6e5759e8aaa042bbad51e242cddb09604957eb1d0f1da8779f9203c0c,62236,
Pandazole_Ultimate_Pack/Pandazole Kitchen Food/Models/Prop_Pot_03.fbx.meta,b827636f75aa913445089d8fefa2729f01a1150d66d87ca09d08e56e972ed5f7,2783,4858eab3b903d814dbe27febbf9f12a7
Pandazole_Ultimate_Pack/Pandazole Kitchen Food/Models/Prop_Pot_04.fbx,e624947bc3974ea38d507c28f2622b83b441005b55942c6f273a6832e0afad16,49180,
Pandazole_Ultimate_Pack/Pandazole Kitchen Food/Models/Prop_Pot_04.fbx.meta,ba280a23d656ab39daa43f3ac8321c46f68f31ccac4bf40b51cc4b7189b87ae5,2783,e2b38bb270a56ae4fa0db721b18a2c43
Pandazole_Ultimate_Pack/Pandazole Kitchen Food/Models/Prop_Pot_05.fbx,c1770a2479684a1072cb4f9479ec10b34382ff1d427464a0da14c3a1b03ec15f,49084,
Pandazole_Ultimate_Pack/Pandazole Kitchen Food/Models/Prop_Pot_05.fbx.meta,820c0353888f56efca9bca07ca5fea1f1ee9ecabdbed111f0d126d6768d2b883,2783,a75fa985fa373644a85d8a649cb617bd
Pandazole_Ultimate_Pack/Pandazole Kitchen Food/Models/Prop_Pot_06.fbx,c80adf96b63b2509d098a452bb73a4dbb0ce567e6415f077ea5e07b087cd9aad,49132,
Pandazole_Ultimate_Pack/Pandazole Kitchen Food/Models/Prop_Pot_06.fbx.meta,63ef4ca20855f38c63d706c2c8d57fd0645eee5f388860815537ee75ad5c113a,2783,6e1cf0d7f00687344b4b4ed755e8ea51
Pandazole_Ultimate_Pack/Pandazole Kitchen Food/Models/Prop_RollingPin.fbx,088228b6dd2f433df585a2616d5684806f785935e4416ce017c2e892835a90ab,43404,
Pandazole_Ultimate_Pack/Pandazole Kitchen Food/Models/Prop_RollingPin.fbx.meta,2c39cc110471dde96680d5c9b0cd2fa9b5ea6b30c4067e7295a2fdd72ddbab86,2783,145b8b88a0080c34baf5aa92381fda92
Pandazole_Ultimate_Pack/Pandazole Kitchen Food/Models/Prop_Sink_01.fbx,ae906511d3e148b3f0a9193bb5325f69ee08702ff5820876ab205a02ff47b1f1,31004,
Pandazole_Ultimate_Pack/Pandazole Kitchen Food/Models/Prop_Sink_01.fbx.meta,9af787aacabf86097839970f255d0c66c2dd906b08cce01ed03759c659cbedf2,2783,d6ddffa60c5fdee44ad7ef86732c05db
Pandazole_Ultimate_Pack/Pandazole Kitchen Food/Models/Prop_Sink_02.fbx,b8e1388e822a3c93a0b6fd9e32fc7889573a08b085927b2b4a62ad0802c5cba3,32604,
Pandazole_Ultimate_Pack/Pandazole Kitchen Food/Models/Prop_Sink_02.fbx.meta,033dc2b5867dddbe149fa2a978272207881252e1b5f721c976fd1c92e13768ed,2783,29acea594d678df4d859dfee45aa647d
Pandazole_Ultimate_Pack/Pandazole Kitchen Food/Models/Prop_Spatula_01.fbx,c9b80524112c65294914b79e0754e84e7af3aa77540f979af245da0b2c6b526b,25196,
Pandazole_Ultimate_Pack/Pandazole Kitchen Food/Models/Prop_Spatula_01.fbx.meta,f7ac4ca26eecce8466d75629bb8aea32f2e7c38ae66cd1149860e3c3ac6abc6a,2783,140411fe5a74a324ea07791d091941b3
Pandazole_Ultimate_Pack/Pandazole Kitchen Food/Models/Prop_Spatula_02.fbx,07d592a115a2f206b1f8db844619a45080b63cd464179461972ccbf4e96152ca,27388,
Pandazole_Ultimate_Pack/Pandazole Kitchen Food/Models/Prop_Spatula_02.fbx.meta,b9fa6ee17b8f8f924dbbcd7b7ff590a7ff7a6c43f7a10c22ce67ea438b881f0f,2783,f0fce2e3cad5f8f4881904f8580bfa40
Pandazole_Ultimate_Pack/Pandazole Kitchen Food/Models/Prop_Spatula_03.fbx,39ff934c09cac0516bf0e137e32de295487cd0a18f5f5c7f3a2e79146c2bcd1d,29324,
Pandazole_Ultimate_Pack/Pandazole Kitchen Food/Models/Prop_Spatula_03.fbx.meta,0f2e11f2261ff8eddb691b256c3818418cce933639591f24ac81d2b57715aa88,2783,29e80e87cbb807d4092a7314cf364aaf
Pandazole_Ultimate_Pack/Pandazole Kitchen Food/Models/Prop_Spatula_04.fbx,0f04a27661ac6f0c0dbdf6526e8900f43b2b4f8751e573f2dc26c2bfdda8ae29,35612,
Pandazole_Ultimate_Pack/Pandazole Kitchen Food/Models/Prop_Spatula_04.fbx.meta,285dfa84c6c188aedea44dc2b637340f2101123f6e2e152664be69984db3933b,2783,a13aba5443f8b9947b86d2ae6c642bea
Pandazole_Ultimate_Pack/Pandazole Kitchen Food/Models/Prop_Spatula_05.fbx,8fc462e9eb16539b4296111b4fff713763487fe513f5f2a041e5c758690624f3,29164,
Pandazole_Ultimate_Pack/Pandazole Kitchen Food/Models/Prop_Spatula_05.fbx.meta,54a40866449d00412d03a5d70d13bad79746edfccc1eafd62e9e0b557f6b44bc,2783,765dcd4805399ee4995d3c4a4d07ede0
Pandazole_Ultimate_Pack/Pandazole Kitchen Food/Models/Prop_Spatula_06.fbx,2a67c6a2e91b0d23fbe1d6605cbb495e24351bc7a917b94c357c6013881ea09f,28732,
Pandazole_Ultimate_Pack/Pandazole Kitchen Food/Models/Prop_Spatula_06.fbx.meta,1f274cc854ecf9c7ec499c743cc4a6425efad159bacbda950fc8038430b3b30c,2783,533af2f77ea1f3e47a0dfc0c4eb0be6f
Pandazole_Ultimate_Pack/Pandazole Kitchen Food/Models/Prop_Spatula_07.fbx,401028c03e0e1c5c1a1dc0c95803c89e0caaafbf6d1004f8b53576c4660f3b4c,27740,
Pandazole_Ultimate_Pack/Pandazole Kitchen Food/Models/Prop_Spatula_07.fbx.meta,0ecba9a6f54a947a58ae6e53f71d585a2ee2eaa2e2ca9af0d5915855540b5cc0,2783,0e09d8ee80ecb18438736a1cf4d6310f
Pandazole_Ultimate_Pack/Pandazole Kitchen Food/Models/Prop_Spatula_08.fbx,912cf778e77cc03dffee9c602e0d510d354e01a42844bbb32f1f60537ffe0051,26252,
Pandazole_Ultimate_Pack/Pandazole Kitchen Food/Models/Prop_Spatula_08.fbx.meta,ce4be52d6e17ff6ee8454103c6b37b214459de72d1e892f28a617dbfb72d69ae,2783,74af1763deb2929459f8c4e514990995
Pandazole_Ultimate_Pack/Pandazole Kitchen Food/Models/Prop_Spatula_09.fbx,6813be47dcac07f43fc165ee772de216ddb04e64a94cae867f9f27ac004d5dc1,26348,
Pandazole_Ultimate_Pack/Pandazole Kitchen Food/Models/Prop_Spatula_09.fbx.meta,182f092c39623ec7d7468d658420d1df2396c056852cbf337c0abe2afea2e22f,2783,e2a0d740d7a5d9a4bb975fe236ac952d
Pandazole_Ultimate_Pack/Pandazole Kitchen Food/Models/Prop_StorageCabinet_02.fbx,0a57c0553acfd8fc5c62bb1a16618a28b35bacd9ae57946687070b3442ed882b,26092,
Pandazole_Ultimate_Pack/Pandazole Kitchen Food/Models/Prop_StorageCabinet_02.fbx.meta,85999d746ae7ad2ec379216baf71f0293fe7d76b038c26a1aefa24148cba5c3f,2783,fcb11805be7177d4f8067f430132f2c3
Pandazole_Ultimate_Pack/Pandazole Kitchen Food/Models/Prop_StorageShelve.fbx,b35e0f10ad9d32b254a24c0b5c41960d1f2b0e9460294fcb8c2d054467d34916,59500,
Pandazole_Ultimate_Pack/Pandazole Kitchen Food/Models/Prop_StorageShelve.fbx.meta,cdd55779107778bce9b21df7f4b2b5622abba93c334e18e470b0f616c3944754,2783,56698a31d96b09649914b006bdc8c741
Pandazole_Ultimate_Pack/Pandazole Kitchen Food/Models/Prop_Stove.fbx,29d97289d1e9384dc543cfbb2e205be392e5e87976236e0a81e79584434387e6,119484,
Pandazole_Ultimate_Pack/Pandazole Kitchen Food/Models/Prop_Stove.fbx.meta,95b450e7a648148715d1a30c77cd5e93651ac8f7f9a9cb8e664a634294fbe58f,2783,e3bdfe6ad12e11446949ff5aa3cbc600
Pandazole_Ultimate_Pack/Pandazole Kitchen Food/Models/Prop_Tray.fbx,66268a78e4fa26b2702b313ef2e5f31716e8c95c05831844033fca4b296abd26,21100,
Pandazole_Ultimate_Pack/Pandazole Kitchen Food/Models/Prop_Tray.fbx.meta,c1eadff116244d640d000da09ea042c75f6e99126c88e737f9c4de745dc2564b,2783,b1d1d7d16b265a44b85768ec30574e69
Pandazole_Ultimate_Pack/Pandazole Kitchen Food/Models/Prop_TrayHolder.fbx,bf3b1887d9324a9b9a617a5abd8afcec7a693e49461f81f484884cf62b9103a1,66156,
Pandazole_Ultimate_Pack/Pandazole Kitchen Food/Models/Prop_TrayHolder.fbx.meta,6fcb051f4f33a1f42005b80a09e9fe3e0e8dde5d71d7171b02b49cfb74a0dfbf,2783,c98870edddc58ab4592642fe83b96886
Pandazole_Ultimate_Pack/Pandazole Kitchen Food/Models/Prop_WhipMixer.fbx,7e19b5c6f0613bc6f8f1f171b3d4b97d9bbd8ee4c9ae7d2a598f3ef4fd8e1d97,36620,
Pandazole_Ultimate_Pack/Pandazole Kitchen Food/Models/Prop_WhipMixer.fbx.meta,3c575d93780a0012030d33301de3eb0d832ef3bf6e99de86a9bca3c442f56093,2783,5f08b7e2d7e779b489d62a277820e3ff
Pandazole_Ultimate_Pack/Pandazole Kitchen Food/Prefabs.meta,9992855a234b6e71e5360943f5015318a07b7ac3efb2646daabaadcf0aaa9981,172,d93b9322a13b47b41912d106f31406f2
Pandazole_Ultimate_Pack/Pandazole Kitchen Food/Prefabs/Demo.meta,b47f561861adde5296f73323df510dd704b840f7b7a9a7f7b369360fcba453e5,172,56680878a8f24504baafac832264b8f0
Pandazole_Ultimate_Pack/Pandazole Kitchen Food/Prefabs/Demo/Pandazole Kitchen Food.prefab,d7519d97c270fef82807620f8932ac0224ed569b018ed304d89aed1668823133,448967,
Pandazole_Ultimate_Pack/Pandazole Kitchen Food/Prefabs/Demo/Pandazole Kitchen Food.prefab.meta,788669de522471a58c347ee296c875a194f4b23aefbebb0a2f2c12acf43bc78d,154,4a279880c2ce38b42a3bcc9d211dc532
Pandazole_Ultimate_Pack/Pandazole Kitchen Food/Prefabs/Food_Apple.prefab,327b7dcda4047540638da26e951f0caa47358e925d560e0ffb16164c6642a508,2845,
Pandazole_Ultimate_Pack/Pandazole Kitchen Food/Prefabs/Food_Apple.prefab.meta,b29d731dc916c042d43c61ad93dffb51e6896e45f77150eb3a9b1cf2a025dc49,154,ca29c74284c40524f8edb533636550f9
Pandazole_Ultimate_Pack/Pandazole Kitchen Food/Prefabs/Food_Apple_Chopped.prefab,97ef4ac356342a5b1899deb4e26efaa9ad4406587cccfcabc4246ca8de814aef,2842,
Pandazole_Ultimate_Pack/Pandazole Kitchen Food/Prefabs/Food_Apple_Chopped.prefab.meta,4bb538cd70695f963b9a1b1e3f1074f9564f94bdcf737cbfe7afb4d22222800d,154,57fac217fefc9904db3288cbff2fe3f1
Pandazole_Ultimate_Pack/Pandazole Kitchen Food/Prefabs/Food_Black Coffee Cup.prefab,a2e0fa412c54e0c7858f4a4090f82e54c076469014d335e7621f2b14f289c3eb,2852,
Pandazole_Ultimate_Pack/Pandazole Kitchen Food/Prefabs/Food_Black Coffee Cup.prefab.meta,d19316a48bcf4592bdaf185a193bda1cab2e506d4cdfacaa863270bf5fdfafd8,154,c281362843f585e48832395b63ac1d54
Pandazole_Ultimate_Pack/Pandazole Kitchen Food/Prefabs/Food_Bread.prefab,4fb3a96b10cc85c6b8f9a96e115fe9d810e942b52405ad9b5979f75771f29765,2845,
Pandazole_Ultimate_Pack/Pandazole Kitchen Food/Prefabs/Food_Bread.prefab.meta,3f4672e18f082177dca8df0886fd43da5010f37a1080c908154bd11f5a823284,154,90dd31c36f3997d46bb4fbbc7884b624
Pandazole_Ultimate_Pack/Pandazole Kitchen Food/Prefabs/Food_Broccoli.prefab,f5450ee3513e04e19c3aaaf491a978c9e58ed55a3198093eb133341d1225dacc,2844,
Pandazole_Ultimate_Pack/Pandazole Kitchen Food/Prefabs/Food_Broccoli.prefab.meta,a0584925b83630b4238384f9a57708e38ae968693283133480190dd2cfa69b2f,154,23244ec81d1b60d4eb89d43c5a1606eb
Pandazole_Ultimate_Pack/Pandazole Kitchen Food/Prefabs/Food_Burger.prefab,45b7805a798933b824c0325a0e66333d4037b6237845c90ee78c63ee8e2d0b6a,2844,
Pandazole_Ultimate_Pack/Pandazole Kitchen Food/Prefabs/Food_Burger.prefab.meta,7c85086694ae84389c0c62605b21bc60333bd51a31fa74b79635084a52f2b61e,154,7dbc5016287a421438d04b83688612bb
Pandazole_Ultimate_Pack/Pandazole Kitchen Food/Prefabs/Food_Carrot Soup.prefab,eef25092e782553d206fccd82a1de923a77dd533e68e292b79c7087c452cd92d,2849,
Pandazole_Ultimate_Pack/Pandazole Kitchen Food/Prefabs/Food_Carrot Soup.prefab.meta,d0d8ba49581394afcfdb4198333d75e3dad9d8a9ad948177855b1a2ce4a2c201,154,690c5010dd6210343aff3cdb98f8ffce
Pandazole_Ultimate_Pack/Pandazole Kitchen Food/Prefabs/Food_Carrot.prefab,c82431818f2896c5c63ba99c068df799d8df14642dd7369203c872ba3ed1101e,2846,
Pandazole_Ultimate_Pack/Pandazole Kitchen Food/Prefabs/Food_Carrot.prefab.meta,30216830d7278f89b035bf37e64a254144e05f58098f2dda6ee377b70207880d,154,1473e8761428dcd44a8962866ef4fc6a
Pandazole_Ultimate_Pack/Pandazole Kitchen Food/Prefabs/Food_Cheese.prefab,69f0628782707e9354395334e1134a368289a56f486d4ab80bbc720a68d638fd,2840,
Pandazole_Ultimate_Pack/Pandazole Kitchen Food/Prefabs/Food_Cheese.prefab.meta,6d6b36db7a8772dfa9c37f004b718415372abc63bd6c429bd32e9e94482e2179,154,faddb7582ea378c44a767cc63fe84c89
Pandazole_Ultimate_Pack/Pandazole Kitchen Food/Prefabs/Food_Chicken Breast.prefab,f0140f405a260e3b6463e42e9d61f220ba01bb3b776a92c08a92f0ece39fa98f,2852,
Pandazole_Ultimate_Pack/Pandazole Kitchen Food/Prefabs/Food_Chicken Breast.prefab.meta,c9394c5ca2e55ee347c3f0cb4f00b1487e1d9f3f7e050f9aa703835c0befd5cf,154,6c7cc25dd8fd22d4cbdce0160cee8b66
Pandazole_Ultimate_Pack/Pandazole Kitchen Food/Prefabs/Food_Chicken Chest.prefab,547d0102fee797260ed052ce2a1fa94d1205937ef6c6973f0c87490baafd2078,2848,
Pandazole_Ultimate_Pack/Pandazole Kitchen Food/Prefabs/Food_Chicken Chest.prefab.meta,130e982cf95a01ac762d6e05661907c3bd0fdde9aacc40c2410469e46a163a41,154,9ae36ff9acedd7e429694ef42ea5ff1d
Pandazole_Ultimate_Pack/Pandazole Kitchen Food/Prefabs/Food_Chicken Sub.prefab,96e7fd03e53189047a9c7b29ef4595dce6925a6d71670c9bfd6af9efa9587334,2849,
Pandazole_Ultimate_Pack/Pandazole Kitchen Food/Prefabs/Food_Chicken Sub.prefab.meta,e26c98f1cfc8255e945314defbac12f0c6fa4e83ea2e71af67fbeeb7d6838154,154,82d030224f9b8f94ebb6bb223dc99091
Pandazole_Ultimate_Pack/Pandazole Kitchen Food/Prefabs/Food_Chopped Carrot.prefab,a6d477d73990a31b8c50d4c26233b36014e61cbe73a2c30aa750fe6c039b3bd6,2854,
Pandazole_Ultimate_Pack/Pandazole Kitchen Food/Prefabs/Food_Chopped Carrot.prefab.meta,1255c0338aba89e4fbd88219fc0cd4dd96f1d684651ad20596a02e005229f783,154,2b64e55e2ba72cc42804c35f4d30e3b4
Pandazole_Ultimate_Pack/Pandazole Kitchen Food/Prefabs/Food_Chopped Lettuce.prefab,d8886380584749e820f1fc0dbfbdd939dadaa2d62809e50ca93a26a31a656274,2855,
Pandazole_Ultimate_Pack/Pandazole Kitchen Food/Prefabs/Food_Chopped Lettuce.prefab.meta,8a1f90b039a70c3f4b93f42df529b0de96e025e5937a079302eff9c68bd0e5b4,154,a39885acf60cabb49ae5f1ed9464e7b9
Pandazole_Ultimate_Pack/Pandazole Kitchen Food/Prefabs/Food_Chopped Tomato.prefab,9d0eb89febfe7dcdfece7c6cb3b358e5d834eb050ac5de80e6956051a6268a27,2852,
Pandazole_Ultimate_Pack/Pandazole Kitchen Food/Prefabs/Food_Chopped Tomato.prefab.meta,5e79f294d1073aed71193e6a92fd3466ffa52d612058858d8c6151b4a399b45f,154,84c1822a4f069684fb10b63ebaeb6c96
Pandazole_Ultimate_Pack/Pandazole Kitchen Food/Prefabs/Food_Cooked Rice.prefab,125227028974af0e8c5dd1f6b55b392bdfc750c272eb91267891c175edbe7954,2851,
Pandazole_Ultimate_Pack/Pandazole Kitchen Food/Prefabs/Food_Cooked Rice.prefab.meta,7a6f8eb47675d6ee7a67499e7baa389e14302cbbaaa183be940d0ce1c5d56e3e,154,a76fdaafdeaab0a4394847404155d743
Pandazole_Ultimate_Pack/Pandazole Kitchen Food/Prefabs/Food_Cooked Steak.prefab,b009a8f979b760366c01e09fc0a65c2faf215bac9426680cf08b4912d2aa623f,2845,
Pandazole_Ultimate_Pack/Pandazole Kitchen Food/Prefabs/Food_Cooked Steak.prefab.meta,0d9b95a4d7890847166d1019487b31e90e83ac2ca3c1ebc8f6432b8e53e139af,154,a1bb48d934bc96546857f05ec064b984
Pandazole_Ultimate_Pack/Pandazole Kitchen Food/Prefabs/Food_Corn.prefab,4b2d1352c562b44efb3fbbdbe65d1f294d1f96d7971e2128d08ecb24bea8c0d5,2842,
Pandazole_Ultimate_Pack/Pandazole Kitchen Food/Prefabs/Food_Corn.prefab.meta,69794bbc66be0defff04ac8757acd8e43bc9ba9ef5f213287498c02c949cba01,154,4f166b533e80e054e839d72949c4a57c
Pandazole_Ultimate_Pack/Pandazole Kitchen Food/Prefabs/Food_Dough.prefab,1da5710f931834f6f2605f3588be9744dcdfad3bff849b4cf42e876c43b8e8ba,2841,
Pandazole_Ultimate_Pack/Pandazole Kitchen Food/Prefabs/Food_Dough.prefab.meta,8ebdff17c28686313a7035045d5ad35292dcd3818607dfc1ee6a07edac3fa7d5,154,cdb54e10ab7b2a4468a427e39cc38716
Pandazole_Ultimate_Pack/Pandazole Kitchen Food/Prefabs/Food_Egg.prefab,88e1e93417dd78c4a2902793c3ac7d1f639f067a1f3826b5e9db678ef2c76bf8,2839,
Pandazole_Ultimate_Pack/Pandazole Kitchen Food/Prefabs/Food_Egg.prefab.meta,6a06e8d6cb810793a8238298b6eebc448cac58914b66b188a8f89eb54d28b0f5,154,26dd2342357dc454bb29148a4339dd1d
Pandazole_Ultimate_Pack/Pandazole Kitchen Food/Prefabs/Food_Empty Cup.prefab,bd5b8c978d0b2c6b247485c1234a50ac69974c84a8800b1fa15da07539cacd40,2847,
Pandazole_Ultimate_Pack/Pandazole Kitchen Food/Prefabs/Food_Empty Cup.prefab.meta,0ca7ce30eddac88009549bd8e10c0ac035a303fc433bc5c656d560df484ef12c,154,5e0c44c8a062e6d4b94f5d90497a2f1c
Pandazole_Ultimate_Pack/Pandazole Kitchen Food/Prefabs/Food_French Fries.prefab,3aee8026213dc853cbe4fdcb4eee1ca295817dbe8f96b5fe9784a6672073fa36,2850,
Pandazole_Ultimate_Pack/Pandazole Kitchen Food/Prefabs/Food_French Fries.prefab.meta,01aa83779c32ad1c505ee2f66dccb7ae8ee63e0e89de9768ba4fe529c8611a9a,154,c6420b9261592eb4b871b6acac4d90c8
Pandazole_Ultimate_Pack/Pandazole Kitchen Food/Prefabs/Food_Ground Meat.prefab,07f68bdee29fd584cf0f59d22a03441fc08863938e11be50fffc19565840ec64,2849,
Pandazole_Ultimate_Pack/Pandazole Kitchen Food/Prefabs/Food_Ground Meat.prefab.meta,77182bccb0bfbab852fbc201f2038da4fe6b78f1565e5a19356f506efb36d9a4,154,70da43861d4c9b741b310ca202d69593
Pandazole_Ultimate_Pack/Pandazole Kitchen Food/Prefabs/Food_HotDog Sandwich.001.prefab,48b86b3d2df071d12b25c3f663c5989283dfdccdb71956a22e96853ac2c5ad75,2852,
Pandazole_Ultimate_Pack/Pandazole Kitchen Food/Prefabs/Food_HotDog Sandwich.001.prefab.meta,adca5b260e9b49c811333a29e20990f75192dcb29216d0003b8df0d75fa14747,154,6c61c96db5547f040af6dd99cbdbc93b
Pandazole_Ultimate_Pack/Pandazole Kitchen Food/Prefabs/Food_Lasagna.prefab,adb2c6fb4f5e31c34480bd87cf16b5d6d2d1a174275f130e131b18d5f0d7fa79,2845,
Pandazole_Ultimate_Pack/Pandazole Kitchen Food/Prefabs/Food_Lasagna.prefab.meta,f9a2426d23b3aecc5adc86dca9c22682bed446263d2c332eaf2ea6add0f99e5f,154,b4bc12119c05f3e41917eb3082d12409
Pandazole_Ultimate_Pack/Pandazole Kitchen Food/Prefabs/Food_Lettuce.prefab,2926fa0610ce1b171d1e7d71e92a9365deea2a2cfa43f1dc9747638869f97c6e,2845,
Pandazole_Ultimate_Pack/Pandazole Kitchen Food/Prefabs/Food_Lettuce.prefab.meta,943aaf04dca9e07160eaf8112d127845e0cf0b2d9f35ca97d2d688a3a5492e46,154,e65e0f5a23047e147be6dc32db77c4f1
Pandazole_Ultimate_Pack/Pandazole Kitchen Food/Prefabs/Food_Mac n Cheese with brocoli.prefab,b09525177f0f8c25f3374b6708918c138962a01c6c77398371a0d29cbe603edd,2856,
Pandazole_Ultimate_Pack/Pandazole Kitchen Food/Prefabs/Food_Mac n Cheese with brocoli.prefab.meta,25fd9ecf13e7382ca77685c636304f941606712c440eddb4327cfda5cf28bcfa,154,498f1f2c073f4444cad8be3ce8e3c12d
Pandazole_Ultimate_Pack/Pandazole Kitchen Food/Prefabs/Food_Mac n Cheese.prefab,d002372131bc907bfd800d7604d5b5ffe446901deda04820b53fe4889067e1af,2850,
Pandazole_Ultimate_Pack/Pandazole Kitchen Food/Prefabs/Food_Mac n Cheese.prefab.meta,439852c543eda1fef67bb4a0d9ee48f3bf6ccedcfb436cbdc58cfc79508c6a8f,154,6b33a4246d863114f824a40d493196f0
Pandazole_Ultimate_Pack/Pandazole Kitchen Food/Prefabs/Food_Meatballs Sub.prefab,a8feaa01d35055136e07cb6eb592c8714ac5e836295f26eb72fd4fa1c43fc937,2853,
Pandazole_Ultimate_Pack/Pandazole Kitchen Food/Prefabs/Food_Meatballs Sub.prefab.meta,1d4f43b338387bf7f35524b56dc2099966cf95bf70247fecb066c6c2e027e697,154,897859a771092914295df61ba808f53d
Pandazole_Ultimate_Pack/Pandazole Kitchen Food/Prefabs/Food_Meatballs.prefab,85c7eaa3b1bbcac4fb8ddb9e6d9c6ea3bbdfc9166477245205f9d721ba6b3fb1,2844,
Pandazole_Ultimate_Pack/Pandazole Kitchen Food/Prefabs/Food_Meatballs.prefab.meta,9e4e594b22476ebdcc9719585a10405409e9ff235367ad590873c810f436d236,154,ef6e218e81c3a5d4886ddf575ca1b943
Pandazole_Ultimate_Pack/Pandazole Kitchen Food/Prefabs/Food_Meatloaf.prefab,b93d9f357006cf6fe38d7da4a6fc98a0f7f85542df78f015350503956c337392,2846,
Pandazole_Ultimate_Pack/Pandazole Kitchen Food/Prefabs/Food_Meatloaf.prefab.meta,93f211ba5870acdbef782edc7438ca5b45bbfe7dab3e87dc87760eb1156974a7,154,93f772423cc7e034fae4cf7f57961053
Pandazole_Ultimate_Pack/Pandazole Kitchen Food/Prefabs/Food_Meet.prefab,ff386b870ec1f55eba5f1b346def1cfd9fbeebb25849bbb42a60906e8b0dc1ec,2835,
Pandazole_Ultimate_Pack/Pandazole Kitchen Food/Prefabs/Food_Meet.prefab.meta,ba6a61d7034c8a1cc2748a7568d4403ff0242cecf5c4959336a7e6f879fdc18d,154,78aa69274795dd6458edadb8e3efe5c3
Pandazole_Ultimate_Pack/Pandazole Kitchen Food/Prefabs/Food_Milk Bottle.prefab,2623c9778d4436451d838ddbcb61551d306af3a92061d7544e03db6b5a1e831f,2851,
Pandazole_Ultimate_Pack/Pandazole Kitchen Food/Prefabs/Food_Milk Bottle.prefab.meta,85753c5e2550a1c5e3ddb96ea8c8d4b388db135cdf78ab7935dee0bc1c850f66,154,e27740dc0f71e6242933939d6050fd41
Pandazole_Ultimate_Pack/Pandazole Kitchen Food/Prefabs/Food_Oil.prefab,a90aef02a5f20dc08c43a2c15360cfcfd9742d825562b86751fda6a43d6c4b48,2843,
Pandazole_Ultimate_Pack/Pandazole Kitchen Food/Prefabs/Food_Oil.prefab.meta,3841f3c8b8afab9c5000e3357b751bef613a82c3eca096d06192321fa502f4b8,154,4caa6851baabe4f40bde9724dafa3b8e
Pandazole_Ultimate_Pack/Pandazole Kitchen Food/Prefabs/Food_Omelette.prefab,d2b6dcb54ecc50a6151485dab31869ccc16c0cb950f760d406104f8fe8c8d5b3,2848,
Pandazole_Ultimate_Pack/Pandazole Kitchen Food/Prefabs/Food_Omelette.prefab.meta,7948487ec49b5badca0d6df78a13bf41bfa845a8d2406142f598ba844533db16,154,4cc60c1d84364a7459d7ce80ea270a8b
Pandazole_Ultimate_Pack/Pandazole Kitchen Food/Prefabs/Food_Parsnip.prefab,0df1f53694886f0ab4c382e683f8d7de622234bd4f13b3a828159a89e75ec880,2847,
Pandazole_Ultimate_Pack/Pandazole Kitchen Food/Prefabs/Food_Parsnip.prefab.meta,4b83f500d396c8a888aef9d2b471c1ee894ff24d7c9e0c7573098c1c8b53adf8,154,8d1a0fa409327b6408dd75559d1fa1e5
Pandazole_Ultimate_Pack/Pandazole Kitchen Food/Prefabs/Food_Pasta.prefab,2c3fef433bf9257c02e1c77ba82b2e8f39511d5a6d5a6cf552d1978a4581a5a3,2845,
Pandazole_Ultimate_Pack/Pandazole Kitchen Food/Prefabs/Food_Pasta.prefab.meta,d98f5aea2a8aa3bab17b53227912d159d7e660b54999d524ef3cea9c072496ff,154,e587153d97158e54cb4442ea55fbdf6b
Pandazole_Ultimate_Pack/Pandazole Kitchen Food/Prefabs/Food_Pea Soup.prefab,9d4693a51bf06fe7ee3dcba2463cc0441f27a02a452eede618d32ab571787c25,2846,
Pandazole_Ultimate_Pack/Pandazole Kitchen Food/Prefabs/Food_Pea Soup.prefab.meta,513dcfaf5fb120cc7054ec7109e989feca6f09f057f4349d1099f594d3771502,154,9e62411e27f2b1747a86838e3a89f720
Pandazole_Ultimate_Pack/Pandazole Kitchen Food/Prefabs/Food_Pea.prefab,294086a35d50ab4d35d3c5ac3ea8a8f5fb623b6805b864f91da283b04bec7ca5,2841,
Pandazole_Ultimate_Pack/Pandazole Kitchen Food/Prefabs/Food_Pea.prefab.meta,d45f3c990343f71ab01d9937092e4b862c0a3fbf7148a029850f86975e516ba3,154,d18f929552ea73b4e99fdfdb3d8d7651
Pandazole_Ultimate_Pack/Pandazole Kitchen Food/Prefabs/Food_Philly Cheese Steaks.prefab,4ecc547145a8d933fa94977a44845eb722f13b89ccd705bbcd51f382f6ea9ed2,2858,
Pandazole_Ultimate_Pack/Pandazole Kitchen Food/Prefabs/Food_Philly Cheese Steaks.prefab.meta,ac541aa1113f2a067562a277d297191e0acbb3dfc500765b57898efce87449bd,154,95bba697f9f78f448b68dc16456ff4e7
Pandazole_Ultimate_Pack/Pandazole Kitchen Food/Prefabs/Food_Pizza.prefab,5e73ca39be76f63b58375de1d225cafa0590b555ab53a4eb9bdf33892e86c59f,2843,
Pandazole_Ultimate_Pack/Pandazole Kitchen Food/Prefabs/Food_Pizza.prefab.meta,afb581fd5b5f53934dcf2e639b0ca9481bc2c49e87b27fc7d321c51867f63d11,154,30a557d13d81ee64eba2fb065f5b5a60
Pandazole_Ultimate_Pack/Pandazole Kitchen Food/Prefabs/Food_Potato.prefab,02dc71d3e6ea9c7a9a67d27cecb39ce683e8338f8b643bf1fc72cabfbd7836b8,2844,
Pandazole_Ultimate_Pack/Pandazole Kitchen Food/Prefabs/Food_Potato.prefab.meta,d5513a965d8e7cc3c166263047f2ee4d9c3a23290ee250a35386b5c6262aff46,154,c68bd0879681d2241845579839f5c99d
Pandazole_Ultimate_Pack/Pandazole Kitchen Food/Prefabs/Food_Pumpkin Soup.prefab,c452045faff724b347bdeff5230e3637285dd2bbc90c1f0805ae4a95d9948013,2850,
Pandazole_Ultimate_Pack/Pandazole Kitchen Food/Prefabs/Food_Pumpkin Soup.prefab.meta,fabb8f0ab4c959eb8b67cf9c58cc2c29fa977e68681e009c8ce61936253e8f95,154,495a46b39b02bc34a84784e7ef82b1f6
Pandazole_Ultimate_Pack/Pandazole Kitchen Food/Prefabs/Food_Pumpkin.prefab,248487dad214de94e8558552038661fd99b2713e220c0db3659c99d2d6c4dc81,2845,
Pandazole_Ultimate_Pack/Pandazole Kitchen Food/Prefabs/Food_Pumpkin.prefab.meta,18ca361b6bb4bdb116063bc02ecc6e5b30faaf514fd4e343135c69ae4e0c5fd7,154,4b12b415f689c64439a7d22f043b91db
Pandazole_Ultimate_Pack/Pandazole Kitchen Food/Prefabs/Food_Rice.prefab,5fb5e61e09426fa54e102f04c3d17decef6ab4015a86014cd9c36f059015da8b,2844,
Pandazole_Ultimate_Pack/Pandazole Kitchen Food/Prefabs/Food_Rice.prefab.meta,1b50be050b1c07e748aa9893998f84f47b334c62cf464df92defc8663a743242,154,30b514f0793b09641a844b6a4210870c
Pandazole_Ultimate_Pack/Pandazole Kitchen Food/Prefabs/Food_Salad.prefab,13158d5c5ecb56c6da898661c555000b050541e747373c3b18a89305d5c543e2,2843,
Pandazole_Ultimate_Pack/Pandazole Kitchen Food/Prefabs/Food_Salad.prefab.meta,83b7113f2e0dfb1b8f04f0a2768613c3bd88b78790170df5c4c09635069f1fe5,154,4ae2e15bd53dc614da112f9115fefbfe
Pandazole_Ultimate_Pack/Pandazole Kitchen Food/Prefabs/Food_Seared Chicken.prefab,59076b7dc1d0032f46d785166305b0cebee367056ba7e2e3dcf45544242e6b5f,2850,
Pandazole_Ultimate_Pack/Pandazole Kitchen Food/Prefabs/Food_Seared Chicken.prefab.meta,c38a25b056746e43821d9aa07fa62f193b4b001ea2af88a1e082b248a457ebbb,154,cd7e217f93d36d24c94a7b4d42b17915
Pandazole_Ultimate_Pack/Pandazole Kitchen Food/Prefabs/Food_Seared Ground Beef.prefab,1092e5dd5d8ffb5c6500e68e64c6c67497a81c16d5792cb6dbd3b7a71afcc982,2854,
Pandazole_Ultimate_Pack/Pandazole Kitchen Food/Prefabs/Food_Seared Ground Beef.prefab.meta,7b94176b6cdc516d19d7c3e631c2705b5bfc2be7da860e5c7a3d49c976e27336,154,83aad64f3f078194b97e33a1d49fb2b5
Pandazole_Ultimate_Pack/Pandazole Kitchen Food/Prefabs/Food_Soup Base.prefab,a5f046bd8b5813fbd4e2fe742763d28526db0adc977f2fea4eca7716e76e9dc8,2847,
Pandazole_Ultimate_Pack/Pandazole Kitchen Food/Prefabs/Food_Soup Base.prefab.meta,78f216ce1c83e72aa5c37d35e12074e1e3fcaea6423a2ca6a7a3320bc40189e2,154,9c7933a9dfc2a644bb0b030d18dc13b6
Pandazole_Ultimate_Pack/Pandazole Kitchen Food/Prefabs/Food_Steak.prefab,4e854e55735611015096d9f1eb5d88b98c2624a3fa0fbbed3846d53882a902a1,2845,
Pandazole_Ultimate_Pack/Pandazole Kitchen Food/Prefabs/Food_Steak.prefab.meta,3e03a6c8980dcb71237052924a2436012ec7a3f523ff333ddc478a528b3c4f05,154,ddc590ae56d02484faba95939304dc79
Pandazole_Ultimate_Pack/Pandazole Kitchen Food/Prefabs/Food_Sunny Egg.prefab,ecbc8b24b2566e6de6565204e6f24d7d7ab6f37a56d4128b9c7012cc121ef0d6,2847,
Pandazole_Ultimate_Pack/Pandazole Kitchen Food/Prefabs/Food_Sunny Egg.prefab.meta,391aa6b957920ea8f8d8a41961291bc5cb1632da57f7005bb294cd3c1802079b,154,af23549e861e00242b56bbd1c51a3c9d
Pandazole_Ultimate_Pack/Pandazole Kitchen Food/Prefabs/Food_Susage.prefab,574625c0a24c79cb7150738bfe5c2db8a81d98088dd3eaeff42933ef95c6b515,2844,
Pandazole_Ultimate_Pack/Pandazole Kitchen Food/Prefabs/Food_Susage.prefab.meta,7ef6b359217e2d0ae0f4f6654fc4f4806b2331a9987b14f1b2054eafc3ef90ca,154,e41b9cce28c2aa542abacad6d2c5af47
Pandazole_Ultimate_Pack/Pandazole Kitchen Food/Prefabs/Food_Sushi.prefab,eaabae053aa2ad97f6972a301e21f85e994145037a2d2377c809b75e044a3379,2845,
Pandazole_Ultimate_Pack/Pandazole Kitchen Food/Prefabs/Food_Sushi.prefab.meta,2a30ade9755c3c04f4ab444678545dfe6cbb8e2f274163b599bc723b80284378,154,98f5db16b231f564094b1ac509050adc
Pandazole_Ultimate_Pack/Pandazole Kitchen Food/Prefabs/Food_Taco.prefab,cc96783a15addf3c60cf4d0a9ef9e6dc8b4549c519b2a2c54c8e753994927f6e,2842,
Pandazole_Ultimate_Pack/Pandazole Kitchen Food/Prefabs/Food_Taco.prefab.meta,ff09757e3eecc46628112aa0c784eb85f34762235060a76cfba0234cf77fd31b,154,6d071a0891fd6734d8fc2a83ed8f4332
Pandazole_Ultimate_Pack/Pandazole Kitchen Food/Prefabs/Food_Tomato.prefab,8803e39fcbab8330ae10a241369cb32a263b4eaf21a7db1f04bf1dd7d561add9,2846,
Pandazole_Ultimate_Pack/Pandazole Kitchen Food/Prefabs/Food_Tomato.prefab.meta,1d8fdc32f1995130a90e848035bf06f63cb9a355228b17a486c997798cdd1c18,154,85938f0c69ec2764089c4ae07951faf6
Pandazole_Ultimate_Pack/Pandazole Kitchen Food/Prefabs/Food_Tortilla.prefab,cf08eefc3578aac628ab92239bb7f037869cc5666f6d5e5de4873b3323b1bd1f,2846,
Pandazole_Ultimate_Pack/Pandazole Kitchen Food/Prefabs/Food_Tortilla.prefab.meta,a33fab4a104d61aa4db9bab12777ffb77119525e4fc7b9e222be7eaaf363a139,154,2ba561e817e6b8a4e92c134cb584e999
Pandazole_Ultimate_Pack/Pandazole Kitchen Food/Prefabs/Food_Turkey Breast.prefab,aec327780af13a5a1f188cb2588ebb88158b8cc33366f498130f5650d0eedba3,2846,
Pandazole_Ultimate_Pack/Pandazole Kitchen Food/Prefabs/Food_Turkey Breast.prefab.meta,60c702fbeb28cef6048e72cbe6156e52aab72aaa077fc645a6c3ae538bcc04e0,154,734ba1b51a6460a47bcd7bae305ba996
Pandazole_Ultimate_Pack/Pandazole Kitchen Food/Prefabs/Food_Turkey Sandwich.prefab,2c87de3dddbc076c9c3e0d1f030b1382df29c4e7c5f77d1ada69bc5e0110980b,2853,
Pandazole_Ultimate_Pack/Pandazole Kitchen Food/Prefabs/Food_Turkey Sandwich.prefab.meta,3e5844051087a166399a6c811ae3a2f7bf1124e15d74d374379f7f56cb1a980c,154,3196676de71803b4d983ac4a64e2b0bf
Pandazole_Ultimate_Pack/Pandazole Kitchen Food/Prefabs/Food_TurkeyBreastChopped.prefab,95b70b48dd27be2ee271d935b9633e2d408053e5471e822c39a83e5c5e3fded3,2859,
Pandazole_Ultimate_Pack/Pandazole Kitchen Food/Prefabs/Food_TurkeyBreastChopped.prefab.meta,6ab68fafa29ca17580ec54d19fc9771d41db42a5203a55ea6a55d2388f109c61,154,ac4ab9cf1a51f024dac20dd5acbedb9b
Pandazole_Ultimate_Pack/Pandazole Kitchen Food/Prefabs/Food_Water Cup.prefab,1c3c2b262f32506f2daf92c5f3117a8c7e1a2320b9f6fc2ee9ded02851dc13a1,2849,
Pandazole_Ultimate_Pack/Pandazole Kitchen Food/Prefabs/Food_Water Cup.prefab.meta,14ee7861d000f0c297e6d36a70df07d6b2bba565dc3dd6117134ed67c8010c34,154,4b6dd0d7957ae7e4bb6bde7ddd04ce57
Pandazole_Ultimate_Pack/Pandazole Kitchen Food/Prefabs/Prop_Bowel_01.prefab,be15a6503142f6d42efe28ef18967e94a373b1b4dc1b5e57fa7fd17aeecf04d7,2848,
Pandazole_Ultimate_Pack/Pandazole Kitchen Food/Prefabs/Prop_Bowel_01.prefab.meta,738f270e71e2a7144673f6a314b8456b014a092a5099bebd80b01b6fda48f74c,154,853831eb758a2c3419f2a300203a4fc0
Pandazole_Ultimate_Pack/Pandazole Kitchen Food/Prefabs/Prop_Bowel_02.prefab,e4ae6d25d7a2381a3f50357c898546d131fa7c9fff73930cbe45c08016a0f272,2846,
Pandazole_Ultimate_Pack/Pandazole Kitchen Food/Prefabs/Prop_Bowel_02.prefab.meta,c48c74013233a70608417b46fcefb5408a05b37efb72254795593a4fed3f4b82,154,1a4629ba2471df04b82c7bbeaf4788af
Pandazole_Ultimate_Pack/Pandazole Kitchen Food/Prefabs/Prop_Bowel_03.prefab,fcd37d712b2ffdd67297c1b1151956a7028498c740b7c2321148b9b9209ea72a,2846,
Pandazole_Ultimate_Pack/Pandazole Kitchen Food/Prefabs/Prop_Bowel_03.prefab.meta,e6803c057847ae1c31ea081c5cc9a811460d1df040d250cdf6fe9d0d433af73d,154,77d69b61d8932b541b0dfc99fb4a3be7
Pandazole_Ultimate_Pack/Pandazole Kitchen Food/Prefabs/Prop_Bowel_04.prefab,07086826e93e6d0ff0f8b5ff18c04a4453a800a1996ddab89a11aff68beb089c,2848,
Pandazole_Ultimate_Pack/Pandazole Kitchen Food/Prefabs/Prop_Bowel_04.prefab.meta,f09c9dc34407b73dcde6e67ced2fc365560813b846825867d873003398a52bf7,154,4c5ebcc00a3ddca49802972d76f2a324
Pandazole_Ultimate_Pack/Pandazole Kitchen Food/Prefabs/Prop_Bowel_05.prefab,351483a814cc54ee38e81abadca3ca46bb3920600cd995e5c41074d0957ba4c9,2846,
Pandazole_Ultimate_Pack/Pandazole Kitchen Food/Prefabs/Prop_Bowel_05.prefab.meta,92b54c37b31e436dcee01fe52e759409d56ceeb3fb405219b8fdc73ea4266c27,154,2221062d665833a4cb3fad3c42851e20
Pandazole_Ultimate_Pack/Pandazole Kitchen Food/Prefabs/Prop_BurgerSpatula.prefab,06274b386e5fe73a6b2dac190ab487d7b664eaee75b013805050675771d6a2dd,2851,
Pandazole_Ultimate_Pack/Pandazole Kitchen Food/Prefabs/Prop_BurgerSpatula.prefab.meta,9859a1620de0a4aadfc72d5dc5d909474c07b110eafe32953775c5fe6840ef2d,154,475eadfedf936e243bcb337d8e2110f8
Pandazole_Ultimate_Pack/Pandazole Kitchen Food/Prefabs/Prop_Cup_01.prefab,b26fa868412368b6ffbd4f7ed893b83ff09eedb066a4a584e8f494a496f26668,2842,
Pandazole_Ultimate_Pack/Pandazole Kitchen Food/Prefabs/Prop_Cup_01.prefab.meta,21aa7071cb194e1a8809ab8164fb1ea06320c6eaf8408abb8fe7cbe083004292,154,b84409fc6e1a9964197aa3554ed4c7da
Pandazole_Ultimate_Pack/Pandazole Kitchen Food/Prefabs/Prop_Cup_02.prefab,a4d9387370cf7f852e1d00190f7640dc741260d1ad380f2fad91ec572a1ce49e,2846,
Pandazole_Ultimate_Pack/Pandazole Kitchen Food/Prefabs/Prop_Cup_02.prefab.meta,aae79ff48b88b0f7c06ba4a0650d90a2c299f6c3137ce464a452297ed87edece,154,6f0162a60a6d43d449eab875cd4a3bb0
Pandazole_Ultimate_Pack/Pandazole Kitchen Food/Prefabs/Prop_Cup_02_Cover.prefab,1f038c2609451e9833d9e9cd46347a4b1eb8f9999b314337eb6b4897857790f9,2850,
Pandazole_Ultimate_Pack/Pandazole Kitchen Food/Prefabs/Prop_Cup_02_Cover.prefab.meta,98203dc6826f40eae31396393ae7053625c55ddfc382fe5508049319a518d6ce,154,69e737c8f94cee34aa0f1e7186cf9911
Pandazole_Ultimate_Pack/Pandazole Kitchen Food/Prefabs/Prop_Cup_03.prefab,c37bb59ae8dcae13928339bba0a51bba846d69497e1faa9b3c1141780c874283,2846,
Pandazole_Ultimate_Pack/Pandazole Kitchen Food/Prefabs/Prop_Cup_03.prefab.meta,ecd96e999d32932a590b0820edd808236e5f8c9d0b775352b5fbd85dcc658a22,154,485ea9ba462502049ba625a95774d992
Pandazole_Ultimate_Pack/Pandazole Kitchen Food/Prefabs/Prop_Cup_03_Cover.prefab,04a73ac1ffb408ffa06caebb5b256ed1c8241bee3c2fcab15d58bcec932fc527,2850,
Pandazole_Ultimate_Pack/Pandazole Kitchen Food/Prefabs/Prop_Cup_03_Cover.prefab.meta,c3636f54c509704dadcc39775234e30d764e007e3fe0199744c96582e77763d5,154,9e0cfa51b9e7cae4a9826ba55aabb786
Pandazole_Ultimate_Pack/Pandazole Kitchen Food/Prefabs/Prop_Cup_04.prefab,956534d9e44dea6cc9a05be6b1ffe51ba34e2ad4eaff7cc975346111e62daffc,2839,
Pandazole_Ultimate_Pack/Pandazole Kitchen Food/Prefabs/Prop_Cup_04.prefab.meta,32fa83d20536435221f90835f6466f69aacbef003b21a5e01be3a8f39568dfc3,154,c21890caac874da4181fef610b3c7c8a
Pandazole_Ultimate_Pack/Pandazole Kitchen Food/Prefabs/Prop_Cup_04_Cover.prefab,998b7d208eab5f70384bfaf8502cc5186650c0019013b89f3b597c6181db14d7,2850,
Pandazole_Ultimate_Pack/Pandazole Kitchen Food/Prefabs/Prop_Cup_04_Cover.prefab.meta,a8a8f09d85b5294bc2fb92e45211dcbb6102d8865d022447b4c4391fdb2552c2,154,48fcdf3ae56a83b4991214f190283c96
Pandazole_Ultimate_Pack/Pandazole Kitchen Food/Prefabs/Prop_CuttingPlate.prefab,b8189ebc3245f33b43d54f94514d3a3b84c68cb7fefeb8008612020a926b325f,2817,
Pandazole_Ultimate_Pack/Pandazole Kitchen Food/Prefabs/Prop_CuttingPlate.prefab.meta,531b4008673beb332960099664255358897c3e35fc6a8a89d71496c1da015fe2,154,2f5b5d5c74133eb4da94c020922031a3
Pandazole_Ultimate_Pack/Pandazole Kitchen Food/Prefabs/Prop_Fan_01.prefab,e4eb855b330561b435698a0d8e79aea8c8c37b1018e682a62909fcb8327d4d52,2839,
Pandazole_Ultimate_Pack/Pandazole Kitchen Food/Prefabs/Prop_Fan_01.prefab.meta,1bd8ad57f7b51b6f7bf1e47f17dcae0c527d76808e290c45c34b14e5abb93f97,154,0d3f954dbbb33c64ab6625685b0b8b0a
Pandazole_Ultimate_Pack/Pandazole Kitchen Food/Prefabs/Prop_Fan_02.prefab,bcccdc328fa2d5b2d192012e0c3c3b68f4b8ff778087dc825fd5033e90b018c5,2846,
Pandazole_Ultimate_Pack/Pandazole Kitchen Food/Prefabs/Prop_Fan_02.prefab.meta,093927601bdbbf6dbdddb720c2df00655ec9f5c70f283df3d4817dee5795daa4,154,f57135c1ed5871c41aa7551b36f7ddeb
Pandazole_Ultimate_Pack/Pandazole Kitchen Food/Prefabs/Prop_Faucet.prefab,8088034ae3df0fcacf7da2efab7e7525e4201d956e13f3da863fc02caa5b82ba,5252,
Pandazole_Ultimate_Pack/Pandazole Kitchen Food/Prefabs/Prop_Faucet.prefab.meta,75f793966d73c4a7b1cfccdb577f8ce39fc50dafe4eff36811da4d300bca3c46,154,2aff6043e8121544eb8107e3d8ade3e9
Pandazole_Ultimate_Pack/Pandazole Kitchen Food/Prefabs/Prop_Fridge_01.prefab,487e1e6c933f2e044ef96ba44167513c3b31b243653d92da94495a1fca6b9c8c,7653,
Pandazole_Ultimate_Pack/Pandazole Kitchen Food/Prefabs/Prop_Fridge_01.prefab.meta,7be38758d7bd184ee38f465caf778efef00265f9e7cd52672cc87b9c933820f7,154,ba9199147aa40894ca7f66b182e48c40
Pandazole_Ultimate_Pack/Pandazole Kitchen Food/Prefabs/Prop_Fridge_02.prefab,6164f1ce7bb5edfff2007aa5892672af02bedf366c90675b53c7eace0bb8cbe0,12485,
Pandazole_Ultimate_Pack/Pandazole Kitchen Food/Prefabs/Prop_Fridge_02.prefab.meta,481a32c06f8345b6cb0161fb405d49e409ebef35cac825c231cd216a0c12fe13,154,fc2f6b41f905c7a4593ab9863915ead4
Pandazole_Ultimate_Pack/Pandazole Kitchen Food/Prefabs/Prop_Fridge_03.prefab,c1ec63d176085377b9476c33ad0269713dfcd396f74435dfae818954dbb475f7,12492,
Pandazole_Ultimate_Pack/Pandazole Kitchen Food/Prefabs/Prop_Fridge_03.prefab.meta,17b79f1aca5e01b16110516c72860a0a31b3c033e20418c89875a328f0bd9eed,154,2a6d561cbaf69f14d92dd9db7720e060
Pandazole_Ultimate_Pack/Pandazole Kitchen Food/Prefabs/Prop_Fridge_04.prefab,876689e87f33b1b1282850568c06d738153d9d36e08632bee3347f53aca5734a,2811,
Pandazole_Ultimate_Pack/Pandazole Kitchen Food/Prefabs/Prop_Fridge_04.prefab.meta,499ce53b803b580a42ad6ac709106130f64c8a4caac896ff497c13e7943b3394,154,3ee31620d2f1fe64189ef79ca43a2c03
Pandazole_Ultimate_Pack/Pandazole Kitchen Food/Prefabs/Prop_Frier.prefab,3a4a60bd9b795fa6d921a678c8f3313d75223700b90e6f4db1de763b281bdf0f,10056,
Pandazole_Ultimate_Pack/Pandazole Kitchen Food/Prefabs/Prop_Frier.prefab.meta,deb9659423fdd517154a08f83cfe9043a7b770f7ca55efc2693b85c7b8d6c96b,154,7f8bf37bb7a312f478ae92d0810f02b4
Pandazole_Ultimate_Pack/Pandazole Kitchen Food/Prefabs/Prop_Griller.prefab,478c25591e2597d3beba84b9319965f3e22de1beef694130c4967c9e21aa0934,7638,
Pandazole_Ultimate_Pack/Pandazole Kitchen Food/Prefabs/Prop_Griller.prefab.meta,44dea58f250b41410328b916d1e1d740736b335abe7052ffc39edc56343ca7ca,154,8f233bb653c30bb4295d0d5dd595b22d
Pandazole_Ultimate_Pack/Pandazole Kitchen Food/Prefabs/Prop_Heater.prefab,269733078e9fdc70b9796ab9b2372da0641d73180e9b99c688e8499f0c8057a6,17317,
Pandazole_Ultimate_Pack/Pandazole Kitchen Food/Prefabs/Prop_Heater.prefab.meta,575196ee3fa82a6e1aa8c03c869485f2cc0894aecfbad98de13d88bc47d15861,154,708faea70e0a35c4f895785050e0790b
Pandazole_Ultimate_Pack/Pandazole Kitchen Food/Prefabs/Prop_KitchenCabinet_01.prefab,9b0c9e84241d346447f5177bccd8cc1572d85514f8b67aba88e4dbbd6a605d02,7679,
Pandazole_Ultimate_Pack/Pandazole Kitchen Food/Prefabs/Prop_KitchenCabinet_01.prefab.meta,fd0d086fba8a1efd7d6aa6945a9b95ec426fbe54019db10fc8294db5ff9eec10,154,d5d787b8a2e39b24d8a9c7e01c2506a6
Pandazole_Ultimate_Pack/Pandazole Kitchen Food/Prefabs/Prop_KitchenCabinet_02.prefab,00d27f49cea14a9eb97c737a442bc9446e14637cf9abbd5fe453ae3b29b7c7dd,5276,
Pandazole_Ultimate_Pack/Pandazole Kitchen Food/Prefabs/Prop_KitchenCabinet_02.prefab.meta,d0c75b233f153e1340debe973f6a494cd1dcaf694c252670ef8d37dae9c44a5b,154,2125510b65470574fad5d1e55a9d2619
Pandazole_Ultimate_Pack/Pandazole Kitchen Food/Prefabs/Prop_KitchenCabinet_03.prefab,c474bfdf08989f458b3f693810bedfc9a14053932f9e8de835d5f8235b0602cf,2827,
Pandazole_Ultimate_Pack/Pandazole Kitchen Food/Prefabs/Prop_KitchenCabinet_03.prefab.meta,43b81c14a87dbdce13c90ef0e3ae843ddf709ad5f38d5d130b92ac1621233d7e,154,23b0703af9f894247af6a265a4ae44b9
Pandazole_Ultimate_Pack/Pandazole Kitchen Food/Prefabs/Prop_KitchenTable_01.prefab,8584c04a6b9ca9b9be1708b055b8421edbb3b971c44a8b5bb47496d5c7ed7c65,2846,
Pandazole_Ultimate_Pack/Pandazole Kitchen Food/Prefabs/Prop_KitchenTable_01.prefab.meta,97d10960f9939ea99635534ecb1baf848a13642139ce9bc985df7209146c01c8,154,84897b65c1aad0446aa9f7450df88b60
Pandazole_Ultimate_Pack/Pandazole Kitchen Food/Prefabs/Prop_KitchenTable_02.prefab,8c54dbb2238db6977692c8ad93d94a5b098e25ef2859c905dd515fd6044304f5,2845,
Pandazole_Ultimate_Pack/Pandazole Kitchen Food/Prefabs/Prop_KitchenTable_02.prefab.meta,d3309b903f02ca980cab91561f27653a5fcdcd7cbfc7d88b3257101daeba77fb,154,8c31604f61cdc3e4288c7e7dfe0e4e08
Pandazole_Ultimate_Pack/Pandazole Kitchen Food/Prefabs/Prop_KitchenTable_03.prefab,aa49cac405a8f3da65a3614f96c011770fc1bd9a06825c96c914ae7f9cced5c7,5259,
Pandazole_Ultimate_Pack/Pandazole Kitchen Food/Prefabs/Prop_KitchenTable_03.prefab.meta,e1a2f289abcbc8740dfb4cf27859b9ffdecce77a46ef60a529b18f6bb7929080,154,ddfdd4f303314ea4a95b95269621de86
Pandazole_Ultimate_Pack/Pandazole Kitchen Food/Prefabs/Prop_KitchenTable_04.prefab,185880644d27f65b5a6b177eabc913f9b5eebdc36d55c3d2d124edcf89768d6c,2846,
Pandazole_Ultimate_Pack/Pandazole Kitchen Food/Prefabs/Prop_KitchenTable_04.prefab.meta,b99be150b5e5f8aa619076c99d81ede8e7c99e8d8cddc099108ce550ea7fdef2,154,5b64bcaaa6de77345bb5f15d719356d7
Pandazole_Ultimate_Pack/Pandazole Kitchen Food/Prefabs/Prop_KitchenTable_05.prefab,0967e59396cd0713487b5f8c72c8d267ccc649f0ce87d4d8d8d44473f2aa9fa3,2843,
Pandazole_Ultimate_Pack/Pandazole Kitchen Food/Prefabs/Prop_KitchenTable_05.prefab.meta,b173c84d4649eeb6fb55c7e07911aab79669188cba99b92accd9e7bf854fce8f,154,3d857058e8b1b3c45ab3e349a6980690
Pandazole_Ultimate_Pack/Pandazole Kitchen Food/Prefabs/Prop_KitchenTable_06.prefab,ff0bd84e5c8ab92849f9b7870892985e29a9f844492b1e6c24807d85a32ff7e6,10030,
Pandazole_Ultimate_Pack/Pandazole Kitchen Food/Prefabs/Prop_KitchenTable_06.prefab.meta,887a3da95f47dc7ac72cbc8b0d308442457575a9faf8f4efe467a97e142e68d9,154,45b96a44bd912b449844a214ac51d018
Pandazole_Ultimate_Pack/Pandazole Kitchen Food/Prefabs/Prop_KitchenTable_07.prefab,ede7d0085155b0f564b8e62aa1a46ad7e178c9b27346678310c0ca1da0d3a8bb,2834,
Pandazole_Ultimate_Pack/Pandazole Kitchen Food/Prefabs/Prop_KitchenTable_07.prefab.meta,c093b82246da40178ec9d25d466953d6547f1c4640ca9e3112fd59d1fd030fcc,154,7af19dfcf0498ba43bb7bdf35840880c
Pandazole_Ultimate_Pack/Pandazole Kitchen Food/Prefabs/Prop_KitchenTable_08.prefab,e44bae43ec80df7e7e3c94fcdf66e1b6617c93a0b14e47f954131f0bd80dffd5,2853,
Pandazole_Ultimate_Pack/Pandazole Kitchen Food/Prefabs/Prop_KitchenTable_08.prefab.meta,9f4c16e9c37ad3613cb286cf0fe6c85d37d06ff43e5d4bdeb43ddb2977341435,154,ef7f53cab60ed47469e7ce5e187c7c2b
Pandazole_Ultimate_Pack/Pandazole Kitchen Food/Prefabs/Prop_Knife_01.prefab,b4befb435b3439b7d38c3df163373f124b34386da15bae828e57ef8239d7ee7e,2848,
Pandazole_Ultimate_Pack/Pandazole Kitchen Food/Prefabs/Prop_Knife_01.prefab.meta,e902c091221ecd95b67d138b8422452c93c47aac11e515d740864dffb87d51c1,154,7faf413ddded778418c6fe63a2586002
Pandazole_Ultimate_Pack/Pandazole Kitchen Food/Prefabs/Prop_Knife_02.prefab,162fcdeec941dafb5f829429698b5cb24e9cfeb8c00a54fb6b0d3e0904cac6b5,2848,
Pandazole_Ultimate_Pack/Pandazole Kitchen Food/Prefabs/Prop_Knife_02.prefab.meta,8aba13526513024cf176ee459242fd68549d80f6735c906db911062b682dedd7,154,0f8ebf61b4de07b46a17b832dff06697
Pandazole_Ultimate_Pack/Pandazole Kitchen Food/Prefabs/Prop_Knife_03.prefab,b7ad9df542d5a4bb3deacf3357f0add7f96efcf050ffec4401cff84a827b8287,2841,
Pandazole_Ultimate_Pack/Pandazole Kitchen Food/Prefabs/Prop_Knife_03.prefab.meta,a534d8ddb000dce8e84ce8171e411e4254ecd7ab8dcd1bc63f25cd2878ea3dc9,154,6973b2774b9402049910ce1023b01ca5
Pandazole_Ultimate_Pack/Pandazole Kitchen Food/Prefabs/Prop_Knife_04.prefab,f853095feb23774c3e40b4d3d82fc9e8ddfa9a2b64686061563ddb8ad6cfeb85,2848,
Pandazole_Ultimate_Pack/Pandazole Kitchen Food/Prefabs/Prop_Knife_04.prefab.meta,c745c13a3fb3350298fd063780bb4fffe3664f4e53eee043e79a90e92e1514d8,154,15433602e108aae4290663c9644a7298
Pandazole_Ultimate_Pack/Pandazole Kitchen Food/Prefabs/Prop_Knife_05.prefab,3d15ece24d3c668d5f4010782aab5739d380fb26d9f2e4aaba8443444982c088,2837,
Pandazole_Ultimate_Pack/Pandazole Kitchen Food/Prefabs/Prop_Knife_05.prefab.meta,c19c53d2f12db9d45355d6507e85d78d74f4c00325cf682ae5d49a759b522c4d,154,a92e359905d533942a54eae60b56a29a
Pandazole_Ultimate_Pack/Pandazole Kitchen Food/Prefabs/Prop_Knife_06.prefab,a53950e9bb0e5956080ba5d5f0552c6854a5be8dbff2756cb6376ea228aaf28b,2846,
Pandazole_Ultimate_Pack/Pandazole Kitchen Food/Prefabs/Prop_Knife_06.prefab.meta,2598d1439ec5babcaab7a1c2e6dfd4d75eb2b1bad9709bd8bf37e3cbe237ce82,154,7670415b948d3954ab1b1793fc9e17de
Pandazole_Ultimate_Pack/Pandazole Kitchen Food/Prefabs/Prop_Knife_07.prefab,579e0eb49d55c731dee810075d7f45302651030db807fc9fdae1d60957d526ca,2846,
Pandazole_Ultimate_Pack/Pandazole Kitchen Food/Prefabs/Prop_Knife_07.prefab.meta,2903d16c38f75df3efb4b4e3fd287c7308833c26e9c32cb78534579351593c4b,154,08844963d0bb49a4188fb3738d830cac
Pandazole_Ultimate_Pack/Pandazole Kitchen Food/Prefabs/Prop_MeasuringSpoon_01.prefab,470472912b4a790d265c088738d7bd6d3a4d8908a27f702b23d4ee33beca3652,2857,
Pandazole_Ultimate_Pack/Pandazole Kitchen Food/Prefabs/Prop_MeasuringSpoon_01.prefab.meta,7717a655a563101dac28380a022130d89cef9758c65c4d1861994851d63a7df7,154,ee8363b472f73244a956803cfc578cc1
Pandazole_Ultimate_Pack/Pandazole Kitchen Food/Prefabs/Prop_MeasuringSpoon_02.prefab,c951e296774e883145893207b09aebabebdffe2fa75bc3dbcfbab2c38657573b,2853,
Pandazole_Ultimate_Pack/Pandazole Kitchen Food/Prefabs/Prop_MeasuringSpoon_02.prefab.meta,f00697683a3d6494f0c7df14a0b86c9bb0dea1c6ff48c7ac2e324f355aac54d5,154,cb8dd5cd5d0df32438bf3ded83ddb6d7
Pandazole_Ultimate_Pack/Pandazole Kitchen Food/Prefabs/Prop_MeasuringSpoon_03.prefab,a8edc90243fe5285021de00d5c6ac21c657ed94bcc81207c9af7291e8a3c1160,2855,
Pandazole_Ultimate_Pack/Pandazole Kitchen Food/Prefabs/Prop_MeasuringSpoon_03.prefab.meta,582a714e1b1053eed303dbb920d4bc29ba39d305adb0c67f840c065727d2b561,154,bf4521e2e1c394948b4b65a6d3f8a3fd
Pandazole_Ultimate_Pack/Pandazole Kitchen Food/Prefabs/Prop_MeasuringSpoon_04.prefab,aa59bf1aa2cef00617ef0dc7247d1e007a3efda68426565aa194ebe6cebec1b9,2855,
Pandazole_Ultimate_Pack/Pandazole Kitchen Food/Prefabs/Prop_MeasuringSpoon_04.prefab.meta,fc0b63c91c51acd237c700176d17e97141a6d8699a824de7a781a2888b46f9b8,154,72f4cf3cbc4d0174986332bfeb5d801b
Pandazole_Ultimate_Pack/Pandazole Kitchen Food/Prefabs/Prop_Microwave_01.prefab,c7b1548389637d8adbc25880e24c833c7a6c081da539ab0d2e499329bdb81797,5243,
Pandazole_Ultimate_Pack/Pandazole Kitchen Food/Prefabs/Prop_Microwave_01.prefab.meta,57e4762ed8f8147d0d30ef868c50f527385be5524799c146180ce0e14118763e,154,313d0d112f5d6c844821d1dd1ba5b6ea
Pandazole_Ultimate_Pack/Pandazole Kitchen Food/Prefabs/Prop_MiniStove.prefab,b52d6d2b1b2773c9ab348600de3de94a6085658c2aba5572d315dffaf24098fe,2828,
Pandazole_Ultimate_Pack/Pandazole Kitchen Food/Prefabs/Prop_MiniStove.prefab.meta,13e3e2b32364c6d97fc510660f5e54aa5891be8610721d0640d01ec91fbda017,154,e8c1fa26d90768b4eae93c605ff352cf
Pandazole_Ultimate_Pack/Pandazole Kitchen Food/Prefabs/Prop_Oven_01.prefab,4b169f53d5de3548f3828a7fc55b78a6266a3fa612484f067e39d16c9187f871,7656,
Pandazole_Ultimate_Pack/Pandazole Kitchen Food/Prefabs/Prop_Oven_01.prefab.meta,1057ff31f0324c88fbb63ca9567b348d8b2774185511f9962596cb6ef046fc21,154,26963c43f9843f14a8567afb8520a54e
Pandazole_Ultimate_Pack/Pandazole Kitchen Food/Prefabs/Prop_Oven_02.prefab,beb0add851a378c46cc500e86c80a2080f29ca627f7619df039bc05ccd254031,5221,
Pandazole_Ultimate_Pack/Pandazole Kitchen Food/Prefabs/Prop_Oven_02.prefab.meta,83ac4d6a55efc6678e1879a9796bd26582e0024eb02dfe582c492e5f37fc3b76,154,aefe25543bc466e43862b879325dda2f
Pandazole_Ultimate_Pack/Pandazole Kitchen Food/Prefabs/Prop_Pan_01.prefab,108fa6741da048de216c06c8555ed462ce67711251eca8d3d76a9159f4f0e2f2,2846,
Pandazole_Ultimate_Pack/Pandazole Kitchen Food/Prefabs/Prop_Pan_01.prefab.meta,6f7fab7e89caa5c24cba1a8818132ff9af2446b39ffacce27d1cbf1d117d6e91,154,fd83c4156fa1b6c4a9f23c1fc1bbbff9
Pandazole_Ultimate_Pack/Pandazole Kitchen Food/Prefabs/Prop_Pan_02.prefab,90a77996a57abc620543729cce69ecd3cb230baf04adc5e0bbea95456eadd160,2844,
Pandazole_Ultimate_Pack/Pandazole Kitchen Food/Prefabs/Prop_Pan_02.prefab.meta,911a29925c43472cd279f3e11712b0e1b65fab887ca20e68ee3deb12da531b7c,154,6193058feee16f34aaa82c253523ec43
Pandazole_Ultimate_Pack/Pandazole Kitchen Food/Prefabs/Prop_Pan_03.prefab,96bcaf3f7522a6df810390f586926f77c115a32d39c70be15b8b394fafd7d5c7,2844,
Pandazole_Ultimate_Pack/Pandazole Kitchen Food/Prefabs/Prop_Pan_03.prefab.meta,ac2522d7dc6f6cb787343a21d1001f01951f32e903676523cd6a509c5e435619,154,11afbf2a0f84f974bb4b8ec4fa197bc3
Pandazole_Ultimate_Pack/Pandazole Kitchen Food/Prefabs/Prop_PizzaCutter.prefab,0b1248c102784031035a2dbc3092c3d406f12d4831215793c965c80e052c728a,2849,
Pandazole_Ultimate_Pack/Pandazole Kitchen Food/Prefabs/Prop_PizzaCutter.prefab.meta,259b4d561868d5f41377659290f134336a7b17904665e6d5ef896ed445fd2ff1,154,c82861219e3ad864f852f5e7dd7cfba7
Pandazole_Ultimate_Pack/Pandazole Kitchen Food/Prefabs/Prop_Plate_01.prefab,42b3c85ca3f2360bb9232a53ce94366646234d18a977f5e66d46aec0c02d3995,2846,
Pandazole_Ultimate_Pack/Pandazole Kitchen Food/Prefabs/Prop_Plate_01.prefab.meta,9276974d43983b03dc6d6f9e05a6a26370cb002a3e8200b145ab3ac240819f91,154,b6d9e26087c61114485b9b1554439ad8
Pandazole_Ultimate_Pack/Pandazole Kitchen Food/Prefabs/Prop_Plate_02.prefab,8c8473a7698b507e27cdf6a6e3242787e0cec092d24847e5d8f0d300a12dc688,2848,
Pandazole_Ultimate_Pack/Pandazole Kitchen Food/Prefabs/Prop_Plate_02.prefab.meta,bcc3534de5be6e789919c45efa42fef5572d9a072aa36082073f4f4def3af9b8,154,082815481f9809a49bc7e44fb142da32
Pandazole_Ultimate_Pack/Pandazole Kitchen Food/Prefabs/Prop_Plate_03.prefab,c90697c9cc4225143bb3b49de76c5d71e444deaef4914ebd86a79e56dc109ae9,2834,
Pandazole_Ultimate_Pack/Pandazole Kitchen Food/Prefabs/Prop_Plate_03.prefab.meta,7607b6274d55fb9d1f5c691d07ff1c334a261b20106e2f7380a6ef7a50ff32ba,154,26f217e91502c9b4c8ddc17d8728b261
Pandazole_Ultimate_Pack/Pandazole Kitchen Food/Prefabs/Prop_Pot_01.prefab,f224e315aa75d7e8999c237b424452b3807bc806c688f51770b20cce126178ba,5226,
Pandazole_Ultimate_Pack/Pandazole Kitchen Food/Prefabs/Prop_Pot_01.prefab.meta,7b8268b6910ae6e00fac86c2abe0d07e27f170bc8ae9ed937383a17edf4335a7,154,358a37faea3a19c45baf9bb397ec3863
Pandazole_Ultimate_Pack/Pandazole Kitchen Food/Prefabs/Prop_Pot_02.prefab,0ff296b2e2117bb37053f5aa9b19ef28d245502e09e629bac7a615e29c9f1a44,5226,
Pandazole_Ultimate_Pack/Pandazole Kitchen Food/Prefabs/Prop_Pot_02.prefab.meta,e80e9797bf1c14f10c12a1b0b07e6aa24b855f7b40119871c246f82b9b3840c1,154,24d4964b45022c64f8d29af3794516ab
Pandazole_Ultimate_Pack/Pandazole Kitchen Food/Prefabs/Prop_Pot_03.prefab,62d8d89df7174896eb0de69f45b3b4af42f44fb2414c0f4f46c410733320590f,5224,
Pandazole_Ultimate_Pack/Pandazole Kitchen Food/Prefabs/Prop_Pot_03.prefab.meta,09a0c97a7d19f7d1bf90d2de6201eb2cb00d3caa013c25b06188751543342682,154,cdbb65eaed9a2224cafb7d2a8e2d864f
Pandazole_Ultimate_Pack/Pandazole Kitchen Food/Prefabs/Prop_Pot_04.prefab,8495555878ade1e476f3314b1cda5a40849de8d3a24b949c1dc661bd13216cde,2844,
Pandazole_Ultimate_Pack/Pandazole Kitchen Food/Prefabs/Prop_Pot_04.prefab.meta,77ae7a4e313aaddb12ca02b4c11fe749f4dd7603c5373ff16cda760457540f14,154,772b12e3998be144eb54ea25ab1e1884
Pandazole_Ultimate_Pack/Pandazole Kitchen Food/Prefabs/Prop_Pot_05.prefab,716909e4d571a7f17841ee8c2877c42e20953cc24c74246dd8e6c851eacc077e,2846,
Pandazole_Ultimate_Pack/Pandazole Kitchen Food/Prefabs/Prop_Pot_05.prefab.meta,14a9dcf1925ded58a36a618a9f86337371eeb237f4e888bb2cccb588afe77b32,154,5845fca4d1cb7634199f5b98cba3efba
Pandazole_Ultimate_Pack/Pandazole Kitchen Food/Prefabs/Prop_Pot_06.prefab,92b612fe627d375f436cecec5aca2d4de526b47dee6379a02e668422394ca8ca,2844,
Pandazole_Ultimate_Pack/Pandazole Kitchen Food/Prefabs/Prop_Pot_06.prefab.meta,01315cfcc30acad909225aca650c491d97a1883a49ee13012057e0034c067bcf,154,45987550faabde540be54d643f693b7c
Pandazole_Ultimate_Pack/Pandazole Kitchen Food/Prefabs/Prop_RollingPin.prefab,295777adc40113df9ac52b68a8fb82382c1dcb1096e1c0578ff3b6f08aa52ea9,2846,
Pandazole_Ultimate_Pack/Pandazole Kitchen Food/Prefabs/Prop_RollingPin.prefab.meta,bf51f6af0399061456bbc2ded6530f0758902cb1d4809da8e42ba41fdf9c4518,154,0c8c6517647c0e845b6f85e127777a7e
Pandazole_Ultimate_Pack/Pandazole Kitchen Food/Prefabs/Prop_Sink_01.prefab,b00c70b8db348f2789c36ea741143e01c4d62de1965357459943dfe5055ef814,2829,
Pandazole_Ultimate_Pack/Pandazole Kitchen Food/Prefabs/Prop_Sink_01.prefab.meta,33a4be531c8839a35a7462bc7900268ba0f610cf76c8181a1135c66fe28b814d,154,2dd8446d5d47e76478a67a28ebf6f864
Pandazole_Ultimate_Pack/Pandazole Kitchen Food/Prefabs/Prop_Sink_02.prefab,850e61e0cb13e6f918e4b7833110c3080bd4b2b0a2373f71e189887cb47a738d,2839,
Pandazole_Ultimate_Pack/Pandazole Kitchen Food/Prefabs/Prop_Sink_02.prefab.meta,d463b8f443adb49558d1e84dca6eaa991056541761d26ded64cab2c5e3d2ef2b,154,75a81e859f47c0b488c478841c94ecc7
Pandazole_Ultimate_Pack/Pandazole Kitchen Food/Prefabs/Prop_Spatula_01.prefab,b5f8ac1c1716774b2fabb0456ce2879d39b313bd843646fd5a4b28ed1d168079,2846,
Pandazole_Ultimate_Pack/Pandazole Kitchen Food/Prefabs/Prop_Spatula_01.prefab.meta,4de6dcc78091b32b970684c49d11f9d0221e1d60f742a1711f8a429408dc4a33,154,70d5f57aec4385e4b8ebbbc679fb88ca
Pandazole_Ultimate_Pack/Pandazole Kitchen Food/Prefabs/Prop_Spatula_02.prefab,587f8ffddb1debde55638babfd2b1e36d33203f821536b1fc4bf8e37916fd1cb,2843,
Pandazole_Ultimate_Pack/Pandazole Kitchen Food/Prefabs/Prop_Spatula_02.prefab.meta,1e94902286044ce0c205619c4c7b7b9a8a201beb6bfce35e2ff032b47c361fdd,154,30c6c3fa34cd7844b8dcc7feaa58f177
Pandazole_Ultimate_Pack/Pandazole Kitchen Food/Prefabs/Prop_Spatula_03.prefab,b06a94e8bcc5a0df440e41ab80f632ec8bbdbefe4cfa97b6a2aea630fc547d74,2848,
Pandazole_Ultimate_Pack/Pandazole Kitchen Food/Prefabs/Prop_Spatula_03.prefab.meta,ababd28232efeed3e9baf9202c60a28cb35dc204d0c3a0d5bb9dc7b44973c9be,154,e0ff1364177dec04c8f18f680bf4013f
Pandazole_Ultimate_Pack/Pandazole Kitchen Food/Prefabs/Prop_Spatula_04.prefab,13696dd0345e0d5d35f20017a8b5988310202bbbcee36ef518e36f5f73dbb7a5,2850,
Pandazole_Ultimate_Pack/Pandazole Kitchen Food/Prefabs/Prop_Spatula_04.prefab.meta,0cdd9baee2a9dfe47e35c299afbe8b31274e13725f5fae273384a7d172a7318d,154,85caab21649df0f49b47c4ac39c6be0a
Pandazole_Ultimate_Pack/Pandazole Kitchen Food/Prefabs/Prop_Spatula_05.prefab,94fcb4397b7b39567f1655869c332d8a2fc89e876b057b3527589a5c90c2cda4,2846,
Pandazole_Ultimate_Pack/Pandazole Kitchen Food/Prefabs/Prop_Spatula_05.prefab.meta,f50295f46718ce16d29d7c48d5883206df58182373bc92ed771664904d80808d,154,214a397aa29892b47b3ad2707f988cb5
Pandazole_Ultimate_Pack/Pandazole Kitchen Food/Prefabs/Prop_Spatula_06.prefab,a257c7250b3bfb49f5eafc23529666da314ab8f2c9936947644b671ba9a4520e,2848,
Pandazole_Ultimate_Pack/Pandazole Kitchen Food/Prefabs/Prop_Spatula_06.prefab.meta,48221906f44ac3356df95b2442f8b9a9a1dff35873e420ad0267134ca0197961,154,08f647eaed404d54aa74457190d81aec
Pandazole_Ultimate_Pack/Pandazole Kitchen Food/Prefabs/Prop_Spatula_07.prefab,a3b5fc1c6234c4bf609e47f8c8740ddbb4bb749b162ff9ba5d296db60699c55b,2848,
Pandazole_Ultimate_Pack/Pandazole Kitchen Food/Prefabs/Prop_Spatula_07.prefab.meta,7b1991d1d6ec148bf2db97d32e811e74eaabc3c9407fdae5fadd06a7d79f3b7a,154,73cd97b0e6cf9844c8a1e749ad8b5e15
Pandazole_Ultimate_Pack/Pandazole Kitchen Food/Prefabs/Prop_Spatula_08.prefab,782efba33a44563ae763e28f6bc18671ac425e6973010572a478dfa4b10e030c,2848,
Pandazole_Ultimate_Pack/Pandazole Kitchen Food/Prefabs/Prop_Spatula_08.prefab.meta,feaac7fe198706cfd8811ad38e229927df1588366b0c5049213030e1c58782f6,154,5469bac6b8d5b6842a7184c4ba21cea9
Pandazole_Ultimate_Pack/Pandazole Kitchen Food/Prefabs/Prop_Spatula_09.prefab,4a0e23abfcdd64733054780aeded681f02d96c315db0e4710f5a40eed4a6b913,2843,
Pandazole_Ultimate_Pack/Pandazole Kitchen Food/Prefabs/Prop_Spatula_09.prefab.meta,c0a8fe2a2ccd35902d66bd9dcd4b1f67cc020a8d40cce5aaf5d0d105f097a8ec,154,4a024ab392bc85649a12a2a4c017e73d
Pandazole_Ultimate_Pack/Pandazole Kitchen Food/Prefabs/Prop_StorageCabinet_02.prefab,4ab3836e3661134946d8432c05b1f6581ada1ba12c013ce8bcef657b95415e9c,7674,
Pandazole_Ultimate_Pack/Pandazole Kitchen Food/Prefabs/Prop_StorageCabinet_02.prefab.meta,1ad5eb71427bf572827265f5f88f43f0d2d6e15c2b218b3d8d72ea5dd0570451,154,eb96fed80528b944f9220025e7cfec34
Pandazole_Ultimate_Pack/Pandazole Kitchen Food/Prefabs/Prop_StorageShelve.prefab,accdb7f5440c05994a027b7ec48f70fa15cf3186581e3fcea0770c82c645835b,2816,
Pandazole_Ultimate_Pack/Pandazole Kitchen Food/Prefabs/Prop_StorageShelve.prefab.meta,1a2913c7df9a62c37320f3d63ebd518ac8fe0f830d06d6f86b0485a99077c177,154,3a91f2e419e4058488ed8b7621e9abdc
Pandazole_Ultimate_Pack/Pandazole Kitchen Food/Prefabs/Prop_Stove.prefab,69d99169907229df02100517152079ac6b7fb98c33dee0855f23aa309ecf2090,17307,
Pandazole_Ultimate_Pack/Pandazole Kitchen Food/Prefabs/Prop_Stove.prefab.meta,a7c61ecd2a9f03b9d3e4470151fa0910a34cc1212d6e1b0af31820c12c6ad90c,154,65aeeaef3d6863a428686ba3b34e8c58
Pandazole_Ultimate_Pack/Pandazole Kitchen Food/Prefabs/Prop_Tray.prefab,862f35177baef214a7ab14c8788a052ca8959ab7aaba70cd33812b79b0be0210,2812,
Pandazole_Ultimate_Pack/Pandazole Kitchen Food/Prefabs/Prop_Tray.prefab.meta,47e8c1c665580aa71cc737716630ba921ea31e40f00f346a7640d0cc283096de,154,5266988b81c6ff44d833c591e20cd635
Pandazole_Ultimate_Pack/Pandazole Kitchen Food/Prefabs/Prop_TrayHolder.prefab,e19f4daa1a168daee8828d6017b9dbfc1a16e154b2bf2c6153dda7547cea8a7c,2834,
Pandazole_Ultimate_Pack/Pandazole Kitchen Food/Prefabs/Prop_TrayHolder.prefab.meta,cc0b9262a69dffeaa00028dda851635a8be3fdb3a39f74bf251a46c3419840d1,154,5af181918f5715d429e2f0e9a299ea6e
Pandazole_Ultimate_Pack/Pandazole Kitchen Food/Prefabs/Prop_WhipMixer.prefab,6e26ae64446a82cd1d0ec9f3dd644f758e18796f0bbb4c509c55fd965651ef4d,2842,
Pandazole_Ultimate_Pack/Pandazole Kitchen Food/Prefabs/Prop_WhipMixer.prefab.meta,f6d16a5716cfb37e4c23ed174765f8a3236ad3ec177ffa5997f504c48ef491e9,154,4f04852b3a3372d45b4247abcdfdfed6
Pandazole_Ultimate_Pack/Pandazole Kitchen Food/Scene.meta,264d445dbc63f370a9a982b389c3a024349a213de4176819dcc9fcf35bd5c855,172,8322f434c6ce2c6488e3b40f3e88af97
Pandazole_Ultimate_Pack/Pandazole Kitchen Food/Scene/Demo.unity,02e25732746d16932504c7101428312a6e7b9a3e1018bcfa085c06d1da117edc,10317,
Pandazole_Ultimate_Pack/Pandazole Kitchen Food/Scene/Demo.unity.meta,7e833d3da854fd745df43af06da1b3bd9724dae65a428ddaa096d6067cd6af6b,155,a7192b179594cbc45be24dc0034fa1a6
Pandazole_Ultimate_Pack/Pandazole Kitchen Food/Textures.meta,821aea9209bc2b853747776c449ae6b3e97e834fe2edf7ca6976631da2be43f1,172,4d4b414fe431d6f4dbcdd6d0df6f6b96
Pandazole_Ultimate_Pack/Pandazole Kitchen Food/Textures/PandaMat.png,de4338ec582f237a86ac5ba4917346281228ca03421164adf6b73a89d91c9f98,8965,
Pandazole_Ultimate_Pack/Pandazole Kitchen Food/Textures/PandaMat.png.meta,7f584f0e406032fbaf0beeacbccaa22753f3a3902d353bf390b4428151f8ca57,2786,44921bbf175be50469073789ac922d7a
Recolectables.meta,d4505eb9795cb49c5c6ed29ae4dd9a6c4c8f94d46198e4f42faa8532056727fc,172,1686ee2c036a8154e9a925cacc2c320c
Recolectables/Models.meta,2e0367679355ab7da8774f156bc5f591ab06c3a15fa58745684461f2de768c2d,172,a680be6b3506837409119577dac1a51e
Recolectables/Models/Meshy_AI_BioCorp_Accreditation_1005021709_texture.fbx,20662bf628edc9361837fc5bfce948baa4cbcc4e413ecb2c123a0daac2ccfc1b,8658828,
Recolectables/Models/Meshy_AI_BioCorp_Accreditation_1005021709_texture.fbx.meta,472002cedb27cf1467ddbcd00acda7e9d4e0e9d87b80e0e66ad729dbb54579ea,2830,ec24140359dd189479149c1222af3a10
Recolectables/Models/Meshy_AI_BioCorp_Café_Lab_Cup_1005002532_texture.fbx,76c0f9369ac59bcd20315d719a54275ea3d685be76919e8935ddeff55d71ac82,7756492,
Recolectables/Models/Meshy_AI_BioCorp_Café_Lab_Cup_1005002532_texture.fbx.meta,5e44c9b4c36039cb0edd5930e80df70935eed8bb392e310a30eba79476e78d28,2830,53d3a38f0334f6f438fb6500e816a742
Recolectables/Models/Meshy_AI_BioCorp_Scientific_Ac_1005023450_texture.fbx,28229de82a848fd0e2b5460fd3ae7826d695d51bfd3452f227325ff897fa800f,4831676,
Recolectables/Models/Meshy_AI_BioCorp_Scientific_Ac_1005023450_texture.fbx.meta,b66584290404461fd35b555143e7143ec9cee7f2a21b016f0677598414a0c7ff,2830,1345aa88f7cb706419cd3ad8edc0e419
Recolectables/Models/Meshy_AI_BioCorp_Scientific_Se_1005025709_texture.fbx,d79c865d2361116e38f8609dd80bf0153a4282fabf4a5a42e55ccd80a82f9624,5309004,
Recolectables/Models/Meshy_AI_BioCorp_Scientific_Se_1005025709_texture.fbx.meta,ac0a79a4354dde94a2d21c7e2fca9cb65580221320df498af83f26ab172c678e,2830,078d1ec999583d2408e01e8c12b68ae9
Recolectables/Models/Meshy_AI_Caesar_s_Last_Slice_1005020858_texture.fbx,62a7454e74621e01b33fef8fc6bb6673f4b631b176cd0dbadffa4ba61f1532a1,10620748,
Recolectables/Models/Meshy_AI_Caesar_s_Last_Slice_1005020858_texture.fbx.meta,850e7c30eed8e5993d11b6d8707a7996cf342a5e7b4921f08ce6fdf687d16cb3,2830,4d2c19537ed6a464bb8af1b9a23984c8
Recolectables/Models/Meshy_AI_Guepardex_Energy_Drin_1005021925_texture.fbx,7a01e1f9fefeaa1fe3e0933b608c914ec356fb7ace9e3fbf8ea05a477637b885,7010652,
Recolectables/Models/Meshy_AI_Guepardex_Energy_Drin_1005021925_texture.fbx.meta,7590f2b6ebcf741998c31092c4200ead68fa3962875c9bdeda38f173877836b6,2830,21057da4c495f7b4495bfd933f6e127f
Recolectables/Prefabs.meta,93873e763666115702525ed7472aa394920740bd4cc99329970ef506eba83c60,172,a552412d67901b44b9559ad530adf090
Recolectables/Prefabs/Meshy_AI_BioCorp_Café_Lab_Cup_1005002532_texture.prefab,6085cd58ff4d14115f94b0d206f309bc911281fd68a15c445c18de2e9ced9c38,3531,
Recolectables/Prefabs/Meshy_AI_BioCorp_Café_Lab_Cup_1005002532_texture.prefab.meta,2914720d347c261b099a570030fd6d31f4772fd25e8a9d0e408c1f76813ac066,154,fa475c9d7ad54644692303df1c73491f
Scenes.meta,63acf33dca6baaf9e240af2d5e3bd451d36a88fbf865a8c680fee3abc5a221b4,172,ef33afefbf7614d4ca732a3ad5f768b9
Scenes/SampleScene.unity,6ba4bb647064e63bae95badc79af95cb2b33589e0dbaa29dd6e382d43657f9c7,7322,
Scenes/SampleScene.unity.meta,aceab14f038dbd3a1778159772cd9e89d7d8188f9158f06c204a8912438d8c96,155,9fc0d4010bbf28b4594072e72b8655ab
TextMesh Pro.meta,7c32fd98d4d543dae0804b61151edd256322d41f95fe73d6735e2bc0a0fce58f,172,1a9cdd4a723796e4c9404c08b2048306
TextMesh Pro/Documentation.meta,07a8d45855ad4e331c57cd451654a5a454b001ef9677b725b856810b7d58b77b,172,8e7e8f5a82a3a134e91c54efd2274ea9
TextMesh Pro/Documentation/TextMesh Pro User Guide 2016.pdf,93d6d3ca8a7d8423b01faacd00fa3921fe055fb2187873653a925e4cc1af85c0,694398,
TextMesh Pro/Documentation/TextMesh Pro User Guide 2016.pdf.meta,942ef57b7129d587bdee03541cc260cf55af7564d9d2d582ea11eacd3de278ca,155,1b8d251f9af63b746bf2f7ffe00ebb9b
TextMesh Pro/Fonts.meta,6db7e9f88be9b7113d90790dc055d807d77259a007728290af67050f6cd8ad80,172,f10c41e9b0849e042920f818bb70b095
TextMesh Pro/Fonts/LiberationSans - OFL.txt,37f8552e9a874ec10710dc0ede6a9adf168e6609fbd02a507f35629373b85a48,4469,
TextMesh Pro/Fonts/LiberationSans - OFL.txt.meta,5dbec32c014c17d94674af5f1494d49b42ba00edd50397f895f088c868ccbf86,177,6e59c59b81ab47f9b6ec5781fa725d2c
TextMesh Pro/Fonts/LiberationSans.ttf,e5b0af421ea2bfbc1ac8d251d647268087ae82786234c57f757d1f0b90fa8b49,350200,
TextMesh Pro/Fonts/LiberationSans.ttf.meta,e2e35a015703584fb119355fa02631764d111c3e112d32519801d46bd697b596,414,e3265ab4bf004d28a9537516768c1c75
TextMesh Pro/Resources.meta,de520b9927d3fe35a0659777f8d5498c57b849030ab25843f15cfebc3ea4b9ed,172,d363349b9107a784ca246b4dfff87443
TextMesh Pro/Resources/Fonts & Materials.meta,102ac42fd6609bf251167a4ec78080a4865039b0c2b92f9e05347311fcb6e358,172,936d0d0eaf4a7804d90eba9b162d767f
TextMesh Pro/Resources/Fonts & Materials/LiberationSans SDF - Drop Shadow.mat,b6b65c34e4907dd3006c2217fc8a4cef81b6da24df0a3de8e2288199eb6c5a9d,2975,
TextMesh Pro/Resources/Fonts & Materials/LiberationSans SDF - Drop Shadow.mat.meta,ef2eee63b288d47823da38109e3e8c879f4717a82dc662ac2d5e2460dacde698,179,e73a58f6e2794ae7b1b7e50b7fb811b0
TextMesh Pro/Resources/Fonts & Materials/LiberationSans SDF - Fallback.asset,6f33cdcd6d203e175a012087a4209442c2b6811baeebce6c875bb8c8d7c64e51,9266,
TextMesh Pro/Resources/Fonts & Materials/LiberationSans SDF - Fallback.asset.meta,d6d86504040cf6e736767fda9bdef494afb06d5304384243e2dd703eba3a4a3d,179,2e498d1c8094910479dc3e1b768306a4
TextMesh Pro/Resources/Fonts & Materials/LiberationSans SDF - Outline.mat,25874340976d40e9f9e8abf731b7f32e5a478541dead9288140bd60c7a3287d9,2889,
TextMesh Pro/Resources/Fonts & Materials/LiberationSans SDF - Outline.mat.meta,a8cf0ee9888a163e892368b4660b9c62a7375e7f8afdb8ee02e5c91ca1cdb355,179,79459efec17a4d00a321bdcc27bbc385
TextMesh Pro/Resources/Fonts & Materials/LiberationSans SDF.asset,c3ff50e3133d989180b187748ffc67903f1fede099a5b85b4fcbd8cb6e8be958,2256862,
TextMesh Pro/Resources/Fonts & Materials/LiberationSans SDF.asset.meta,37233890984555987cb585551bc885069f2849a9b0d1c2191af073b9376aa10f,179,8f586378b4e144a9851e7b34d9b748ee
TextMesh Pro/Resources/LineBreaking Following Characters.txt,3a73e5ffe2510756dd3c2e982fdc1218b4be82c6e21abde88070d6860e1bc8e6,269,
TextMesh Pro/Resources/LineBreaking Following Characters.txt.meta,d5a86d8b7db6aa3ca6f4a63750eb94e0c42a64909b47d8c6c6f2565845534490,179,fade42e8bc714b018fac513c043d323b
TextMesh Pro/Resources/LineBreaking Leading Characters.txt,62d3f4d5f64aaf885692d2d13a8313f6918e6e4c5aeb3990a43f614652bfd89c,95,
TextMesh Pro/Resources/LineBreaking Leading Characters.txt.meta,6a925814d5e251a0ced6de210db2bacf2de29b4f0dc2991e85c908632e9565e4,179,d82c1b31c7e74239bff1220585707d2b
TextMesh Pro/Resources/Sprite Assets.meta,5605affac803b81f876f35577f075c9b7e5ea73cf812fdfcc74277bf0f40140e,191,512a49d95c0c4332bdd98131869c23c9
TextMesh Pro/Resources/Sprite Assets/EmojiOne.asset,155fff99f467baa93dd2d0886df466bd242cd5e3c8c60c9d43e9cdad269f7f54,13441,
TextMesh Pro/Resources/Sprite Assets/EmojiOne.asset.meta,097525b164260b0fb34b4e0c73b3187c693f4dfe2991f475b5b416dbf07dfbbc,179,c41005c129ba4d66911b75229fd70b45
TextMesh Pro/Resources/Style Sheets.meta,1fdf0423552f46284fb97894f36adcd34d32e595aaf5c7cf1ce38a2349faaf89,191,4aecb92fff08436c8303b10eab8da368
TextMesh Pro/Resources/Style Sheets/Default Style Sheet.asset,01222ac025a1f5b90f3f129eee7bfac7fb05223a1edd84aecf2171ec34b10708,4953,
TextMesh Pro/Resources/Style Sheets/Default Style Sheet.asset.meta,b832663ca09ec7af8c8e816fd91a718b2af6c21ab4f126fa818871ad53bce763,181,f952c082cb03451daed3ee968ac6c63e
TextMesh Pro/Resources/TMP Settings.asset,a699a043195b71622df343e8c353312cdfdc49c4b8c7043eb14584c34451991c,1683,
TextMesh Pro/Resources/TMP Settings.asset.meta,a65193b095ec3606789a3191751a837704cf52d4f461993ae7903024c6d43f45,179,3f5b5dff67a942289a9defa416b206f3
TextMesh Pro/Shaders.meta,9bfdaaf064b167e2e35e9a6d8f6c781e761285f063112ee963ccd5cdca7f5caf,172,a0d27fdb66a3c094f8ffe8f11a8d202b
TextMesh Pro/Shaders/TMP_Bitmap-Custom-Atlas.shader,f45e54dd8d92ae0702621bfc3aaaedac7f9c2509dcb84f721c11aa257171d523,3497,
TextMesh Pro/Shaders/TMP_Bitmap-Custom-Atlas.shader.meta,91be1d5618a7da33c878e20cf2be3e13b897d4976c70bde0cda7a67dbd502cd2,204,48bb5f55d8670e349b6e614913f9d910
TextMesh Pro/Shaders/TMP_Bitmap-Mobile.shader,86216818723945b88960d3958e744cf7a2433eb306f4f6bfba84f1f09320a25e,3549,
TextMesh Pro/Shaders/TMP_Bitmap-Mobile.shader.meta,7430f3e97ae1b46f34e1ca75508705bb7b944307c41dc568ea728011f327086d,204,1e3b057af24249748ff873be7fafee47
TextMesh Pro/Shaders/TMP_Bitmap.shader,05b182e4a8eefe246a83b8065a38f47524e9492128ea0c5a0f1bafc28cc59974,3499,
TextMesh Pro/Shaders/TMP_Bitmap.shader.meta,3d462e6f8ba57f45dc5e6000020db066c36ed5a1a24f74f749727812373c2325,204,128e987d567d4e2c824d754223b3f3b0
TextMesh Pro/Shaders/TMP_SDF Overlay.shader,5d014fd30168464ef417514fdc25d19b15ce5705dc352bc7f9703c95008f6dd0,10585,
TextMesh Pro/Shaders/TMP_SDF Overlay.shader.meta,fb8fc84b612e19c169cdf3596195b416e68d227a8987a0eaa90d8c137fb69797,204,dd89cf5b9246416f84610a006f916af7
TextMesh Pro/Shaders/TMP_SDF SSD.shader,699f0e1291b37a9103fcf5059f44eca257cc63f02728939046311b431e804039,12000,
TextMesh Pro/Shaders/TMP_SDF SSD.shader.meta,bea74d576f181a8bb04b8cf02eedd0136540325ecb2824928a3aa52c75adcb13,204,14eb328de4b8eb245bb7cea29e4ac00b
TextMesh Pro/Shaders/TMP_SDF-Mobile Masking.shader,c11c36263a42ec618251c21d1f9b5f2e9df5f0f21f10f82ab6b4388913f7aed7,7822,
TextMesh Pro/Shaders/TMP_SDF-Mobile Masking.shader.meta,3744d078f9a8b6d3c5d9bca51e43f9223544fcafaf9396e121f49ea84a0609d3,204,bc1ede39bf3643ee8e493720e4259791
TextMesh Pro/Shaders/TMP_SDF-Mobile Overlay.shader,b2f29604a41934625338b7d1e6bd37fe008366f98932ac49f026dec16fd465d0,7643,
TextMesh Pro/Shaders/TMP_SDF-Mobile Overlay.shader.meta,1eeca1536c7506f79d4d877b866a5fb88db8f402634e091b6d78aa9d21c9d18b,204,a02a7d8c237544f1962732b55a9aebf1
TextMesh Pro/Shaders/TMP_SDF-Mobile SSD.shader,598b92ea8c4d65802c9273bec594786b8ca896013afaf8f31e2c973518f293b1,3071,
TextMesh Pro/Shaders/TMP_SDF-Mobile SSD.shader.meta,e3412891b9306b017e60cba4ae4f6d258ee8b161d986dcde9cefb3d60345514d,204,c8d12adcee749c344b8117cf7c7eb912
TextMesh Pro/Shaders/TMP_SDF-Mobile.shader,970db4b1e73b8289c1dd56cff60877f426b49c9682620b2d14da6cd70b64cb9c,7674,
TextMesh Pro/Shaders/TMP_SDF-Mobile.shader.meta,f2112f50c72762d4e6731391495ea11f76975d677b698e9bcfdd38275ea18f9d,204,fe393ace9b354375a9cb14cdbbc28be4
TextMesh Pro/Shaders/TMP_SDF-Surface-Mobile.shader,79b6e02dbdf65168f2bd81e1a41966ab492bf473be8ba7abd659ab8876c781b1,3524,
TextMesh Pro/Shaders/TMP_SDF-Surface-Mobile.shader.meta,95aa060f371ee503a22c0a0b018e029c0328bd82b9317feaa784432b0a787343,204,85187c2149c549c5b33f0cdb02836b17
TextMesh Pro/Shaders/TMP_SDF-Surface.shader,a1ec7f5beb83b6c2f00570246f542cc3c9d12516e69b4a2c39d58675b5b76d15,4355,
TextMesh Pro/Shaders/TMP_SDF-Surface.shader.meta,42439f5ac7491998f562e8ede73d64c3512953eb99fb1b49e833f5d9999a7660,204,f7ada0af4f174f0694ca6a487b8f543d
TextMesh Pro/Shaders/TMP_SDF.shader,bbae422625f31bfa560ac5ce44c402fafd16dba55d496c6279ca985b652b58bf,10600,
TextMesh Pro/Shaders/TMP_SDF.shader.meta,0897fb06d170043fffa2d28783b347bbaee87a3f09f08374ca44b2c3848697d6,204,68e6db2ebdc24f95958faec2be5558d6
TextMesh Pro/Shaders/TMP_Sprite.shader,c5d35f56a73324cf1639a4b9b0650a7412230bacaa9b0fdd4ee34f437a9b3f31,2673,
TextMesh Pro/Shaders/TMP_Sprite.shader.meta,9609584c5249687f3765f0018a93dfd6445c7e35d5aee4e87556f111c8852819,204,cf81c85f95fe47e1a27f6ae460cf182c
TextMesh Pro/Shaders/TMPro.cginc,14edb7d7b88caf2b82cae68200abe895e5b5b3474c3fffbf0e9b4b09a4e2467e,2277,
TextMesh Pro/Shaders/TMPro.cginc.meta,277459ef190430ad8e4ceb2bb38a8895d11fbbe6c2b2672e818ff970cb59efed,204,407bc68d299748449bbf7f48ee690f8d
TextMesh Pro/Shaders/TMPro_Mobile.cginc,31aa22debdf974d1dc73e90b7feadf7f2e37ad60cf6f9f9e54a6adc71cd792b5,5311,
TextMesh Pro/Shaders/TMPro_Mobile.cginc.meta,2e16fa15ef884a60a402d8b696f8b09e5315cbb468ba223d256030c7fe2b0667,204,c334973cef89a9840b0b0c507e0377ab
TextMesh Pro/Shaders/TMPro_Properties.cginc,26c70831a9bdd6a56a37ec1e2358929453d66a064d10a61da49a1d4b05280e06,2843,
TextMesh Pro/Shaders/TMPro_Properties.cginc.meta,edace33591894d86d9a4144466fb3606e538d3341030fe22f908551755120ea5,204,3997e2241185407d80309a82f9148466
TextMesh Pro/Shaders/TMPro_Surface.cginc,434adb97dfcd9d5772fc11bb3a76f36af13614a664aca840ebcbf635e6e2df24,3563,
TextMesh Pro/Shaders/TMPro_Surface.cginc.meta,247746f3a4e39dd24d1ad99e4fae03ae8976586307948b2846529a876dcb0a63,204,d930090c0cd643c7b55f19a38538c162
TextMesh Pro/Sprites.meta,41e002b97ba2235689fba502d1ee4419f50ea0095cd3632cdc50bc90ca8a94de,172,d0603b6d5186471b96c778c3949c7ce2
TextMesh Pro/Sprites/EmojiOne Attribution.txt,095907d2631301d08dbff9388fc0c278904fd86e18ba76bb0d401a790ade8f83,187,
TextMesh Pro/Sprites/EmojiOne Attribution.txt.meta,9fffc8ac513116b8ac394d86d81ca9ac4ec52ee92c63c114d355808384ea16fc,158,381dcb09d5029d14897e55f98031fca5
TextMesh Pro/Sprites/EmojiOne.json,fa35c4a1b7cfc12e872bcba7d0d20702077a5478472b87d619b2c72bf5bb48d0,4122,
TextMesh Pro/Sprites/EmojiOne.json.meta,ac2c551b5bc7f7d636d54ded634dfc3493e249567283b2efc06d1299f9360061,177,8f05276190cf498a8153f6cbe761d4e6
TextMesh Pro/Sprites/EmojiOne.png,a87b965a701de3dc31d7401e542b1fc946587f912c51d7a26e46ade9f098bd1a,112319,
TextMesh Pro/Sprites/EmojiOne.png.meta,eb63c0321658b980b138ce5f675d44689b8c7144df43976931e132e7706d1e1a,9784,dffef66376be4fa480fb02b19edbe903
Texturas.meta,9c13f7261fbec16dbfa121ca4aeeb3e56f4921cb90c6c9e6e4775032508ae37e,172,82d10bc89384bee4fbeb7df29f6ca6fa
Texturas/Extra.meta,471704bd95d08adf648ec6417c45895cb8d9f63ec83222d74b95154ba81fec27,172,221e735e8150c1b4192b9d8a169444ab
Texturas/Extra/New Material 1.mat,4371487e48b482cc7d5a144d1786edd58eff29ab2fe25690b3b330f73e3ba0aa,2207,
Texturas/Extra/New Material 1.mat.meta,1e8e53b60ffc27a9d0178f523dceba984920051930f4aa0e550063d90c44f724,188,2e293cbe44700c54e9cdaf1a512866b7
Texturas/Extra/New Material 10.mat,4b540b716a1ae70d03bbd6f0d5f710ede2ffbb6be6c94d73703260c7d6b3a111,842,
Texturas/Extra/New Material 10.mat.meta,25e0fb88e86602762581fff30ac000b1581ebd10833f9a54c4ecb857895675ad,188,a31dbdbdc210e8d4da5efe86e338c901
Texturas/Extra/New Material 11.mat,97a59aec303eb45af4fa53c1cd526ff66bf4d1f46e925d8e4ecf4f47de907aee,2198,
Texturas/Extra/New Material 11.mat.meta,140143e318ff0dd36c1326b308e2d554a3afc149f5605d5d081944a4fc433472,188,1ece552cd61b080489d6cc8a12835dfe
Texturas/Extra/New Material 12.mat,cd0738fc53f39f7deb1bbff43eaa83864afa833e7b484a0da83cb1c188cbad2d,2189,
Texturas/Extra/New Material 12.mat.meta,cf581bb47903b32d245e8b21523bc593c8394658627d6fec086af67bc5210dd7,188,9fd877b1ecdf8f249a8b23f3195f7330
Texturas/Extra/New Material 13.mat,f5cb2cc96cbef7e5517dd341239b92322ddaf046398aa3a0bc694d7b315a30e6,2216,
Texturas/Extra/New Material 13.mat.meta,b35ba40c31a354dd4fa6c206e7c01c970181a42ad38fc00100956b9154d39c76,188,23b0fb6ce2275524ab88c55848fc5b2c
Texturas/Extra/New Material 14.mat,757746c7df6f937afe708f5eb2dc4daf00a7ccaf8aaa6014c6fb7958879edc33,2216,
Texturas/Extra/New Material 14.mat.meta,f009cda292f685705cec32911895281ddb93bbb57c20dffd6e8aee610d4ce413,188,ece038f17a3b56445b53bb307417cb03
Texturas/Extra/New Material 15.mat,1e302234781ee78ed55048d7f124334ef2a54ef0c69a166fdd7c037f2c0ffa0d,2221,
Texturas/Extra/New Material 15.mat.meta,6e68015bc024a5f301de6047e85bdea96dadb247caed83326f370eb37f0c6fcf,188,ac833a575c2124841b88151fa6e9f431
Texturas/Extra/New Material 16.mat,e9ef9deb7d54c8359fc6e8b3947769bd3db8f4c865275b1d2307d1e29dce50fb,2190,
Texturas/Extra/New Material 16.mat.meta,e711e469211587f323b3012568527ef0ce6e420922bba946c52d1b48a70a3120,188,8b2f18ee5b1ab8441b1d045b9627e09e
Texturas/Extra/New Material 17.mat,9b597d88997bd69a3fc2cb1dbc1a864245d35e21b41043de2ba2e05ac251a0b5,2206,
Texturas/Extra/New Material 17.mat.meta,5db291ba8c1df8af6c2a1306ac226d421d4087e12d498d6facd23f35950cf931,188,fb092d188edb4a5489f6c7bd0418c498
Texturas/Extra/New Material 18.mat,92f3c30d3e4157bcc13ef7f2429afaef7ae1d863318657d9d338dfdb2fd8feeb,2196,
Texturas/Extra/New Material 18.mat.meta,9388f9af9a9c34f0c37f6c2ecc6fb789a30c3105df0f030f13ef242d11924863,188,0e38821ab99914d48a2ade1b5298eb12
Texturas/Extra/New Material 19.mat,69f94b1808e988f1c90102f9bb7204e3d7867e2b8358e6d4f97d27d3f72953ba,2198,
Texturas/Extra/New Material 19.mat.meta,92732150789482d4b9f6995d4e50aa891ecd4d8cf3902bb7292f43fc18228a84,188,8a6bb6e1c613d3c43be890cd11c0cfc7
Texturas/Extra/New Material 2.mat,b94b981411c38f6d2a1f59228c536923731cdb8d90db62da0f2c619c3380934d,2214,
Texturas/Extra/New Material 2.mat.meta,a294bc3c8a53cdb86814d3e91198f2e75edd18f0055fbded170c3f500ba7c488,188,85cf863cb56de9d4aa8a212a749fa7df
Texturas/Extra/New Material 20.mat,e9353910bf3d1be1104791db955b41a8357b00b9a12de4f1b731e978f843afae,2217,
Texturas/Extra/New Material 20.mat.meta,3bbe3e31612757e3b9be78b22df60b2fefb3540b5e6342ddc85946e9545d5d38,188,62a252a93c99c7e45b4cb573c13c26c4
Texturas/Extra/New Material 21.mat,b0fd508fc51a2a9b0afce1d6e990c37a9d2eedfe9121fdea1d6a56fe4a3a38cf,2216,
Texturas/Extra/New Material 21.mat.meta,8bfa88c21fc9a133c7faaaa293a3719cefc51b1eed1cd8cc28b1a2bc5db3ecfc,188,9f87161c119311c48971abecfef7b15c
Texturas/Extra/New Material 22.mat,123838752d622e50c5b955cfc1f6b62414ae5e275e242c7a7f5959c27a1914f0,2204,
Texturas/Extra/New Material 22.mat.meta,6eec0acdae666e8949563f19269eefeea81f5e244fa157f567ef405a8ac1b4df,188,2cd12a7b484794f42b2493a0fefad387
Texturas/Extra/New Material 23.mat,53b7f063004cda59bf60091f6c8edcbcc3599435c60118cdf7f243c64ac27ec9,2216,
Texturas/Extra/New Material 23.mat.meta,dcedf86c719b446b4db2eb755e07bf0f27b518d82c8647b9ba2d4554fc584b1f,188,436d2f015e09c414294fea3603cbd2ac
Texturas/Extra/New Material 24.mat,2572574d5aeb9da4efbb3d84daca8690eaf8b110f43abe007713ba2604cb5b13,2215,
Texturas/Extra/New Material 24.mat.meta,d3c37f064797dadb1d0d4e68943b54041015f2fec1c24fc89c1bf1286d51ab35,188,b342f31420859424ca72fb394eb4facc
Texturas/Extra/New Material 25.mat,efb8d6583b265c8d1b7b9e216cc868f7451dcfc7449c79023c18a474b9946881,2206,
Texturas/Extra/New Material 25.mat.meta,5c9901050dc2868ad4223ab4e50d189779f33ffa5861437dbf663fe6a9b73236,188,72b7d133ddec9c442aabc79f9119962b
Texturas/Extra/New Material 26.mat,6952083a66788677f2e3cfc1a7d4a5cdcf0de7d026dce8865a7463a4c4b8816a,2216,
Texturas/Extra/New Material 26.mat.meta,f3c05d520e30d18114fe6b92392495ccdb62cc2d3f6840d3082451e2d53690f2,188,d0e157180c3227441bdb9ce7d15bff8d
Texturas/Extra/New Material 27.mat,7a502be782a68f72953847ec37b5419eb7cae6f959b83441044c92a7a8959c15,2198,
Texturas/Extra/New Material 27.mat.meta,12d16da8f0ce2f2190bb3ddc60e36c0fd80858d46655df9b7b2fd5ed73e199a9,188,480b117455d26b643a685aa395440c70
Texturas/Extra/New Material 28.mat,c4eea4af83c4348914d21776e91c85939d41a6761367dee7cfb3c19da8a1cf6d,2198,
Texturas/Extra/New Material 28.mat.meta,6120ff30a64a501d8359320155e6aced86722dea31bc114cd7a7eedfca69d2f5,188,0214148710d08184aa450927887e76d2
Texturas/Extra/New Material 29.mat,2717dc58f7dbaaf9005d46501e952fac55adde0ad56ebc22b6b02f8af2ed540c,2207,
Texturas/Extra/New Material 29.mat.meta,50ef09a824670240c2db86afdd8bb6b7c93f6ab0dfee984363b109c2eef6b2f9,188,3e788565b10638d43b20dcb21f026925
Texturas/Extra/New Material 3.mat,f71e744da760c8f4de02c6d363c16f43ee71796420a3d21496cbe350e81b8faa,842,
Texturas/Extra/New Material 3.mat.meta,69119a40c2826e4312b8378d5b6d411d3ba8ceca6f7117fefc170e927b6e6e03,188,e8409c990ce1cc44996e73d1b4239736
Texturas/Extra/New Material 30.mat,0bdd51f702c9587c821e37ea298adde8224295c919f477a63878b906bdc32b6c,2195,
Texturas/Extra/New Material 30.mat.meta,3abe5de4ae56914ab9b7580606aa7b27bd588e0353fff9189c09534d20b4f529,188,38c4ee6d714377f4eacf696b89d27eed
Texturas/Extra/New Material 31.mat,1dc7912e2e7af4d7580dee918ecbba615e73de86d7d02bfdb629dacbb9fd5835,2213,
Texturas/Extra/New Material 31.mat.meta,df57d8eaa3ac50ed965d639f735e0ec79d3f57234a3b30f5b4f415772ca74665,188,7efe7884790ad544da71c023be362c47
Texturas/Extra/New Material 32.mat,01f435a9f34d66a14908093dbc5c630bc7edd31c781e5728d1563c51ac200389,2206,
Texturas/Extra/New Material 32.mat.meta,fcac06656c8aa1566f6f8396e60001af943f1307fac515be7c444e181b643dc8,188,4e40a4acbbf1be84e96a5d98d5ad7f18
Texturas/Extra/New Material 4.mat,06ad0a1fbc4d25c8ca4c9f77e101a15bca5d9a123658c4ee88a2100205aefe45,2215,
Texturas/Extra/New Material 4.mat.meta,aa493937c6f9cdcc1382ab2509ca8f04b221f1c86785d47a3d2201e696c68efe,188,68ae7e5a43a90d1488cc9d3f2cd38f8a
Texturas/Extra/New Material 5.mat,25854d0ff98d32dc03e74f77f656996503d071ddde63af3ce9c8ac4ba177168b,2188,
Texturas/Extra/New Material 5.mat.meta,3b21b9e1d48217b2fc57eca32aa295f22c7d2620cc443b252849f142a77844b1,188,efa0b0da9fc192e419f79243b03994a3
Texturas/Extra/New Material 6.mat,15bd062e98e7f41bb1fe4c603ebab17d8e2d3773210ac5e197d17dc38c3b77a5,2212,
Texturas/Extra/New Material 6.mat.meta,1c01d4fb5ac1a9d49a3f9eff7cb803c6a036ae296cb36615d2e3d8fc03405fbf,188,2c237735661f43d4782a8caf2d6b58e6
Texturas/Extra/New Material 7.mat,8d7e67886007f8b1a54eccb92cab3a4c0eee8f6d2ff7367482f006b56a05fab7,2217,
Texturas/Extra/New Material 7.mat.meta,cafa7e483190539a6f4f977f14d33d7c45613750372827d8acabc8ef2326db76,188,01af6e7e9cebcef4a9c031913ebe8225
Texturas/Extra/New Material 8.mat,4fb5e2e3bdffd2c3840607c91d1cf98756e4a7dd90d4acd9820048b013ac5472,2215,
Texturas/Extra/New Material 8.mat.meta,742494e27e97bd22c584fb92cd7ef908cb992e355744749d1aa69197fe955e0b,188,db1c855fd7ecc544b9af3ca51bcacbcb
Texturas/Extra/New Material 9.mat,3542189585d177c3d877d1c96ccb65c86be2e096b4bd09fe91bb39566c508600,2188,
Texturas/Extra/New Material 9.mat.meta,c101dc4d38252335c0480166753ec5c308a251c50bb509c8f82bbf1bf6900e64,188,70b95a4657ae6e54ea9c180fde2e8e61
Texturas/Extra/New Material.mat,b4152641c42af93dab9ffd79e94f91f66c2299e31c12e41eaaa0fac53fc322f0,2204,
Texturas/Extra/New Material.mat.meta,321247337bca56d60da76ccaf5b136d0e149054ecb3171609c9e5e63b9959443,188,9117d70ca61e91844ab6291c67f99f3f
Texturas/MaterialesReales.meta,d06fa075c219e3587887b87fad376b19c3bbd915e3041f8cce40dbde05d37208,172,01b496bbab272a045af3bb4476ef0ba1
Texturas/MaterialesReales/Binario.mat,34713961d2549afb00339b9015304e3633ee6d86682828c6d114bbb7cac9b24d,2240,
Texturas/MaterialesReales/Binario.mat.meta,62642264c1d6e2f95641a5f9630a9cc80d3008648b32c2787f66efc4f6c38a81,188,abfb845574cb44a4f953eb43bae1aafd
Texturas/MaterialesReales/BinarioTapete.jpg,e0b3383a813813c3dbaa7a01bae9182ccb5e734e3539a812ba1b566d2084ccfc,143043,
Texturas/MaterialesReales/BinarioTapete.jpg.meta,25da1506c2637c951e6784d65eeb5f9d2e8b3a1b349653249b473eac94147a83,2591,3f10b6260e587d94bbc40a771de57872
Texturas/MaterialesReales/Cine.mat,1f9e2c3a13cb11c7e541060d8d909bed22b7c0d1b4401fffdad659b2e69106eb,2235,
Texturas/MaterialesReales/Cine.mat.meta,3c81c2304da69c3ba4bc565623527dcf1960f3ac6780ec734322184eaad0fe21,188,ba24291d81405714a9562b12218dde30
Texturas/MaterialesReales/CinePatron.jpg,18375e4d0d44cdf352a53cfda329e73903a5ff0c5df5921671b38de2fc1bf6bc,284023,
Texturas/MaterialesReales/CinePatron.jpg.meta,79270b63ac604e75358978eafd9b1009cda0c94f8c51064b1fbb6098349c7b8f,2591,1fa3936bda1f0484eb60d70ebe6ef493
Texturas/MaterialesReales/CojinRojo.jpg,92525d10bfb09cf541845cbdc443b976d6cb8b8be6af9acfda81cf218d5cb800,9248,
Texturas/MaterialesReales/CojinRojo.jpg.meta,b909041129a89d75d2e5c66eeb4875f299485da41ac79736645e374e2968f57e,2591,e3c8f8abcd56ba8418e6a07c005aa1ac
Texturas/MaterialesReales/CojinRojo.mat,3191460b02e8e3b23d168b9823d84ebd9732155decf75c1eb51e23703c5aa011,2238,
Texturas/MaterialesReales/CojinRojo.mat.meta,c33b4328235c40c2730c039e023099f2392327fe10da5389d3a8bbdcf9cf90f1,188,8e6f98fdce14dda459f5522323a7fbcb
Texturas/MaterialesReales/Concreto.jpg,250f468ae07f8d0b61b17b0955abe0caf575235d0a02fc2aec4926632c942a1e,56261,
Texturas/MaterialesReales/Concreto.jpg.meta,6aa28612089473224c5a1b2e7a333d68db546d423784fae19cee6b29584615df,2591,19e51ee900aee3e4f9ed5dcc937c6b73
Texturas/MaterialesReales/Concreto.mat,0d58bdef5c606a664092e349388ca4d4a823d8f7d1c15fc0e18f9c27811fd4cf,2237,
Texturas/MaterialesReales/Concreto.mat.meta,b3f913b793311cf9b7a33d93382f4ace05782a1d8fd94347773ff9d329fd89f6,188,e8974564a9dce1146a8669c835c8a6a1
Texturas/MaterialesReales/Madera.mat,889c73ade0c96ed36698d263ee14f714fc183d93c4320227d47aecffb720e471,2235,
Texturas/MaterialesReales/Madera.mat.meta,e0983a0e073a7d4babe92ca21c7d44f8dc5016ec2f84288fe613ee09335d35b1,188,93fa5ebbd98e8744ca89511e7447f4f1
Texturas/MaterialesReales/MaderaClara.jpg,37860d600152955c040ee69cdaacc67a5e4c77b4ae456746ac54b53b5d3f6d9f,39343,
Texturas/MaterialesReales/MaderaClara.jpg.meta,21bd5abce7b86e5ebb7784e0773f1d74b4c40fb0759d4b48794df97119ce47c1,2591,86118706fff50e44e90b62403ae40e4b
Texturas/MaterialesReales/MaderaClara.mat,22a37587c8fd48cf11f24ce35a479b80011b8199120fb80a51eeb104dee789bd,2240,
Texturas/MaterialesReales/MaderaClara.mat.meta,bc9a2942f0d027b6b0da97960f9045ef398a469e219f1da04ac827635dfe282d,188,5498ea5bc7742374e8040a0a8ca7fc97
Texturas/MaterialesReales/Marmol niitido.mat,a4ab42244f67ce93ec82bc3652e41bec961808ebb14ba2f00f5a5639d9540218,2241,
Texturas/MaterialesReales/Marmol niitido.mat.meta,9166d35b4622ea6091f3a2e2b65f2d7e94f21c65ec7ed458c1d83ec48a56c195,188,4b283837c18859b4f803adeda515f1bc
Texturas/MaterialesReales/Marmol.mat,9217bb9c349c4c07c99508ec6462d712ac19120cab202423ddabacf2a537a405,2235,
Texturas/MaterialesReales/Marmol.mat.meta,52720e8063a079159cb7732e8479e9c6a005ce5b80928c9a3aebb19ff11eab25,188,dc703d5199d183b4681a5b9307145db2
Texturas/MaterialesReales/Marmol2.jpg,a3df314706643bfa63fd450dbc1e13ec6e7961b4fce214c35cf29e7f7c6afd20,104583,
Texturas/MaterialesReales/Marmol2.jpg.meta,6a610cd26dff5b3170905c751fd474bf3bf9ad49e40d64c7526f2bc73c90830b,2591,2f1b5cdf67a9aff4e8daa2a10581c046
Texturas/MaterialesReales/MarmolParedesCurvas.mat,f9f365c02e29d8514f31d269953d716f9046367ab31f8b573e46018c246c8897,2248,
Texturas/MaterialesReales/MarmolParedesCurvas.mat.meta,4bc76d8b23459a3addeba4d772a253126e2a0ab8ec3bde479af24809ba46ec49,188,469cfbaa9b23a574f9bf555f6bf62505
Texturas/MaterialesReales/Materials.meta,7896c6027de7bed49a6edaf05dacf5744fcbb576c92b5f83fdfbbce69736a228,172,0d4261f842f204644b76c07be49ae6fa
Texturas/MaterialesReales/Materials/TapeteGris.mat,25b911e0acd13a388c74027bb12de6e355968302ea4ff6b0d3e81959a87e608a,2239,
Texturas/MaterialesReales/Materials/TapeteGris.mat.meta,30714efde08fbf7c75591f0503b332a16b914913f65ccd856af1a0ad3189b32b,188,7e32cbb2066041848910a72fe0820ca8
Texturas/MaterialesReales/Metal.jpg,a25dd7e4223d92812481ae02b521a13ae01eb19e9ff0235cc79f1a1777194308,8474,
Texturas/MaterialesReales/Metal.jpg.meta,ca250560b63f956728ea686839137c3fbbc313a513bde458ebb2695e740b616f,2591,bb957f0ab82c17349b9dcde58c572800
Texturas/MaterialesReales/Metal.mat,ef4f8228aa8e9192c68de1bf34a499eba248192cbc7ba9c4d338912255774c5c,2234,
Texturas/MaterialesReales/Metal.mat.meta,be8b02c39c5e8dba747470545bad4d250250e4acd9990e23662e3afab26e578e,188,4616c86ba1e0e8543b78a717a2c37d0b
Texturas/MaterialesReales/Oro.jpg,f600e7ba2903f084bd0e6c7ce74a20f03a0e968a2ce780358a30afce717d984f,19777,
Texturas/MaterialesReales/Oro.jpg.meta,1d3ca379cebd8fbc1dbcd8d55d28674083caf0f16eac4706744dd4353a2b1efc,2591,e1038327936b01847b5fbcae5ef9ea67
Texturas/MaterialesReales/Oro.mat,b4c8659180ac988542c0e28a8dd0ba494a8d81b9f76b5bc79ad0932a3b446c90,2232,
Texturas/MaterialesReales/Oro.mat.meta,86c872869375575c32ae126ca65c5ed396cf6c0db6567cff1ee2676b022198ea,188,87767f586d8825944bd200b5d17534a0
Texturas/MaterialesReales/ParedBaño.jpg,e0305f3e1a6d26bf1de3b19eb3c1d46b799dbe7d2ff9b39b590b73ef8cf7b38f,31464,
Texturas/MaterialesReales/ParedBaño.jpg.meta,7e367d0cf7db87aa03b7cb15ee51f9aa40fb20ff167b1bc7b0560fc1c912dc95,2591,dbdadf08f329f6347a90204ee3c2949e
Texturas/MaterialesReales/ParedBaño.mat,8944e8c8582bc8e9a6e6b4e66e2bc42c11dffb89efa1af4b30aef4f8c9cd0a82,2245,
Texturas/MaterialesReales/ParedBaño.mat.meta,f3f12e3d4686ae68a96e86bbdb54cb0512f16670c7b93cac062b5ee1ae3ba77e,188,58e4e0c6cabcf094383d899ca99adb43
Texturas/MaterialesReales/ParedCafetería.jpg,043d3df6cab2bbcdd2f64316faf93aacc9198d7e4fcaf169e9a7f07bced24b5c,1088866,
Texturas/MaterialesReales/ParedCafetería.jpg.meta,d7d214e0328798bb7579c462d77c814c3142fcfdea3e78af29f4306d417118e3,1862,a120979c78170ab449fe4780c50339f6
Texturas/MaterialesReales/ParedCafetería.mat,38a4bc6aca03a5244699e77bc7d6212fc47bbbea1de99bb497f2fdbb1544184b,2248,
Texturas/MaterialesReales/ParedCafetería.mat.meta,4264d0d320f6200637610c4fc8da88f1b0d7c24baa64bd93d69a4109de28a9c6,188,8b6d2b3fe1a96524789e628ae3a236e5
Texturas/MaterialesReales/ParedMadera.jpg,a448d14d4314f78ae5a31acd8e0bcfb588519d1646815dfe7bf12b03224ea0e9,249693,
Texturas/MaterialesReales/ParedMadera.jpg.meta,6febe4b64f09fbfeea84613eeea218ac8391319c85d29bcdb8837763b0a9e2ee,2591,41a579bb688635d408a7292a0f31b349
Texturas/MaterialesReales/ParedMadera.mat,1796f10caa406ca32898214adca1846a41f0dc55a22ec41a36aae8263d8ec8b4,2240,
Texturas/MaterialesReales/ParedMadera.mat.meta,bcc46d9cfbce65cf18ad0ab0f42322230f10298ae7279accf1f5a51cb0f5198d,188,9972c5705d6587b4689b0549e8551e72
Texturas/MaterialesReales/ParedMarmol.jpg,5a08626ffa24a945188ebe08bd4dcee89202e7fc4f6602b39bad284335d290f3,5364,
Texturas/MaterialesReales/ParedMarmol.jpg.meta,0f489ffcd07886bb5b1ce6ec4484d665d9b31b113ecf79374d45dfe8456f0206,2591,8c363e7eb67ba8f4986f3678c8ff0da5
Texturas/MaterialesReales/ParedOficinaAzulOscuro.jpg,01a190845b05c0d7e420e97534859b9f3ef8716407024afaf96ea14e40af43d5,25511,
Texturas/MaterialesReales/ParedOficinaAzulOscuro.jpg.meta,e2330d728f5e408fbb75fc6efcd27b310cc451f11232af41dd923b08d1e91492,2591,fadeb707d989b0f4bb9180d7f3956178
Texturas/MaterialesReales/ParedOficinas.mat,80b463f7f387bf7d2a19f0d9578963e087fe5e972c08219473ae3aadb4a080ff,2242,
Texturas/MaterialesReales/ParedOficinas.mat.meta,5940138cf8705faa33e8ead1a06f49b1a2e081c71ad9a5958b3f3691e5756bee,188,6190af3cd9832a4468502f9c55f650f1
Texturas/MaterialesReales/Peli 1.mat,6fe4a99a68dc4f76e789fd75a94a6d8fca989be2e9eb8ea3ed56a84271142aab,2235,
Texturas/MaterialesReales/Peli 1.mat.meta,3b7c0c86c4b9d1691cfa5fe0c10a7fd1e72ba999c1ddd8c040ce045d4ccc2cd8,188,724360b63ec977a41aa280a28a9ad1a6
Texturas/MaterialesReales/Peli 2.mat,de567175f867261f0140e9f4f1dccf46c81403a5f064dd8b90f6a2d704e90436,2235,
Texturas/MaterialesReales/Peli 2.mat.meta,72e03fbc8d02ea83398635be0eec46a3f19a952d81883c5cb4fa9e6c7b749183,188,2c7545084338c974180e535339c59955
Texturas/MaterialesReales/Peli 3.mat,45172f51d52aa91030bd1dfc5948556937183f0c571c9f60fee39c75cdd6c4ec,2235,
Texturas/MaterialesReales/Peli 3.mat.meta,43e2defb8e303cda0e5611f695b818cc0d0577b7719bc5b4dd6bf3e112ef896e,188,bc709ae87ddbc7b43b2d170b62b67a1e
Texturas/MaterialesReales/Peli1.png,46a5a885c291e7459a84522da0fe08e415f23a0d9b661b9546ae0f016c2e8c67,1631610,
Texturas/MaterialesReales/Peli1.png.meta,45936e74d1bc5fad7cc5353572b9bda86acd43daedd9eb504d2fdedb17a0a499,2591,94979dfc14beb2a4faeaad6671df6dbf
Texturas/MaterialesReales/Peli2.png,d2a632cf95b162581d0315cefe9b763944ec8e3e5124a69d7f4c9ec63a08912b,2182883,
Texturas/MaterialesReales/Peli2.png.meta,4b02c9a8852a273ec33f06ab33a05b4d610510bf087c317688a3df17f4f140d4,2591,0d7b77340c59ec54e98f9b6abeb8660b
Texturas/MaterialesReales/Peli3.png,158b699a0a353b07c8f90a68c9cf08870fa31e35f7e5bd1a841e08dab5e013a0,2023793,
Texturas/MaterialesReales/Peli3.png.meta,e37d28fa95a507af6e6708adedd94d04b16906db90c610a440943f77a1c76e1e,2591,e4a396dfbd26b214fb00f99e4ca3b629
Texturas/MaterialesReales/Peli4.mat,41cb3a0bddf273ebb78a8f8e3b55cade52749b42515b7c4c2babaaa19a173a79,2234,
Texturas/MaterialesReales/Peli4.mat.meta,0594f939557f3e424320f1d4d102b2e5235da8ced84e90247c65e6c2ec56c59c,188,a2af3eb3006c1f64fb267d489a26407b
Texturas/MaterialesReales/Peli4.png,69779defe5ee67ee43bc183e569d8a455fedce26da92566c8b8af82067ee2a02,2514186,
Texturas/MaterialesReales/Peli4.png.meta,dfc1468f3b28f5e76fb2420438e9d77a456fa365b2f9bd0cd50bdad651237266,2591,5dfdd31dbc03d0c4c96565b819ff9a91
Texturas/MaterialesReales/PisoGeneral.mat,8c7ed1ebf56afc08e7fc520022dabf774653a4703445b0ad2f720ecae3592e07,2244,
Texturas/MaterialesReales/PisoGeneral.mat.meta,751fd569d0e8a7f72f73e0e983736ed0e2895dc15a2bcfa4238335fa8f48e6e6,188,8ff3b421a1db4b84aae77abafa11e7d4
Texturas/MaterialesReales/PisoMarmol.jpg,c8950b6998e8b572c67b13366b23d91e9902a92b5f3c2ed237c7a462abbbaf6a,170102,
Texturas/MaterialesReales/PisoMarmol.jpg.meta,bf4d7242033d926073eab5a508ded207ea3c6e4441ad33802bead6e19f57f88c,2591,c794f3ffdfd617446bffa799a884e341
Texturas/MaterialesReales/PisoMetal.jpg,67d50f99f22741c2ab0938cb2c92af951f39f1780fe228d3a7994487ed8501e1,51503,
Texturas/MaterialesReales/PisoMetal.jpg.meta,cc9fa1819c2635a171551cfa1a7b1143098b382f4656dd1ef35aef1f273ffb8f,2591,996fdd62cac38e249943903a3045d564
Texturas/MaterialesReales/Porcelana.jpg,4069be72d8d985d68e622cb5a10116a4362781b52b41dadf657107cdca10339f,16748,
Texturas/MaterialesReales/Porcelana.jpg.meta,debf025b84af49e95ffa786831a1af6cfa2e7dcc5f4fece28027c306ed09c2c9,2591,ab2b3399724dcc345881fd3a1887c826
Texturas/MaterialesReales/Porcelana.mat,ff33bd8d20bb059575b082be67a27fef7563d07dbeb02775cbee88653a74f2db,2238,
Texturas/MaterialesReales/Porcelana.mat.meta,d0ea6eb2fad8c95ccd13374cd7771f9bf4a7b06821314c24b5e2af818854f011,188,f70cbb8a3ab406e439aef141528bf9b4
Texturas/MaterialesReales/Ropa.jpg,cbf4b4d09b74c6299228cecbb1108fa9f7c7e33d9987b85170ad32212f38c813,126949,
Texturas/MaterialesReales/Ropa.jpg.meta,f51dc6e78d06d96a91ddc59e293f8a9abf8fa2a55e0b6cb7ff05c8525192da51,2591,81a5b66f9e1b7e444a99e5039d2be994
Texturas/MaterialesReales/Ropa.mat,b5ee0419e1732f5b6a6e9e43a824c8dd2c9054febd147c2564f09d9a4b19d147,2235,
Texturas/MaterialesReales/Ropa.mat.meta,98b38a1dc81cec7d08a8ff528c134f13b642ff5160701522760a05445d623a2d,188,7a67a1658ffd52b468ce96fce2f23453
Texturas/MaterialesReales/Ropa.webp,64b78b48df118be72883c7552992303b7b3e546ad4bf338893680a87b18f9ca2,42694,
Texturas/MaterialesReales/Ropa.webp.meta,1c7461eb3c87895379191b7919793800fc7cb60040aa011473e1037f760d3f8d,155,8f4ecaf54f8e1af47a2c8fc5e81483cc
Texturas/MaterialesReales/Tapete.mat,14210212568f6d3d42a129621aeeb86f6956451881a84fa116948a9ebb1f516c,2235,
Texturas/MaterialesReales/Tapete.mat.meta,a6863813e5794c477e034a416a65d7ae615f2c99951429a1b580286c35c1c9d5,188,bb4519c3f9a4f784d988350e7624816f
Texturas/MaterialesReales/TapeteGris.jpg,296cfde33202f85de33ff558a73aa15266bcfb8b9ed47f5db366ceadfbfbcc74,59892,
Texturas/MaterialesReales/TapeteGris.jpg.meta,26bf430ebb8ed761dfe923d64f09058a81c9515ed356e9b9c5bbddd62dfab300,2591,33f5bbea965827548b43228ad80440b7
Texturas/MaterialesReales/TapeteRojo.jpg,ec5759e4b1870f75e8a1897ec73ed9dce37e0580f96cac3e35dd10dbd21d51b0,72955,
Texturas/MaterialesReales/TapeteRojo.jpg.meta,a997b2e380cd9e1be455c9a7497702b3b41988abe4868d0d96be990b4d821078,2591,2c7047a3fc6eca84d98ca1bf914d28a3
Texturas/MaterialesReales/Tela.jpg,1eaf4b890c37d8973bbe087c130a010f107f372468519dcab0b15e5b880779a8,50819,
Texturas/MaterialesReales/Tela.jpg.meta,c2570d63643cc9a4928103f2e17a62e5611476d3c595a7800cbdd52d4c060030,2591,0b3d6c8262b709641a91c846bbb05656
Texturas/MaterialesReales/Tela.mat,a10c8883945290d50045f8b4001dacc866fd9fe0dc1823d128156f562a7380de,2233,
Texturas/MaterialesReales/Tela.mat.meta,cc945205dedcc7c1af60ebc511baf143096a83daec3985885885517aef5d5c5b,188,cf7710012fa61d24fa608dd6c04bbc9a
VNB - Office Set.meta,fcb1f56e9509289173f9e25e7ad7743fe5359568dee78e5cae74b555f8845d80,172,5cfd1b6167bfdd4458de2e6befc64e86
VNB - Office Set/Materials.meta,7722f9fd9a29bb9cd898fd544e1ded672fcdbac9768110a7d364f010bb6ffcc8,172,8175572f2056a03479ec2f3f88030029
VNB - Office Set/Materials/board_doc_1.mat,18e50573f8f0ebd717f9f10f8d0545985b6d9655b80b8977fa20f6f1a97f8a49,2158,
VNB - Office Set/Materials/board_doc_1.mat.meta,3123f655546475a5141ec491d599772ffc6a9287e91dfb6b322b5dae154de572,188,0c1ac2d62e3f8954fabb8380d3153714
VNB - Office Set/Materials/board_doc_2.mat,b6eb61502336f9582dd4f2069b0a0a72d2f7c3c9b72b448e1791fdda0e6b1ebd,2158,
VNB - Office Set/Materials/board_doc_2.mat.meta,97a9f2ba1e6cbd4428e94eea11219ef96e8368530da9d29546c77dcd2cb135bd,188,e1ac93941eb63c84cb8599b1a331a5b4
VNB - Office Set/Materials/board_doc_3.mat,02dba0ba87cc6f37a20e0a95c6c8a8871af72a7a36b71e0e883553815a8c9b98,2157,
VNB - Office Set/Materials/board_doc_3.mat.meta,83d94666a47238df3dd09a88064213896eb7fde16f938ecf396d4261bce08f6e,188,650ef577b39680645b3e79c272c840b2
VNB - Office Set/Materials/paintings_1.mat,c328b07d85ab3f1622d7852886e2a2c7feeb3cf545cb083a09ba2ca52bd105e8,2158,
VNB - Office Set/Materials/paintings_1.mat.meta,3b03c89da5f4e34f4596cde90f95b2ed341fb49a0e8f02ec6354ba1b4b9fdc1b,188,6889f44cfcf0ad14ca17925b3d51f15c
VNB - Office Set/Materials/paintings_2.mat,398a669b35a38eb485c36421bc4eb4e78bbaaa02610dcead5dd262ae417d61d6,2158,
VNB - Office Set/Materials/paintings_2.mat.meta,3d7664db282995756b35f470c1c05e85c845bcc944a4fbdd18bbe72236e8c3f2,188,9fe5e72a0fbe6914e83eac7c9af908b3
VNB - Office Set/Materials/paintings_3.mat,0965bdfd7c40a05d1e62342c07214b08ef9f797f4376e1759aa09e9b184e713f,2158,
VNB - Office Set/Materials/paintings_3.mat.meta,a1986f36962eea8cdd41a83d1e3cade530e6e9f89802f788f83c84d66d92d7e2,188,4efe8bd0114916642b090674ca243a42
VNB - Office Set/Materials/paintings_4.mat,6e490dd670e1744e2726bad08deaf4ed8fb2dd96dd31eebdff77ad3dcb413ea9,2158,
VNB - Office Set/Materials/paintings_4.mat.meta,31107d43f5d9916409fdfc1ff5bfc281b178046dd72bacb3dd7334607db0f001,188,cb0abfc3cd89025468e7b5343468975a
VNB - Office Set/Materials/palette_1.mat,35c6e02affc13ba911ab6c00ed93f97dd56ad7919006163dfa2dd794080cfa43,2156,
VNB - Office Set/Materials/palette_1.mat.meta,3cb0358227fecad99e15af591fe0b4549645be13d84ea85e91e271c9d57382fb,188,fd3f28898aa4320409895499ca6515fe
VNB - Office Set/Materials/palette_2.mat,266b03c3da861073bd5356538da1902cee2fa3c7cb9df1399f3d0e6eaf738546,2156,
VNB - Office Set/Materials/palette_2.mat.meta,9a16f13e51e9fae81dd56c804371c42faabc780c0d1a793ef319f2fce0e5e250,188,7aa368f610f52bd46b88debe525b88ba
VNB - Office Set/Materials/palette_3.mat,2ce6442c4f81889056eb0707da10e853436f11456c9c68a3f80fcc02a928840f,2156,
VNB - Office Set/Materials/palette_3.mat.meta,a0f647d594b97cee099374a7e44ceffab155e55ba75a907756522176362fd4d8,188,2100eb1a5b99a7740b371b93f87a5a93
VNB - Office Set/Materials/palette_4.mat,9088a94f351ce3769ce3ed71ddabe6f3b2b167e40e578ad78295976509a29c56,2156,
VNB - Office Set/Materials/palette_4.mat.meta,2ebcc9fdb38da7f5facb9535ecfe6b63ea5f34b3d61e6cb64ebc78fc84ea119b,188,8bdfce15731a7af4b8923515e95213ca
VNB - Office Set/Materials/palette_5.mat,df403d93d7d58567a2727ac9f14044599fdc42371c51d923b0177d6006863ef7,2156,
VNB - Office Set/Materials/palette_5.mat.meta,dd89187105dafd7eaefd3ab09c5415a3d3715de4da7629cbb54994d7ff86332c,188,32ae13243ec49e04d84854d4a8a22acc
VNB - Office Set/Materials/palette_6.mat,f217fd99793063a7a98c2a0605e2333cf77c55c8fb4fc37a1d20ab4e557c0d03,2156,
VNB - Office Set/Materials/palette_6.mat.meta,2bd8d133b46b5a15dd45a997f9f1484a814e16ead5b6a7c8a0db7b070833d29e,188,e059f45f400e21f409d6660946a58318
VNB - Office Set/Materials/rug_1.mat,96da71c9e7ef9ad8ffda308d45f8b30d93c1e27f5bef107b0a16da758b7b83d4,2152,
VNB - Office Set/Materials/rug_1.mat.meta,a183c89eb10d01a4add2420dd62bea5bc0830e1441906064f430ad14c658b7bd,188,40cd8cb513adb7e4e8c19c0775cbdc30
VNB - Office Set/Materials/rug_2.mat,e53cc5151b3d7377094ab6408b0fc1c3b9c9fcecc94cc8ea92f77c656a9f7720,2152,
VNB - Office Set/Materials/rug_2.mat.meta,863f3128c19551497c8c70e648b4c0ed4fd5e0d1f698ef30b9151e24e9f6f9b2,188,66360b86bd6c88547afb3f892018bcdc
VNB - Office Set/Materials/screen.mat,3ea2f24ec612f9e6e7f7022ebbaad9761dff38ef1b6a1f6d927118e69d979ec0,2152,
VNB - Office Set/Materials/screen.mat.meta,6882e70b15496d8ead690427617c58cfc187fe29726491ec2f7cc0f6816d1717,188,4b5e7632c32c7cf418f790c0c1597b9b
VNB - Office Set/Materials/screen_off.mat,16022b783fe29eaa7b8a7da9241771ada41f7447e41dbb5854089137a0d16068,2129,
VNB - Office Set/Materials/screen_off.mat.meta,6d30a12a3127903f0264ce508cf33c8af096433763a61692eb3c49c0daf9e60d,188,7bff55d98011a3a43b5d6bd15a4a489c
VNB - Office Set/Models.meta,a9ba9672b8905e7a69654813ab41d692bb9db61cdf9a3a0ad073e4b6da06d752,172,0c88d8ad55f92de42b1c77e61455da0d
VNB - Office Set/Models/office_set_vnb.fbx,867adb852cf167249370ccbe87b6b9227ddc22ae429c0d96cbcee5eabcd886a2,757164,
VNB - Office Set/Models/office_set_vnb.fbx.meta,39a7eb17996cf3aa199046f96870f6007667d4b4cdd43835524b7b8f648db17e,3671,f1cd6800d51724d4291ee22764292e86
VNB - Office Set/Prefabs.meta,4b88f765645dcb7dc47d9c71f0b08c5b1fa5029d62d7bcd4387daa837ccd11ca,172,bfdabd1d29ae9f14988d3e9c7a4888a6
VNB - Office Set/Prefabs/Building.meta,5b5e4e8512fd9352aab7588b341d9dc72c86fda10adf00fc95e457e3c0b8f329,172,053b9a1f6b127c146991a61a2556ed94
VNB - Office Set/Prefabs/Building/door_a.prefab,34a632816adbc512fb18a888f0b480ef53bd5599c23cfed750bc970d2afd9a89,4056,
VNB - Office Set/Prefabs/Building/door_a.prefab.meta,34249cd25840c5a59a464b039323f2b91fb4f00be65375b1a998979bbab9794b,154,38f068d20c4cae84ea6ce0135bff6c3a
VNB - Office Set/Prefabs/Building/door_a_variant.prefab,9a6e9ae95456554e3209c12a02a7eaaabc00310ce9143a4c7087ca528a0f68d0,5708,
VNB - Office Set/Prefabs/Building/door_a_variant.prefab.meta,220a227c3e938c8d09962f8ea072abcd38922984fd7d225dc0a2836b507eb720,154,fba5b93e44dc42f49b103ddb037e7fa4
VNB - Office Set/Prefabs/Building/door_b.prefab,8f20ef44955276454f4b59b3f5e2252e9dea139fadea6a8cad25ea393cd40669,4070,
VNB - Office Set/Prefabs/Building/door_b.prefab.meta,f750da178e3a31a9e03b3324f27f5c6bcdd467edbb5a3133c5d673cec0b07b05,154,c8aa3af8e883c6e4dbaf78236b90a9d2
VNB - Office Set/Prefabs/Building/door_b_variant.prefab,d36d40b7c18b44d4aff7707a6c45f0168938659f449eb8a0ef4982637e9b3ca6,5882,
VNB - Office Set/Prefabs/Building/door_b_variant.prefab.meta,02f8a0a0096f2d2f540f664245ac6fec8e3fbb580dfce38b271a16da128d54ae,154,dabc9c764bb525b40884df9f1c946b4b
VNB - Office Set/Prefabs/Building/door_c.prefab,74bb80d11f02b0699d6b8ac1950fd448297cf8f6e81c1a561135454259975f92,7644,
VNB - Office Set/Prefabs/Building/door_c.prefab.meta,c3248e354178d8d7c928d60c1c98d7d930b879374050d42f7cd7dc29f3ddaad5,154,02858d4d16dfc874198537d11046e408
VNB - Office Set/Prefabs/Building/floor_tile.prefab,734ea4a9e7f4ed81d61b2c76ade9b4806c1ebd8142de6cd4dc16bcc5cc3cf0cf,2844,
VNB - Office Set/Prefabs/Building/floor_tile.prefab.meta,52870b4148e6abf62229f11e26686dcceb6150948bfc6c141574e77d379bb8bb,154,a55c555f579cc3647bf8aaf8116217a9
VNB - Office Set/Prefabs/Building/wall_medium.prefab,bb5b6d9e0fcc1944969e24a937f72cdb1d37bf2e63d35f52b484654e80e37e69,2845,
VNB - Office Set/Prefabs/Building/wall_medium.prefab.meta,f9684bbd12240a695858e067654ad6da28944e2f23238ad1cb09f5a7895cec3a,154,9be99ee0c2686ef44bf420ce960b6598
VNB - Office Set/Prefabs/Building/wall_medium_door_frame.prefab,986a25549a122a387f87bdf898ada6690bdb6b057269e3bfec4b561293261d6f,5245,
VNB - Office Set/Prefabs/Building/wall_medium_door_frame.prefab.meta,3f58f6c555002e6d78fd800caf450bf0b8373fef15f484a67740e30edfc4d8d8,154,e417b1ac7ffd3b44a854dace85f01b95
VNB - Office Set/Prefabs/Building/wall_small.prefab,ea79c4b7830ca2ed1ea1816aa8eb4c7ad1e088c032b468b0755c1d9351c09e19,2833,
VNB - Office Set/Prefabs/Building/wall_small.prefab.meta,14ff62dc4a8857a5d4383b230aa5758d5530220cf1d1df4da7bc62cc09062e47,154,f03767948ef560947beeaad563aa01bd
VNB - Office Set/Prefabs/Building/wall_standard.prefab,12bb711b94b0db750229d3b1d7c989a321423365b2c1afe59dd04df35e0d8893,2847,
VNB - Office Set/Prefabs/Building/wall_standard.prefab.meta,10ff9a8e7e8f23a3d2d54598ef8288f824bccae55cdfa528c56f6b6f873dc132,154,040b0e4d147341b4780f162c4ecef39c
VNB - Office Set/Prefabs/Building/wall_standard_door_frame.prefab,361040229347aa7e3759c2c3fc3d2cad3cebde680504585655a4cc432e677464,5355,
VNB - Office Set/Prefabs/Building/wall_standard_door_frame.prefab.meta,6657269d3fd35f6f68ffd728b919d45c5003c3f9eb01ec9a3cac8b9f964abe31,154,2e6de12b1fa53d14b90835d4b6d3e78a
VNB - Office Set/Prefabs/Building/wall_standard_s-deco.prefab,99c7f0a0800f701a585fa339a04fb482df45818722a4766c8709b6b2d130b161,2848,
VNB - Office Set/Prefabs/Building/wall_standard_s-deco.prefab.meta,4945902bc798215bb745e4a7f92834e5ba3304deec4149111c9c74b0c87a2f8e,154,acbfeb26b5847054790bad6266d4ecd6
VNB - Office Set/Prefabs/Building/wall_standard_s-deco_wood.prefab,fd46eb4751064ff4bbb840dd01309f2110f6a27122053f9f6cdc00212a0a6416,2855,
VNB - Office Set/Prefabs/Building/wall_standard_s-deco_wood.prefab.meta,fa516c11b1ffd309fa99ad840914ab7d5158ef2d088cf01bb4633d32c65fc4fe,154,f984636a8914ae543bcf09ca3510c481
VNB - Office Set/Prefabs/Building/wall_standard_wood_alt_1.prefab,08ac5eb3378449516b13ded5a2aef0bda95eea13f73c35eccbc3ba033bf4d16d,2857,
VNB - Office Set/Prefabs/Building/wall_standard_wood_alt_1.prefab.meta,be9e88667222eab0adb1aa730f0384c8ac90e01da89ffcd3cf6e9983a7faffa0,154,e6ff8465ccfc4d446ac079e04acf109a
VNB - Office Set/Prefabs/Building/wall_standard_wood_alt_3.prefab,ab32a546a0cd95e44fca1b33f5bf96eef9a19772b5a303d5ba1de1456a8a0113,2858,
VNB - Office Set/Prefabs/Building/wall_standard_wood_alt_3.prefab.meta,6b0073e0366cc8fc64a9bad848ad0b774b87b60708b17cb85e78985b4ce8e1b7,154,50e9d694213653a4e8d1111b9281bbaf
VNB - Office Set/Prefabs/Deco.meta,e7fbcc382ce02f5f43bca1a73397a31b53bd4231352926b9800220d99144feb6,172,65da319c01ff9b046a99c7b7566a7292
VNB - Office Set/Prefabs/Deco/alcohol_dispenser_a.prefab,a3ad03c890ab211c1e76dd66332bef04b52b9124e28be9b7ec6d07af256b0794,8961,
VNB - Office Set/Prefabs/Deco/alcohol_dispenser_a.prefab.meta,5192fcf2f8a149e1b1b4e180d9c349782e3327414bd6bb01245fc9bfc2f327f5,154,3b58de21bc2305149974176161893e51
VNB - Office Set/Prefabs/Deco/alcohol_dispenser_a_2.prefab,f08a702fdb15a477a454986a40b736f1383fb72fea37d34999cd8648d592f050,7170,
VNB - Office Set/Prefabs/Deco/alcohol_dispenser_a_2.prefab.meta,854ebfe099c6cea9bb9ff3749a2a84aaad204cebd7fe88b232bc987a39b73490,154,9a326cf475f259c4d9ab0087a10ff978
VNB - Office Set/Prefabs/Deco/alcohol_dispenser_b.prefab,4935444e22629d68d8b30b8cb0d77c2776696248d1580160ee421df75f451674,5230,
VNB - Office Set/Prefabs/Deco/alcohol_dispenser_b.prefab.meta,b62fcb683558453ceba546712ed93761308d18b619411d420dab6348e7c29cdb,154,b674a6800940b1d41a6468cd22fca077
VNB - Office Set/Prefabs/Deco/big_painting.prefab,4068f55a0595b98105c2428a2de8f722cbbcd19b68b895ab2003c56113147fa6,2917,
VNB - Office Set/Prefabs/Deco/big_painting.prefab.meta,7bc1e6d84b7029a4ebe2356c3996e5759c5aea4bf99b0939bee967c156ec2e71,154,a3862a85dc82a1e478bba0d9b5241d73
VNB - Office Set/Prefabs/Deco/bigger_bamboo_deco.prefab,f6ff1f2bb7d384c8fb4cef42d756db5bea60012c8534938005744acc71bd66f0,5699,
VNB - Office Set/Prefabs/Deco/bigger_bamboo_deco.prefab.meta,867e6197749fd40b7b021da68ab73181b70749bcd1177c4e91ce6566257ff052,154,fbfa3deadb3c42a4ca10bd64a2f7554d
VNB - Office Set/Prefabs/Deco/book_1.prefab,4dfc112d651b11837efb7205ae62f01e1212817d76a0bf39e9c6dca3b5b23392,2840,
VNB - Office Set/Prefabs/Deco/book_1.prefab.meta,34fb6fed0a0462db06a8628faf06fe34afccd3696d256be15ab046ed51cb74e8,154,b72b3a90d683f4e4d941a69d57b1ed78
VNB - Office Set/Prefabs/Deco/book_2.prefab,6b4f3a2d4c7f82cc0cc5e11c3faa5c75d5c8b38f4a704600108c5995590040cf,2838,
VNB - Office Set/Prefabs/Deco/book_2.prefab.meta,5f32d4d1da894aa35a187ed36c0d93d7d7c89e867f0202ec4e18aa300f9271b2,154,95673e01729d3ee4f90a32ee9a726ce6
VNB - Office Set/Prefabs/Deco/book_3.prefab,c07c94f218750137b05f7ce581a2686e59eba99d69e3b26923c446d68e4729f6,2833,
VNB - Office Set/Prefabs/Deco/book_3.prefab.meta,a77946b016890076594adba6935f63d1eee1d6ca4eab72a0a19ed8aceb038b7b,154,b63f3746063691e49b6baf823257f173
VNB - Office Set/Prefabs/Deco/book_stp.prefab,04878759e0d7764608e45ecc18475ff7802e0e7682053b570b37f026c9525bc1,2840,
VNB - Office Set/Prefabs/Deco/book_stp.prefab.meta,d00e00c0d1f78f18786ce11bd7ebd49888f1a1737bd91d78a35b2d7aaeb938bf,154,28b61bab118a92d43b946cc4e578e1ad
VNB - Office Set/Prefabs/Deco/box.prefab,8fe8172a9f22ddda20fb903df905eac154305eb43090f5e42291a20dcfd2a82c,14405,
VNB - Office Set/Prefabs/Deco/box.prefab.meta,d39246ea43bd5e0434540516a977b7c293de40b4be527692d3ee88dbbce535e5,154,ec9f1d628d275974dab15260848fefbd
VNB - Office Set/Prefabs/Deco/briefcaase.prefab,ba114fe5501b21949e0a388b0189ff307a24a4c7619c258aac5956f6003cacad,2839,
VNB - Office Set/Prefabs/Deco/briefcaase.prefab.meta,52973f8ca43747940119370dae73516ce3212727332fc111c6e8fbba5a836b1b,154,7f74448ef4246e547921d8b2ddcb3006
VNB - Office Set/Prefabs/Deco/briefcaase_2.prefab,80eee01b99f222122f36a2043cf51cf67dace917c5cd73694ac64b1b66194f2f,2841,
VNB - Office Set/Prefabs/Deco/briefcaase_2.prefab.meta,6885b7e63c246ec02e3d9a3f3388b69f6d23588f590a6b5e4c65cc9e7344870a,154,63c1b9ab01cefc749a66f9e709dcd39f
VNB - Office Set/Prefabs/Deco/deco.prefab,0a71c09eeb2e0f40ec1405139992a22d90a5241125cb0119cd50430a76972fa8,2834,
VNB - Office Set/Prefabs/Deco/deco.prefab.meta,f343c2e28ce2a3374a79401546d53d91f6d61d376b72647de5ff12d1a0a09bfa,154,44ee070a3ccb9cb48aec4b44fddeea1f
VNB - Office Set/Prefabs/Deco/fan_small.prefab,25a27491f9b798b1bcef90b18efff9a0503a7fb9ec7f008cb94d8a83dd3a2389,5839,
VNB - Office Set/Prefabs/Deco/fan_small.prefab.meta,9cc5f8dbd4e60e6baff2c48c3568ab50f00ee5850dffd7be9ce53fa60080b034,154,af3f02e156544404486f81e67775fd2e
VNB - Office Set/Prefabs/Deco/marker.prefab,dfa6991f67389256e8692260061cf41519b46a639bc66d20000243098519f96e,2840,
VNB - Office Set/Prefabs/Deco/marker.prefab.meta,bb196f82ea54252c1e4326c67ffd2287c174340adcd9e0fc13f7d1c858ff2a8a,154,9eb5b2920eb768d48998ebfeb31de24a
VNB - Office Set/Prefabs/Deco/nature_deco_1.prefab,7012121ff56cd4162a58ca34d391556b074f5ce150eaf72923b4ee00bcea2676,2845,
VNB - Office Set/Prefabs/Deco/nature_deco_1.prefab.meta,cc03fe7014bf792cabb8c8a631084cdbf1440f180c3365e24cf4a6e0d0cdf545,154,edfc80eb86786314086d9c9dfae717ac
VNB - Office Set/Prefabs/Deco/nature_deco_1_small.prefab,c0ee9a33c05e03a67e32f54063cb5f417d2dbd6a9c69635c47a61441f27d43d1,2855,
VNB - Office Set/Prefabs/Deco/nature_deco_1_small.prefab.meta,b976750ae9e3469d8336005e211e6b33a195059ad8c90c800d7eb8f956ee31f9,154,dcd4d5d708b95aa409942224275fa9b2
VNB - Office Set/Prefabs/Deco/nature_deco_boxy.prefab,8fbdf2cece8de65c30dddc6fce3a0065a1e5f2bff97a85ce3ec8b7fac467f54e,2846,
VNB - Office Set/Prefabs/Deco/nature_deco_boxy.prefab.meta,8f5769f7273df4b788d9ad77f5bcd0742ae62387c8163a9c4d75a7d861e96a0f,154,fafabe7404ac4ea4dbb60c79886779a4
VNB - Office Set/Prefabs/Deco/nature_deco_plant.prefab,9567063e6da8c7689c8bcc2b49d4ad86983afb4dd63443993c63cda6e4d8eda5,2847,
VNB - Office Set/Prefabs/Deco/nature_deco_plant.prefab.meta,48ac3a9b623e39f1897837bc4d9eabcfd9f16702c1356b4c1e3785607623271a,154,93e95a25893f69d46aba08851115522c
VNB - Office Set/Prefabs/Deco/pile_of_books.prefab,f839431e85f920771d2c993f5102a4e64f2a3aca165a744fcbc2e968beec79c6,18360,
VNB - Office Set/Prefabs/Deco/pile_of_books.prefab.meta,a0c76a5e1b9b25a4ba96e90c77cb77caea1259db09d183be3761319c70bc49e0,154,55c05a96910d245479fb25fd5bb4097c
VNB - Office Set/Prefabs/Deco/pile_of_books_(organized).prefab,3b96e665dc269a536e857de6a911cb5f791daa9d5e9950b6685ad80d79a6c177,28891,
VNB - Office Set/Prefabs/Deco/pile_of_books_(organized).prefab.meta,f8bb6421e58d130a822c31559e75053885558ccd0e512f77af86b451d59244c6,154,1d430427663656c45b1e3b2f670b5b12
VNB - Office Set/Prefabs/Deco/rug_a.prefab,48ae07b1e8e83ddb5fe55714f5e00a2eb422f2ab04721e01aaaab008c4916288,2368,
VNB - Office Set/Prefabs/Deco/rug_a.prefab.meta,3d27776036b98fbac09b320bbff82ca122314085a7b1f24a2f88350e6925cd9e,154,5efae71b946e33d45887f7768a802da5
VNB - Office Set/Prefabs/Deco/rug_b.prefab,7c9fca27c6c160157ca8864fd15e256207763feed0794118d92d949df8d4fcfc,2368,
VNB - Office Set/Prefabs/Deco/rug_b.prefab.meta,2259fadebd2627bbca714bd224be9eff3243665346b1b9e89c892376f0a1fcd5,154,9be9cf2bdd96e56418d6a0815d9176d0
VNB - Office Set/Prefabs/Deco/small_bamboo_deco.prefab,93db83ef3bd2ec3814e0473492b6480e232d5af09f949456b3007b3cef9c6316,5698,
VNB - Office Set/Prefabs/Deco/small_bamboo_deco.prefab.meta,d034a0115b3b619cec012621f1a94c95d2fc1d9665288749d1820295c11e6425,154,9dd715038d6fa2e43a9da28d327d977b
VNB - Office Set/Prefabs/Deco/small_painting.prefab,3554404d076068be77d111ee301b9d33663a36cce90b0abeae21f391b4bb7f24,2919,
VNB - Office Set/Prefabs/Deco/small_painting.prefab.meta,1780c6a6d74137f70bbfbaf75e1609eeca99f81e150691e9297303833a9127af,154,e58f3a007909fa84ba968739582b4af6
VNB - Office Set/Prefabs/Deco/small_painting_2.prefab,78b8a402b3fc4ef2cad48fc520691dff11875c963a672bc1fd7b7d5f3ae6913c,2918,
VNB - Office Set/Prefabs/Deco/small_painting_2.prefab.meta,96a113b204d997419b15b0e1a46e2cf3a185ecc8db0553cdb49704d97a1c02da,154,ecded36ace2188a4e96f1880834f230b
VNB - Office Set/Prefabs/Deco/small_trash_bin.prefab,9a19cc548f14dbfd6a9835ee2afd38635f0f6116d0c512b0495755b252e8b949,2847,
VNB - Office Set/Prefabs/Deco/small_trash_bin.prefab.meta,9a78b6e64313b173d3e99b53905c8712918ec84d3e129baad6087d0d47e0272f,154,ecc14f0acfe79f9438b09817f25f3745
VNB - Office Set/Prefabs/Deco/sticky_note_a.prefab,acfe8ca3a80ae9f950823630e05512bec4a066e4ce1481ba0579d99d1998f981,2902,
VNB - Office Set/Prefabs/Deco/sticky_note_a.prefab.meta,1d1ac0f70821a2fa03b9e854fab6c54ebe3688d6c3113052019992b271882e00,154,e89ed595c8c963641b78ef816d150d4b
VNB - Office Set/Prefabs/Deco/sticky_note_b.prefab,172d4fb9b489bbad2f84fb5612cc21b3c69207091abf59ce83b088c62b540b9c,2899,
VNB - Office Set/Prefabs/Deco/sticky_note_b.prefab.meta,6d0e79f7abcd4ab1be622d39bde03daf20914ffab1c935ac6428d3474bfea3c8,154,f71087e924b3d7f4989e0d3d5969dc4e
VNB - Office Set/Prefabs/Deco/trash_bin.prefab,079edb3a0955049be0ef6159bcdfb98d00a732b7cc4d219d20d28fb5524348da,2843,
VNB - Office Set/Prefabs/Deco/trash_bin.prefab.meta,027a58239c8cce2d6332dd02a18b0e81bf08c5e5f472152871b8f0d55e44142f,154,60a81d054e8b7894482c2fe57553d989
VNB - Office Set/Prefabs/Deco/whiteboard_eraser.prefab,3b293fd63cfb757d27eb18e58210fd37c60ec91f5c67b5c4b7e8a2c0af5d8513,2844,
VNB - Office Set/Prefabs/Deco/whiteboard_eraser.prefab.meta,bdfcc33c123f09eca01f31037c0686973ce95680880c87faac1b82da7b0ba777,154,3962d8b94c80dae44b13e7d28b2e60df
VNB - Office Set/Prefabs/Food.meta,fd26171076b6b518b0ed3a96401d50de99bba190515ae6886fa90d0cfee54d6b,172,3196df2c297be22408b40a1924ff9721
VNB - Office Set/Prefabs/Food/apple.prefab,eae47823d78199ec53aee65a0bc39374f9b353822e1eb80fb157615d5c9ec65d,2367,
VNB - Office Set/Prefabs/Food/apple.prefab.meta,51265425b45988a698ef54f79272da04ff0335a03ccfa5e0a9065a92d865e7e5,154,0837d45161aff3946a4c5f87726c1ede
VNB - Office Set/Prefabs/Food/bread_slice.prefab,e1a7d9bfd9c7f1a9e3fbef1ce54e28ad60c25e5e77b6ec2d314d2508b8047c3a,2372,
VNB - Office Set/Prefabs/Food/bread_slice.prefab.meta,670af41cc05a7735d776317a08c5f8e40b506db65259c8b24f363c3654dbdc11,154,9ccb184310ba6b642baf8e099704aa4a
VNB - Office Set/Prefabs/Food/cheese_slice.prefab,82d30f3fd81f1c930034f3e86b5731ea0f71a5905a27e4f71a36d40c4230509d,2373,
VNB - Office Set/Prefabs/Food/cheese_slice.prefab.meta,44597ae1083b7fed6a0d445f1812f030d8859ad331e7eac25164874c005a6cdb,154,badf43c03faeecc44b1d60198000318e
VNB - Office Set/Prefabs/Food/coffee_cup.prefab,8870a592fef8fc00c57af965d0a956298d42cea66c4c8ca32783a318f03c5523,2372,
VNB - Office Set/Prefabs/Food/coffee_cup.prefab.meta,0f7ec55f9d3b481d3996a4e338194db655c482bfa712d450ff30ce0351a9406e,154,1799cc7c56e44b14399f4ecdabd365a2
VNB - Office Set/Prefabs/Food/coffee_cup_f.prefab,8e21c6c392bce6049d333d7459d20d22d176aa8b9552ef7e0623f7880b15b51a,2375,
VNB - Office Set/Prefabs/Food/coffee_cup_f.prefab.meta,bb5532241b57ad09da05fa36842b042dfbc465838e7bcfd29f8b24805a5b04dc,154,f814b122f2e1c274389d5096984dbd52
VNB - Office Set/Prefabs/Food/cup_empty.prefab,2c3ab28d4a065bdc16b8017a6f08fc9cd5b18315e947f37223b1d7ead0c12871,2429,
VNB - Office Set/Prefabs/Food/cup_empty.prefab.meta,5e7bf48800bad6099220966b30554bcc7b1fee547170aa30f5384aa18c62037d,154,2b4b2d3c2fe32b447bb43bd805a19cee
VNB - Office Set/Prefabs/Food/cup_filled.prefab,f76d3f24c1c5bab76c2c7d5788d435310060036d556e25aecf04b02823aed83b,2429,
VNB - Office Set/Prefabs/Food/cup_filled.prefab.meta,8d1a24f3ef8d8f87f10b98ff7fc3cb30dced35e45a47f7029adc0b77578e99e9,154,9ee8253bd55f4114ea5a99f7ecb93391
VNB - Office Set/Prefabs/Food/fruit_banana.prefab,d75b823e52783a58b1f8c334f106c54a9f46a404f8416c9f847b2db132acf0bc,2846,
VNB - Office Set/Prefabs/Food/fruit_banana.prefab.meta,24d2e8ea919e7b4bfd9b0c3367de610211f70d0e46b6454f60a505b0228d2765,154,82027a8d5f69c104e824565dd49d0819
VNB - Office Set/Prefabs/Food/fruit_banana_lower_quality.prefab,a158f35834b644cd90c450c444fc9c616fa7e93d228e8c4def120426435620df,2862,
VNB - Office Set/Prefabs/Food/fruit_banana_lower_quality.prefab.meta,60b2923daf2dd2ae6c7dc1db1966c8995f73cfc67b3ad8a64a5b0f80c151f476,154,93c00bd07c78842499d3d36a00b05473
VNB - Office Set/Prefabs/Food/fruit_plate.prefab,e95de35949192cbd579234bf73074da3029a0641ae074150328d9cab54a2905b,2845,
VNB - Office Set/Prefabs/Food/fruit_plate.prefab.meta,9cf8f59757a5fff5951b99d8b02bdf933a235b6a3f83863ced54e6b03315042d,154,de8f9c4591c3a5e4db4d623493c309b2
VNB - Office Set/Prefabs/Food/lettuce_slice.prefab,5440fe26c2a7ff9fbf41e5fc701f16dceff6e082515ade7cb28649630eb4b733,2843,
VNB - Office Set/Prefabs/Food/lettuce_slice.prefab.meta,1b8357aeafd13c803df4ca3845084eac4842b3ed7accbfe4caf4aec3725f31a8,154,9912652a86e429641a532569a0474589
VNB - Office Set/Prefabs/Food/orange.prefab,fa965b8be79fb137c217d81717942053855719fc04c44d2357fc577b821c203f,2838,
VNB - Office Set/Prefabs/Food/orange.prefab.meta,671a1743626c85ef1914510632a334a683fd0b32a8dc706827b9b0d2f7e8df27,154,79884a52100934b49a2b2ff96cbbaf7b
VNB - Office Set/Prefabs/Food/plate.prefab,3cf0d85936f9bc0ca4734a24e8c94b8a681ff4ac377605785a32a4613e41ddfa,2839,
VNB - Office Set/Prefabs/Food/plate.prefab.meta,cf12402e9ec655cda8f374e6d64cc79ed83d84192f6d4f28ae715d1637f9bdd9,154,5578baf435c24ff4cb37f3665bfc3f5d
VNB - Office Set/Prefabs/Food/simple_sandwich.prefab,b84013f86d45de8209af88be28c1c91dcd94babad514467c04c5e68bf48b7e4e,18774,
VNB - Office Set/Prefabs/Food/simple_sandwich.prefab.meta,4a7730cfb703d2b237fa63c8eae59d403c7d7ab987650e52e973589d61727dcc,154,34ecb44a5fec32e49af781e1989421c8
VNB - Office Set/Prefabs/Food/tomato_slice.prefab,a038af2b18fb1f4a54953aa5b276b6e9c52ef4d6a153e1f721043478e25214db,2842,
VNB - Office Set/Prefabs/Food/tomato_slice.prefab.meta,0e55a8214add06e057db96e3f4b6182a6cecb7f4a211873803e5a5e3a7c41b54,154,eeb3cdfe18d96c943a22aede690c6e9b
VNB - Office Set/Prefabs/Furniture.meta,7b7bfab9b64b10380b84841e57ed43a59a55adb6c3320c544b97ee8541dd33be,172,304d8d93c5461494bb2ab8136a46cf6e
VNB - Office Set/Prefabs/Furniture/bookshelf.prefab,3d9a306681912788ff28f790ae9d6134d5c8b3343d43e3d57a7039ab36741b2a,2841,
VNB - Office Set/Prefabs/Furniture/bookshelf.prefab.meta,bcb304f766261f34d5df5e6dd2fc7730c1be80bc56b30e1647f1845a988d7da6,154,ba80b85bf77952144a7c91245a33d968
VNB - Office Set/Prefabs/Furniture/bookshelf_locked.prefab,8df41038a922771cf0ee7db1457ae2874712eaa0a73ffeb91e29108ca9e5d647,14372,
VNB - Office Set/Prefabs/Furniture/bookshelf_locked.prefab.meta,856aea148fc4bddee6131ff090252762cb5042d66303f997143b6d00724d11ec,154,8a482249a59d4014c981a62156c484a8
VNB - Office Set/Prefabs/Furniture/coffee_table.prefab,34247de26cb1c40326be0d92f810c8217c580e7d869da1e9669b70e9d8ff5f6a,2844,
VNB - Office Set/Prefabs/Furniture/coffee_table.prefab.meta,8adb7e6b553861b42c8e62653dcb833e42be8271dd8f1145f361774898e332a6,154,2b9316c92bd90bc4dba7fd67e6afec09
VNB - Office Set/Prefabs/Furniture/counter_a_1.prefab,85e0307750440184c2edca5737734797e7cf2c408359ae4978dfb6012feb3f6d,17196,
VNB - Office Set/Prefabs/Furniture/counter_a_1.prefab.meta,5ca28bdac74a686bfa3380b095ea732d1f0159b160f78141416f97ef03ce3d2c,154,d5eb863b95f7f7d499b790abbcff5e72
VNB - Office Set/Prefabs/Furniture/counter_a_2.prefab,dfe29812f4d86c1d2658fee71408874b057b819e557eb61fec8688555e712eab,8628,
VNB - Office Set/Prefabs/Furniture/counter_a_2.prefab.meta,8c54ea9790cef3ffc367351f6be34062d36267d5185e03df6f187855e9aa8ca6,154,1f21e7a312001c547822a48066b5a1a7
VNB - Office Set/Prefabs/Furniture/counter_a_3.prefab,5dddcb7111e8624378eb52e20c33e83023c1ede0735648a10a062b27e3cef8ce,8627,
VNB - Office Set/Prefabs/Furniture/counter_a_3.prefab.meta,98799cbe064e39839221c68fecf82589d47c6472947a8cab9724b22f76c6bc53,154,b860f54139d003144ba432f7bfa7c88f
VNB - Office Set/Prefabs/Furniture/counter_b_1.prefab,868e61e2fb113079f049dcc4767e36106024bd6bd1b2fc6cbbc0c0e1dfdf4ba2,17202,
VNB - Office Set/Prefabs/Furniture/counter_b_1.prefab.meta,f3874e4fd4769b0517c08a00b7199e9201c6a3f498dff975387436b0680fe8d8,154,57bf20d29879c8441ac3b0f893f9d10e
VNB - Office Set/Prefabs/Furniture/counter_b_2.prefab,96f440df9839ad722fe28e7e30ca96792069cb99cf6b7376e85fee85294860dc,8628,
VNB - Office Set/Prefabs/Furniture/counter_b_2.prefab.meta,0d023b6fac58813e31f1406a6abcca802066958caf7b9be93d6257c14f759343,154,67562ca15dae7f44087f6eb76468c6a3
VNB - Office Set/Prefabs/Furniture/counter_b_3.prefab,673f265d58dfca4cfc6c4f5899f3923388911e20828570bb6b21232a31268616,8622,
VNB - Office Set/Prefabs/Furniture/counter_b_3.prefab.meta,05d4c4f3852a3d6b0f608eb469f47228cdec1e890666a60d0b89124d3ee6ff8f,154,892c94c275073c4438c25b37549a5fae
VNB - Office Set/Prefabs/Furniture/file_cabinet_medium.prefab,6d5494892e82ef03d92056c226b9f4006a828b259a379cdca1faabc39935d10e,11415,
VNB - Office Set/Prefabs/Furniture/file_cabinet_medium.prefab.meta,3ef15954a7a6efed2982cfd31902d44edba1c64102ccb3137330ac2b83f4e471,154,1630afabe1cc030489542c43308060c8
VNB - Office Set/Prefabs/Furniture/file_cabinet_small.prefab,057a1247b923a3a7f04a21436aa5de521ac1a8f7a033c3b71abaf2b9245b582d,14316,
VNB - Office Set/Prefabs/Furniture/file_cabinet_small.prefab.meta,695bffb5c69c56617f63501ba91b7792210d1ca72dde5eda658e2583e5cc1b36,154,c959caebf4e276b47ab5362e36335720
VNB - Office Set/Prefabs/Furniture/lamp.prefab,e8aa455d46c48af4be5304c90d9db4ca7d570a8f9b7c35ba25e7ad9cba8737c6,5175,
VNB - Office Set/Prefabs/Furniture/lamp.prefab.meta,ef69250a0d27eb2119541cf2907b267bb18cb457885ea97e8de2a707458fd205,154,69fae7714546f6942abab8f0e225babb
VNB - Office Set/Prefabs/Furniture/lamp_small.prefab,b8f5859e86588aa5c61646195838984b598207e0019c8dba069fef5e9b6987d4,5172,
VNB - Office Set/Prefabs/Furniture/lamp_small.prefab.meta,0ae80916704c983250006902ef3202fab0a2ce5d996b62154164982df0da016b,154,cf61fa18617b84044a7a5e27d47719dc
VNB - Office Set/Prefabs/Furniture/modern_chair.prefab,d626523b2c597028f7e2eda63f07b6e30cde0376ccf31f116ed76f09f995b230,2846,
VNB - Office Set/Prefabs/Furniture/modern_chair.prefab.meta,2d5e2cb2c9d97a784d17d4c5297566e877d870424dc71127235047fe49584467,154,40bcb035c364d4b43a5976a35c7fa660
VNB - Office Set/Prefabs/Furniture/shelf.prefab,53eed1239c18b4cc9721f39532acadc76982cff0f196ace4b3fc30fc188a9f7b,25831,
VNB - Office Set/Prefabs/Furniture/shelf.prefab.meta,775ec48ece812a0a5110d52464d9a4c56d9cd2a5bc931b88c824bbd2b2f9dbef,154,66db9ad9447bb6c4cb0892a19dccca07
VNB - Office Set/Prefabs/Furniture/shelf_alternative_1.prefab,e1ce3670e5c05d5d0ccfcb4acd9a978e275e17d1e4eac3adcdb387abdf55e9a7,14355,
VNB - Office Set/Prefabs/Furniture/shelf_alternative_1.prefab.meta,d7ff72744d3153dac700d464bb12969df6ac9a6d8665a4fe94cb01e41ae79bf8,154,10fb39104f2573c41b611b9d2e2415df
VNB - Office Set/Prefabs/Furniture/shelf_alternative_2.prefab,60cda03f384ed240f5d3fe660f348c8004360e4ae06fe3829dc20992733abdd2,14358,
VNB - Office Set/Prefabs/Furniture/shelf_alternative_2.prefab.meta,cddba7e628aa3d2bc7bd7e05a942fe838bf43ed395bac3833da7c97741b65dbf,154,1b23bbb4cbc3d944f849ea507a8e0993
VNB - Office Set/Prefabs/Furniture/shelf_box.prefab,0f24eb78cf9e970cf9fd33808a40bcbb6b6ddc9efc666605ad1091a2e8c2a3be,2845,
VNB - Office Set/Prefabs/Furniture/shelf_box.prefab.meta,f67a1fe1c4ac9370810f460c5113a8fc0496ea63ba4ffa359e333a2d3d2b2331,154,e7f65dd45ef89dc4fb6d5db55058f16d
VNB - Office Set/Prefabs/Furniture/shelf_hrect.prefab,2f395aa32afa0f83374ff57b4ffe939494df260ef14b26ab60be956a926f29dd,2845,
VNB - Office Set/Prefabs/Furniture/shelf_hrect.prefab.meta,ca6ef88b0d8c9f32bc1b1d65deefe04e919d11925a028e6334ec0c5ef823636e,154,ad9718c51f2bf8f4c8b58deb6496cbbc
VNB - Office Set/Prefabs/Furniture/shelf_rect.prefab,20f2318bc9c03b2f062a2e6df5b81ae5c28019d8ab682d00d906df39e458836d,2848,
VNB - Office Set/Prefabs/Furniture/shelf_rect.prefab.meta,9f78955bc43c22e73e6e2857a844c79249a675577b10d5b9514326d8e6488964,154,4f62bf55507131d428a39fda2161c745
VNB - Office Set/Prefabs/Furniture/shelf_simple.prefab,52f0560b8d4c0f061131875c455af799fa06e1f5f84a77c1ef5e56cdd63f13f3,2848,
VNB - Office Set/Prefabs/Furniture/shelf_simple.prefab.meta,e8c6a5ea8b737d19a666b449a12dcff67034f85656f5c185c4fb8d0deb1289a9,154,6a3bae98aef97ab43bf76776001c9293
VNB - Office Set/Prefabs/Furniture/simple_chair_1.prefab,3a32f22749bc5f0417f449461e4e4ffeb3c3f1ed7058098e816db72c88294d29,2848,
VNB - Office Set/Prefabs/Furniture/simple_chair_1.prefab.meta,23c5d1e59e2358fd725a09282687238d829b9a73ab6e6ccc7d6011d6e8f377f5,154,f68bfe219b543b747b5834a1b4403166
VNB - Office Set/Prefabs/Furniture/small_whiteboard.prefab,967ea56e759a54f0853b3d38ee8b09aabeac7238de1c911d6667cf876ea0fcfe,15232,
VNB - Office Set/Prefabs/Furniture/small_whiteboard.prefab.meta,f872539e6c6c0aa1f13aaa01c2e55dc9d94a0e4f75b378e8d56c40f64cdd77f6,154,bbbf61090fb8c064789785c8a7727b89
VNB - Office Set/Prefabs/Furniture/stool_1.prefab,6b5849bf8c3438aabedb5e31fc2416849f4ff7528f0c4a786d3bb1434455b16a,2841,
VNB - Office Set/Prefabs/Furniture/stool_1.prefab.meta,738fe1611f0372547451565719c711246dce10fda08e9cb2b0891287468d35a9,154,478487cf6300fec47a11ab3d795be258
VNB - Office Set/Prefabs/Furniture/stool_2.prefab,dc4b9e929ef121ce466196220109337d14577e35d80d74c844c00dc09a7d716e,2836,
VNB - Office Set/Prefabs/Furniture/stool_2.prefab.meta,01f6597ee7ecc96c4c3704564c5327924b7c9c1793297014708c162cf04f53d3,154,a51be7f97c8591a4881c05aabc84cfee
VNB - Office Set/Prefabs/Furniture/table.prefab,1f3b142c67d81254288c06dcda1ceeeb34789092a08507b4ab0d770785f092eb,2845,
VNB - Office Set/Prefabs/Furniture/table.prefab.meta,55d6f37094f25afe324ff537da8fc67248d83ef2641d9544e01e86bc55508e67,154,2441fd2cb3b5a7c43bab08d72dd45e87
VNB - Office Set/Prefabs/Furniture/table_circular.prefab,1f437ad7030fcaf3d31591e24311f54dceaf869a21540ddfc2975640f2bb9851,2850,
VNB - Office Set/Prefabs/Furniture/table_circular.prefab.meta,44453a1baca2b90fb0cc6b8409714d8b896017da6546146e5701c50a92bf2399,154,d5506b9f7289f2846a573b5d346d1f44
VNB - Office Set/Prefabs/Furniture/whiteboard_wall.prefab,8db25047f133ac11cb3320e42b6e9b48a8e922ace5d8bb0528cf4753cd3909a7,2922,
VNB - Office Set/Prefabs/Furniture/whiteboard_wall.prefab.meta,e83a15d7d349e8d9d4edd72f242adb7e74fc71a18fe1b1baf32b5310a88a32fb,154,222cb652f40eb5c46bb42c9f185af0db
VNB - Office Set/Prefabs/Office.meta,79cf5bdb377b083a3633d3137ddec51508473c47f567c4d8e69400cac1cde8e3,172,cfaf4fecacef76848919b6c56018bcf9
VNB - Office Set/Prefabs/Office/air_conditioner.prefab,c3138d228121bef75128542b2463ce5826029c4435cff4903bddf0161ca43ca3,5241,
VNB - Office Set/Prefabs/Office/air_conditioner.prefab.meta,3a5dfd24d50f3c507013cd56b97f65fba6ff98f674cb0f3941f10b4ac3372218,154,a8a1ab089f8320b498643b66b2db4c68
VNB - Office Set/Prefabs/Office/book_folder.prefab,a582ed0ab8accd44b3303a694aee35b388daf14eabc0fb14b1d5d493498c8c46,2847,
VNB - Office Set/Prefabs/Office/book_folder.prefab.meta,308f61f664a2f6deca2249936f2c60b3a3a3f5a652c183a7baa153838cbf9b74,154,1c425a0791afbfb4795e35c5c317b3f5
VNB - Office Set/Prefabs/Office/book_folder_2.prefab,546128126f1989c1ba059c59cef430c830b7d7db545a83bdae39276448a4c62e,2845,
VNB - Office Set/Prefabs/Office/book_folder_2.prefab.meta,84cd500736976636c4552ba8342eb44d1851dfd5bfb50e5ecb4eaca913f1d730,154,60ff1471ae2c62a4a92ddb40065ad48b
VNB - Office Set/Prefabs/Office/clock.prefab,e7be243799bc1ffed84856ca5a92b64dc21ced0240f280babbe983e97084bcb8,7688,
VNB - Office Set/Prefabs/Office/clock.prefab.meta,79b8c208fa5c1108fa3706feaccb518ceca75745ece117ca47e4ed4799bb9932,154,077eb31668b6a20409273c674a9ef4b7
VNB - Office Set/Prefabs/Office/coffee_machine.prefab,b23d95bb4c296901ac39c43f8f11545ef46316acb2c429f96b31bc849c64a1ec,2848,
VNB - Office Set/Prefabs/Office/coffee_machine.prefab.meta,76a5eb1539c48ac9858126b4b08b1bab3868455c75cab7609cd7fe3091393c98,154,79e5fecc08a749941bdef448897de6f3
VNB - Office Set/Prefabs/Office/computer_new.prefab,e5d63c39d7c616b4d70278a9220ca9fb5ecbaf99bdec5ce21639dad093a9df97,12344,
VNB - Office Set/Prefabs/Office/computer_new.prefab.meta,d5357a83e730c75eecc23bb2ba69e2cb3c43da01d2f80074f7cf67e964abf997,154,ed7a8441bc8a9e042b68e5c08b5d0286
VNB - Office Set/Prefabs/Office/computer_old.prefab,b8d5af419e7af8922b2bc0258ae03154c301caf243f6734089db09c9f8d55d11,9544,
VNB - Office Set/Prefabs/Office/computer_old.prefab.meta,90bafa4d99f1c6f32245e35d64f29033ef6187b13f25f5c5afd3dac629e84f76,154,e6bec74b3d2659c45a9a9b0688e38c75
VNB - Office Set/Prefabs/Office/computer_old_2.prefab,790b2b2e6a8b1c2da67a961c639f734aff7e93e4e6a23f4252b67969e92d6c16,12348,
VNB - Office Set/Prefabs/Office/computer_old_2.prefab.meta,33b701de8b556f45311a3161a0d1c690d479289ef141a40e3b0fa0cf9f66645c,154,670f20a4f35fcb249b1a44693addaa66
VNB - Office Set/Prefabs/Office/controller_ac.prefab,eba2e54f7f74ba91f39637ef3ac1b87d3079045d70b926af867ee8b31dbef7a1,2841,
VNB - Office Set/Prefabs/Office/controller_ac.prefab.meta,b96533374321a6265ba3b4911355a7f76d37d708289ea05fedcd0946e7cb07f9,154,9477727aeac1cf84e95c8faa04d79303
VNB - Office Set/Prefabs/Office/controller_tv.prefab,87f5b7b7053d4a7e7199c6aa3623489e61d1380041a23141b32fbf8184840abc,2841,
VNB - Office Set/Prefabs/Office/controller_tv.prefab.meta,11426399c18db62338d6608aad5b9f03e8c58afd003a50a84770ff8aae4950d0,154,784e980c1cf96344d9d04f01e2618d6b
VNB - Office Set/Prefabs/Office/desk_1.prefab,d8be30fdbeb14710a37ea22f530a0ae7ba5480d09d3937069fc6728ec176a9d6,8557,
VNB - Office Set/Prefabs/Office/desk_1.prefab.meta,9c4549c647c336195577bc955b0c070cb2b1db40cf60e0fc47f1d5b153266db2,154,a640dae6100b53b4ca9bb92c46773972
VNB - Office Set/Prefabs/Office/desk_1_alternative.prefab,5e049235856f64471eddd1e054f908ca52dd3b235884acf239547fa65b445470,11678,
VNB - Office Set/Prefabs/Office/desk_1_alternative.prefab.meta,2d6d74f43539232b3b138226050f4953971636a7fefc792ff599307138f1230b,154,141e5782a7b9eca4ea38f8a0f66746fb
VNB - Office Set/Prefabs/Office/desk_2.prefab,0a37ef132f4bb5f3e002454af612fd0ad08a7f6882e9aad4b45582d7fef6c458,20049,
VNB - Office Set/Prefabs/Office/desk_2.prefab.meta,f192731ed54248f74625934610abe017f90e322cae90802e8f02509c391a4909,154,967f27315cdc09c4690d53105ddd4956
VNB - Office Set/Prefabs/Office/desk_2_alternative.prefab,ba97959153eec64fb6b77abbfdb7a98126334f1095fe05163846310c5aff0434,28556,
VNB - Office Set/Prefabs/Office/desk_2_alternative.prefab.meta,62fcc410e50421a652da1aecd194cb99f4f20910f3f887a940d814e9b4d1b632,154,cabb045b714a92b428390b58d765d79c
VNB - Office Set/Prefabs/Office/desk_2_alternative_modern.prefab,cb5edc8b9b4c3bb3985c840ab4767ed56eb6dd68e565185c6bbff6721766a354,22929,
VNB - Office Set/Prefabs/Office/desk_2_alternative_modern.prefab.meta,857db25853cbe9490e134b30a0964e7105193a5296eadb21ad0e072d7fdb359b,154,c184ee61f59bf7a45832f4bd6fe6d54c
VNB - Office Set/Prefabs/Office/desk_3.prefab,d9bff832401784b659cf74ed5a3b0b92522e3aeed2d6fcc10c35273ca5a104e8,20118,
VNB - Office Set/Prefabs/Office/desk_3.prefab.meta,1e25503e79a9de46bb8e1cfdc67ec87f2369c5e63da9ebd7c22782c62a90f122,154,aeec122b5cfbc844894e42eb2bd55386
VNB - Office Set/Prefabs/Office/desk_3_alt.prefab,b2fbf077d811507f48db2d550d54d32738603d4b2f12e453d40d93d6417cdade,8757,
VNB - Office Set/Prefabs/Office/desk_3_alt.prefab.meta,7c75cdf32d99394377e277d37640dd84fda61dbdcbd596387a56c75cfcef8bb0,154,794b45d9dcd477445a791f54bab09d4c
VNB - Office Set/Prefabs/Office/desk_3_modern.prefab,105ba6f4dabf70edff6ce6fa3e2115dfe34cca3f5bcc96049adf46467a179669,22991,
VNB - Office Set/Prefabs/Office/desk_3_modern.prefab.meta,60e56985a9f5d01f37da81b85306c919fdc1cb9b88121e8ac4c42d42f0837cb5,154,46b951c178938ff469e5550fbc61efa0
VNB - Office Set/Prefabs/Office/desk_4_2_people.prefab,02643cf1b6b04a4d2d80a27fef1f220fa87ec48c4f684d078fc30a81f887cbb8,23088,
VNB - Office Set/Prefabs/Office/desk_4_2_people.prefab.meta,53b7d877451e8ccb76dfb12cb19352718dfdc5d1fdaf22a165d36418eef24f21,154,3a13312b513393a4f8bd43711ee74911
VNB - Office Set/Prefabs/Office/desk_4_alternative_modern_2_people.prefab,5f6932a4d0f95150601b9e1e1d0ba61be67c1c7863c4a543a774dbb396fe7817,28863,
VNB - Office Set/Prefabs/Office/desk_4_alternative_modern_2_people.prefab.meta,38b79c5bb2faddd9ff8998ae16d39738c23aa2ae9cc760718167b43100df5952,154,c4bf1b0306a7f8b4494f23e64110f080
VNB - Office Set/Prefabs/Office/desk_5.prefab,5153be3bd5c0c03a879dcd11e37d21cb0cb396774cd58ce92fd33389fece3dbe,22865,
VNB - Office Set/Prefabs/Office/desk_5.prefab.meta,14d9c8442f9f04d7445a1e3b400313af67fa31984171925f59b2494ecb5dd020,154,4569b6576b549fb40990d819bf7c5382
VNB - Office Set/Prefabs/Office/desk_5_alternative_modern.prefab,d3093472770d4779c0f3a588aaab8b479091e15e1d6de58b8ee8b97af7d3d72a,22986,
VNB - Office Set/Prefabs/Office/desk_5_alternative_modern.prefab.meta,60ccb835d2c7e10f6cbdf5d37324db1c190b860128d4deaf8686e38431d7163d,154,ff52c44924e0b8345bf6384bcf6e0ff4
VNB - Office Set/Prefabs/Office/fan_1.prefab,cb6d04447b5f3d0a408c7fc803905f0f62dff970aaf71e5765b0803e764f832b,5685,
VNB - Office Set/Prefabs/Office/fan_1.prefab.meta,480b88aaa813b4cec4b7dc103671c8eafb022f789dd0a4d4c501a5c5c1fe9ce1,154,450d9563d518cbc4ea0c40995d0c09da
VNB - Office Set/Prefabs/Office/fan_alternative.prefab,5e858c3cb2e9df97209f53f8141e3c9ae381724e3e7c11254975d672598c9c7a,5697,
VNB - Office Set/Prefabs/Office/fan_alternative.prefab.meta,34347cbd8652ea581617aedc9f37e54c24b74bdf21f45d37975980e035529e1a,154,596468c1540895f4289c548e9df77b27
VNB - Office Set/Prefabs/Office/microwave_new.prefab,1b94a58dd68284e3424a215f2e098e0e4d7d82e222fad0e25d9fbfd9379e659c,5716,
VNB - Office Set/Prefabs/Office/microwave_new.prefab.meta,0e977f433d6217ada659ad0ed7975f7422b1de1d7264af81ed163b3548ea0602,154,29c0775bda4f15a4c972a05239145e8a
VNB - Office Set/Prefabs/Office/microwave_old.prefab,2ccb6214fb3c617ba633c761a388dce0b731ef6ef8558834addf7fe95ee5e033,5727,
VNB - Office Set/Prefabs/Office/microwave_old.prefab.meta,892905ea473035499b78f759ce7995fa100cd04934a410dafa36878477e28af7,154,39b256cb556b8b843a2477d134454487
VNB - Office Set/Prefabs/Office/new_case.prefab,322aff2df957195aa67c619a8bb26633352bd16aa91d7a6c07c5b96c4a9b517f,2841,
VNB - Office Set/Prefabs/Office/new_case.prefab.meta,4729d46ebe684e3232e701e143d45870931198b1220df98a920af753643dfb1e,154,170303b77f7cf7b499262e592a3670de
VNB - Office Set/Prefabs/Office/new_keyboard.prefab,08ecb10b957587c3bd7c2b6ae10101f375ddbf258a119ce3669c755380d585e5,2846,
VNB - Office Set/Prefabs/Office/new_keyboard.prefab.meta,e79dbecbd523d9ef918791553d1be6f76ab0720c5237217370f98142ef6e95d3,154,4f0decf06c4a82947b05e0f13c3ff038
VNB - Office Set/Prefabs/Office/new_monitor.prefab,1f55cba77d20185971866a0b60918e162581b8625e3268e6c31b74e30f689b4d,2914,
VNB - Office Set/Prefabs/Office/new_monitor.prefab.meta,91fe49df9b15b77f6caf70502f3587412ba48465b51c4ce02e4f3d7aa240ad41,154,435ccff05efc97e4f8eb9212bce6f158
VNB - Office Set/Prefabs/Office/new_mouse.prefab,347ee612b85daaa9cf6719cf928bf0ce7a50692358a9a36cd3c80829a950e3f2,2843,
VNB - Office Set/Prefabs/Office/new_mouse.prefab.meta,e69b3c115077d02698e0714a05ab876b44f351551e44581d27792962381db26f,154,d3c21da7f014ddf4cac46e46f889b009
VNB - Office Set/Prefabs/Office/notepad.prefab,db3049bd1d7ea2d0fe160ff82930b2303bf7128d8f45a2d4d104a2761ba5c346,2839,
VNB - Office Set/Prefabs/Office/notepad.prefab.meta,038e40bfc85841527e5ba395d1cafbbbcdd01c167f23140b6abf6fb06bb3afd7,154,794ca9ac3e34a6c42bd845432f87cd68
VNB - Office Set/Prefabs/Office/office_chair.prefab,39c7a21f41d1f03f89e3ae7738af5a313e725051313e067871b0b99c6ca008bb,20191,
VNB - Office Set/Prefabs/Office/office_chair.prefab.meta,36dbff9b11c13c04216a7146f94315e59904a09128c4de63a0297fba1ad510d3,154,eac496dabf87c6e4098dd8cfa5f37ccc
VNB - Office Set/Prefabs/Office/old_keyboard.prefab,f66703ba0ef2b92423f8e3755ea56879fc1cd9746e8c3f743ecf577b71d4e56a,2844,
VNB - Office Set/Prefabs/Office/old_keyboard.prefab.meta,cea0aae1c3f0dc8c4a78842748e8e9ca0b5eed5d07b4ccc4b7267e45275f0c7d,154,ca0f1f9e7b6e2ca43a8e405e213b5857
VNB - Office Set/Prefabs/Office/old_monitor.prefab,67fbfd645f3a160ef09101626db34ea9aa22287c2c6b1398a6d2c832a4d12bfc,2916,
VNB - Office Set/Prefabs/Office/old_monitor.prefab.meta,709b5b2ae3cee5d248a821b2376f390b214f17599e4dbddada8d4c70f1e45e56,154,a2c9e035f53a5144e9e19418b131c2f2
VNB - Office Set/Prefabs/Office/old_monitor_2.prefab,bb5345478d89163be201fbe3326fc7287a04b5025e14514921f13a4ff6e34964,2918,
VNB - Office Set/Prefabs/Office/old_monitor_2.prefab.meta,b77a916b41119987809780ed9a2555184b6cee14385c31b3cdbdef1dedf833dc,154,bf15518dc245933498060e3aa7112ed6
VNB - Office Set/Prefabs/Office/old_mouse.prefab,c0359111725104654f25698540943d217e92aea5e36187033c6b79d30d10d2b4,2845,
VNB - Office Set/Prefabs/Office/old_mouse.prefab.meta,862563deaccf27f039885e90e95a483f61b31a8584b9c0d6ee1cc0b8eaf7fbd9,154,ad2fa7a61dc7cc340bb3a98a565abdb0
VNB - Office Set/Prefabs/Office/old_pc_case.prefab,c8f981b136aeb10df0374cd70b9f0cfc88086628bd1f09ff19c03de29ce0692e,2846,
VNB - Office Set/Prefabs/Office/old_pc_case.prefab.meta,77f877b360535fd0290aaaec312cdd736e3d007a9e83c77c2b01af4399fcf46a,154,050dfbb4b0eb8474fb60938bde285f9b
VNB - Office Set/Prefabs/Office/paper_file_custom.prefab,fb6dd093733066f2579f0bea9fe03e0fbe8327aad27107889cf0e1cc5e3dc29a,2922,
VNB - Office Set/Prefabs/Office/paper_file_custom.prefab.meta,55dc9ff0c207b4b76534008b83ae61032dd37dfdbfd1096e10fe91dcdc80e8e9,154,409a59359549aef418ba80e0b2e0056a
VNB - Office Set/Prefabs/Office/paper_stray.prefab,ea7e967f2a00447c50ddfb257d542e81e057345b031720f5e9f65cefef10e470,2836,
VNB - Office Set/Prefabs/Office/paper_stray.prefab.meta,7513aeecfbca7c78ffd20c68f2854dca5c99fb1b0777b0f5456d8788252b32e1,154,e84285a83eb81ac48873e516fa1603d5
VNB - Office Set/Prefabs/Office/paper_stray_alt.prefab,447ce0efa7931196153a11913c6580166a5d4533d7a0a03e00d28a9c685bd7bc,5692,
VNB - Office Set/Prefabs/Office/paper_stray_alt.prefab.meta,fc43fb2c5c444279fec15b947bf030596f53cb4c2550831e7edf0ea1f0e2196f,154,ab4c001269ce71c4b91a2b67970392ef
VNB - Office Set/Prefabs/Office/paper_stray_alt_2.prefab,7f22312ad401b3c1eb8f960fdcc80197b69ae9317d8a9f8e4faadeb9b106273b,5701,
VNB - Office Set/Prefabs/Office/paper_stray_alt_2.prefab.meta,2e2cd046ea74e9fc3d18a840e689ba25af53ecf53e666b56a51f26f21b26c5db,154,68d14f4fae1c5ed43a13663b08c324ed
VNB - Office Set/Prefabs/Office/pen.prefab,0ea4acfef290ea5553bbd9d873490384e8a5b22158bde2d77ee68e5fad390e7c,2832,
VNB - Office Set/Prefabs/Office/pen.prefab.meta,f890afc838d1e604765a4364c2d6c7ba01feda5caa4ae95919d9c0ba9958fd00,154,70c33ed0e42f73842a088229422b1b40
VNB - Office Set/Prefabs/Office/pencil.prefab,8131d6243585051b6b98c97951e464e51fdee5acf93dc3032adfedd6eccbd5c9,2831,
VNB - Office Set/Prefabs/Office/pencil.prefab.meta,7236ad98440f423c2401c6a7cd5f414d7527d3a9af1732f23b567c5c8f4e37e6,154,278afbdd3ce480e469c9a7e554181867
VNB - Office Set/Prefabs/Office/pencil_holder.prefab,d806d3213503f78d5257dbab0d8c6a733c70d7bb9a392ed6327356a0e6da9e2f,22209,
VNB - Office Set/Prefabs/Office/pencil_holder.prefab.meta,5d80972f46c9684ae2c56581ff270e88fcfa1d1e1a055886b88d748dc30f93a4,154,27e85d63cb9b30b4d9acc2497f67048b
VNB - Office Set/Prefabs/Office/pencil_w_eraser.prefab,0ff787e2c41be2362c30e0eb15dbf6d8feb7af18dd3d2fa6de813120c8989de9,2847,
VNB - Office Set/Prefabs/Office/pencil_w_eraser.prefab.meta,939a1ea59ddea61161152d6176dd459f63e2f67a80aa6d365729d562d061a484,154,377634daf5bc4e24cb3f07c32527ab91
VNB - Office Set/Prefabs/Office/phone.prefab,f3d9b8494aaefb7550963d8cff5c7b855919b9fe19fb726fa8c393bd3ede79c6,6764,
VNB - Office Set/Prefabs/Office/phone.prefab.meta,cc79b80817374551bcf59996293ac40c8fad3c8a49bce547f5bc55fe2992c97a,154,95d7dcfcb3189ab4c86b35b6c76dd40e
VNB - Office Set/Prefabs/Office/pile_of_paper_alt_a.prefab,f1aa01b306ab2f52381961bd9d2dc32db831bb3aa91e114bd30e47273bb5c160,2853,
VNB - Office Set/Prefabs/Office/pile_of_paper_alt_a.prefab.meta,d2e1e895b89a27fdaf0ad7668a05c49dc49918ef1ef55d1387f9914375402add,154,611590c46e3e47d4b9eb12aab6295a68
VNB - Office Set/Prefabs/Office/pile_of_paper_alt_b.prefab,6449afb3ffd64b1017d835a69c565ef1cc0be54f29499baf80eab17d0297b3a2,2853,
VNB - Office Set/Prefabs/Office/pile_of_paper_alt_b.prefab.meta,574c4d26286f0abd4d90f1f40c9f0a816faea47482b0abdb4da988f725847e89,154,1a665596c035d1644a00269a3765301e
VNB - Office Set/Prefabs/Office/pile_of_paper_b.prefab,6e6c90e83ffee5261a6bdb2075c4ab2367a673882ab9edaeb2ba9e59e1acd7f5,2849,
VNB - Office Set/Prefabs/Office/pile_of_paper_b.prefab.meta,fde88ef9215980a3cc24d7248b84851598ed8a3948efd0d96086e9787e53c8d1,154,2588ea7ddbc74c648bbeeff01e031312
VNB - Office Set/Prefabs/Office/pile_of_paper_custom.prefab,288e420db8cf3538a9112cab156ad6745f954f55759570929e3a3ba1169ce50e,5781,
VNB - Office Set/Prefabs/Office/pile_of_paper_custom.prefab.meta,4f73dcb9d00ad70e8acf01caa0e05e2d3d6046f93eb810d1d7f7b6a25b4b0970,154,8175144d77bc3f4449fec41cd271fe5d
VNB - Office Set/Prefabs/Office/pile_of_paper_small.prefab,d4900f0beef3556fc010bf202fbfd6420fcb79d4ac1f569d224ea455e2d0861c,2853,
VNB - Office Set/Prefabs/Office/pile_of_paper_small.prefab.meta,7aa4f24af00755bcb9dda562172bace24a1e90bd59077366b759d0ff4634c257,154,8e84ca73543071240ba2039c509d539c
VNB - Office Set/Prefabs/Office/printer.prefab,449cfdab474f641be0ed5313126f626c7fc860d2464d1ab6ac62bf22c7dba77d,2841,
VNB - Office Set/Prefabs/Office/printer.prefab.meta,55fb008b6d837c7efa9aabc196a49ba1ed78d302aafb2c1d01809473e6b586fe,154,d0a525aa373c7b945b29bbbacabf73b2
VNB - Office Set/Prefabs/Office/projector.prefab,2a8ee87b3b8c10f07add5880677ebdb10d4dd7e077f793b97f0ffcb665b9b55d,2896,
VNB - Office Set/Prefabs/Office/projector.prefab.meta,c4461a02256dcfeafe6a682f362f2ff8889d4b6c8027bb24236446ffda58c84b,154,8d4969e2fe31ce74c92cec5bb038ebe4
VNB - Office Set/Prefabs/Office/simple_desk.prefab,559e05f5c05b98585d4c9be3625f48d667b9e0c2f2e8555073a410144979cae5,8522,
VNB - Office Set/Prefabs/Office/simple_desk.prefab.meta,7976fed6ce3ad5fe5cc6ddad6405b1da005c6927942c231a1cd577fe1437ac5d,154,db25d2b389bb0f8478e7e515c8f76426
VNB - Office Set/Prefabs/Office/simple_office_chair_variant.prefab,7d3e10483716b147dcfcef9d4f14377ea18bc82c84cb87a9d43674cba890f21b,3420,
VNB - Office Set/Prefabs/Office/simple_office_chair_variant.prefab.meta,4081e595ab50737fdb2744f59c883bdb887a1e624b1429158dbfdf7cd7ff106a,154,555776743ab31da46822e12ac74c2e88
VNB - Office Set/Prefabs/Office/standard_office_chair_1.prefab,529ac59d752885abeed3a65d1fbfc1589dd55cb2496aecb77f883e18cfb574b5,20204,
VNB - Office Set/Prefabs/Office/standard_office_chair_1.prefab.meta,386a6555e1f135b6fa0cc94d7a6fa4c554848be29c3d5faf9e14beb476fcc217,154,615251885f1a6ab458e28dd5d6c6da64
VNB - Office Set/Prefabs/Office/stapler.prefab,06557f875d6580a5a24c70573e548b0417db76ac7b3d1100fc7393b9df933614,2837,
VNB - Office Set/Prefabs/Office/stapler.prefab.meta,e416e52d258971ae5ce5e74ba5f69db2801a761494949a539e1229dfdd90ab67,154,9334802947a112d489eb0ad702ab585a
VNB - Office Set/Prefabs/Office/tape.prefab,a40775574a6cff8475dd4abc84df57699d893a23b853222e2ceebb4a1d67b4aa,2836,
VNB - Office Set/Prefabs/Office/tape.prefab.meta,d4632f0c9c9612d3191d733426f69fcbb3d13d96799564bf7cedc91f18a006df,154,e5e3f50da533d5d47aadb127d27cce39
VNB - Office Set/Prefabs/Office/wall_tv.prefab,b7304123472e0f6aafb4a6cbf1276ec8c44ae62fc296f29f875323f49b2d8ae9,2914,
VNB - Office Set/Prefabs/Office/wall_tv.prefab.meta,1ef3c91ff69d599824924b461420a93aeef3cefacbb1b6de0693d9d258c9cbb3,154,500e25948fbfa3c4a9bf620c6601bde6
VNB - Office Set/ReadMe.txt,4c63e2a4f996464b8e8859cf5999fd87cf22b531d221aa53a4f9447bc9c86fff,5422,
VNB - Office Set/ReadMe.txt.meta,39ac59b86bfb6c88e0f9c2a359f20f5f0b12d5ed4f7fc90e1391f28a6fcf6c11,158,7775daa797174f64986a52cda8c411ed
VNB - Office Set/Scenes.meta,3dcbae6b80285b8567a8fd760604ec67be5d7fe50509812e7b0ca872d12dce03,172,86201345327958f4f9f1aed41d24ec15
VNB - Office Set/Scenes/Demo 1 - Office Set 1.unity,ac4e2205a76dc3229618e42d24b13f0f89bf69bbb0c97ee1e79bd600ce756c4d,1006926,
VNB - Office Set/Scenes/Demo 1 - Office Set 1.unity.meta,1b2f8bb4bc1c4f7b15bf84dc68d282edb3116f94e7476f9cabb5fbbbd51e5e36,155,07dc5aeb3e649d64e8546a1cf01f5e5c
VNB - Office Set/Scenes/Demo 2 - Office Set 1.unity,4bd80eb76adf73e61e5134b2bb8c9f9c4df7116581b34866fea1d01409e9f455,807201,
VNB - Office Set/Scenes/Demo 2 - Office Set 1.unity.meta,f7c7e297e4e0fe2817295f5199c0833c3d26afd6ded7ce8377ebd87ad9b02ec7,155,578728e0dd306bc42b9882fa04dd56df
VNB - Office Set/Textures.meta,730ba21bb1f52a6aff4a043622d1e1f7a236686df72ba4ec2a93511a9fa40ca6,172,0d455d938203ab646bd68fe815a03596
VNB - Office Set/Textures/DocBoard.png,cc90275202235920d37bbe2e9729adb7b23a43b8445b4baed9f3656e1ea0dcba,80556,
VNB - Office Set/Textures/DocBoard.png.meta,77310cb0e12b6335758f7e9a64d6378c524090bda2749fd275e22d31c5699b5b,2447,ea8342b391baecb4cb31eede5e8e420c
VNB - Office Set/Textures/DocBoard2.png,2e7e56e3b35eb73c7ae0a7da60f03d6f7497ea52188def4b86bc224bd4a0f451,83254,
VNB - Office Set/Textures/DocBoard2.png.meta,4fb578a6859a0771a6d25652b0fcb5b1a70a217111d848181eefac792b78d2ae,2447,7d465d1344476a44c8848a70625d539e
VNB - Office Set/Textures/DocBoard3.png,946f135d21ab5aaf1f6f50bf13d9a93eb701cf4cb70213f3b4f6bced6956e429,130135,
VNB - Office Set/Textures/DocBoard3.png.meta,c2dc084d07e653cffbf7b91b81816ec5de51d69e168ced0ea1ec8c326d23de97,2522,7c24fc020a963e140a38db61e602ff30
VNB - Office Set/Textures/Paintings.png,01d054526ad558f044faf17308a977c1c558acf29f121a9d2829f1c8c3d53bfb,99720,
VNB - Office Set/Textures/Paintings.png.meta,43b2c61616e8376b74677d83c2502616b5f7d776408027d95e11251d559f1860,2447,6e6b4f634ea88f347ac49519e1e92401
VNB - Office Set/Textures/Paintings2.png,7a979c5e549ad51d7e44704b184682fd5dd05ecf8fd9ecc157f7e1a965b9bbf1,122534,
VNB - Office Set/Textures/Paintings2.png.meta,14f46769c41794259da78af5a931cb0f0a66bf367dce569f0a1f07f83787f117,2447,5be774b403bac7e479a911c191edb0cb
VNB - Office Set/Textures/Paintings3.png,2711f372c32928fff47084867d0cd54bc2f1414b36dd74e14eb1c70034cf9ed3,346349,
VNB - Office Set/Textures/Paintings3.png.meta,83091567fe9764972e975e2e121258601a16bbfb7125c3729405f52e4f569e92,2447,655bd399676aeb44587110314f6dc5b7
VNB - Office Set/Textures/Paintings4.png,8cdcce899c261802155ce226ce48edce642497594b14daec55eae7b24af77c09,470370,
VNB - Office Set/Textures/Paintings4.png.meta,eb025f8194fdad3e1b50af673c91680cf844955433aa19f2d4aa3b59ad650470,2522,fb046d0d5090fa6449dbb0e978bbcab7
VNB - Office Set/Textures/Rug_1.png,9526235f1f0d7690cf887c00bdf1161c15e53e09401190b63630ddd33be04b2c,868795,
VNB - Office Set/Textures/Rug_1.png.meta,3d49595dc1de7868f963947293e7b2a4b247b2b3d1e10786886884f8b1e07a1b,2447,5f7693d3af0d3884292dac28baaa53fa
VNB - Office Set/Textures/Rug_2.png,a787c65d5c782c07e8dec7ada15d6e166a3191648beebf62d2e6fa0ccb79511a,912946,
VNB - Office Set/Textures/Rug_2.png.meta,ad70fa9a808a53e55fe224b5fd0ca8ecf13567514e99ca649faff6690c241d96,2447,eb82be3f5abe0454d97fdbdd124c6ec8
VNB - Office Set/Textures/palette1.png,7051dc1ef9e5f471b4371587831e5617548ebef38a22b37664690caccf26debb,1996,
VNB - Office Set/Textures/palette1.png.meta,5f82f7d524a2d765777d9e4f6ef734e4a2f42069fd4e584a1e2230abac1bb88e,2500,f545116a0c5c6244b8d9a33d2c8813d9
VNB - Office Set/Textures/palette2.png,7356a2354d5adb5a09adbad8d2d64f7c2a3be4b6f3595e7af79058bc21f294c0,1794,
VNB - Office Set/Textures/palette2.png.meta,fef483f2e5985be37fbc3da6216cf745292b768a489b5f0902b05c0662f0e6b5,2500,c5f00f9fe87068048a150981ba00e9cc
VNB - Office Set/Textures/palette3.png,900699032b314b537aedb369364b2e59870e2f385760c9a05fd930aefb67e7fd,1792,
VNB - Office Set/Textures/palette3.png.meta,dc1e70e2b3e048d12cdb7ff2cf0a63065a9e2786645c9c58ec6ad417939798a8,2500,89f6c2e5c02733241bb71951f84cb01d
VNB - Office Set/Textures/palette4.png,1b5559868f8506e3916d34e6af229c165175469c0a6657b9f313a90f45b2298f,1789,
VNB - Office Set/Textures/palette4.png.meta,213da64d7c9e21d7fe6cadd023acf043c77625c8e9c5d60d5863e6889b6709e7,2500,6e3c57a0c70736f489c4ed55e6fe8ed9
VNB - Office Set/Textures/palette5.png,309ff68f1e52286efcedf275f4e15fdd9c3fc618bbd956acb8cf5a9d96916fc2,1793,
VNB - Office Set/Textures/palette5.png.meta,b58003093bcd409b93c85430cd8317c49895d802d97b51ea46f08f8d02ed5187,2500,cec0beb2c44e60c44ba81ff50286dcbb
VNB - Office Set/Textures/palette6.png,618809c87f520932f4ce2e997f2c1daa355237268238a262906f965c477c9d69,1789,
VNB - Office Set/Textures/palette6.png.meta,f0bc56297993319c6102d88dced8cb10a19217fd35821f1082c1f40c011954a8,2500,615ce3c203f94de4fac6533c8d5f9369
VNB - Office Set/Textures/screens.png,78e9ae8270fc9bf57ce254169e5c297ec2ce07626357a74ba29fd96fb3d65f07,108165,
VNB - Office Set/Textures/screens.png.meta,2bff73c295c052219e58aa18611517d1dfc4593fa37402f5c2b821d8ccade7da,2468,ee278633add2d514ba56a3b6b5f64f68
iPoly3D.meta,f56e76fa8f245f5a38a45e6f75d5ad97d6fcb64e26868c06b1617be09fbeb964,172,7addea4bb93b9d94ebe18d51c563b5ac
iPoly3D/Server Room.meta,2ce148af5fe4c88a1aa1159ff0bef4908a3538b78f8eaca72a6522b204c85e0e,172,3f832e9f36d7ce74f822bcaa51505148
iPoly3D/Server Room/Demo.meta,20983397ba99a95cd33e9bb3485a5fef3bb58fe9fd3ac8e8380d9475704c1b36,172,780579b456fb17f478cfbc94b94e370a
iPoly3D/Server Room/Demo/Demo.unity,9be6d50c096a26a90f00313c5a5e14e49e202214ba13a9492dee21c2168bb68e,365684,
iPoly3D/Server Room/Demo/Demo.unity.meta,f126057c1a1b11a2cfc1ad5740563bf911c81775c34d84c79fbfeea5aaaebc09,155,fc7981980dd90ee40b53eda4bd70c5fb
iPoly3D/Server Room/Materials.meta,cc958ee5b9127183d7af39dc1190896bd99dbdb29e0e38e25856cdd3294fca87,172,be9eb59d142b66f4a96da81a478d9b78
iPoly3D/Server Room/Materials/Glass.mat,e2fa58ae52421267b6677c899f0aee73e986967d5a51cfb2301289274e0c5a42,2111,
iPoly3D/Server Room/Materials/Glass.mat.meta,78a7e24f968e6715232cce602171bf0983d00241f4466a63275a709c7d3caec7,188,5786f1117a840014b8ab40c3c7a18c22
iPoly3D/Server Room/Materials/Server_Material.mat,77ab5b1fc64a169926f218c1ec490fb9869f8fce5934895286b9796aa365917b,2181,
iPoly3D/Server Room/Materials/Server_Material.mat.meta,ea472595ae8a3033c5a1ab8ba824b583c790300ac3af46ea29b40ae5ec2a8684,188,dc772efc330be464785be67d4a6ee8a6
iPoly3D/Server Room/Materials/Server_Material_White_Glow.mat,7f5457ee8d6939f7e38febef671f4187cfd88a49e60391abb2e0af9eed73ecd8,2190,
iPoly3D/Server Room/Materials/Server_Material_White_Glow.mat.meta,55a7f1971ec78ac7a0426ebac03061734a0704e927bf23d68f65e42bad48b1cc,188,f38c3a4df1a13aa43aa34ed48cb326f7
iPoly3D/Server Room/Models.meta,1d849d41b97c2bd920d2e6f2cfeed3957f022c7e009afec964090f50719d3346,172,2153cb113503597469d7407ed2f0a053
iPoly3D/Server Room/Models/Keyboard.fbx,5e3a00c00366691967fbf71825cdbeae23663bbf991a24f18ba0b29f8ad45fff,27836,
iPoly3D/Server Room/Models/Keyboard.fbx.meta,228f7ad505c48cc3b223ae5eaba00c39b19ef4d276c4c0364d398fb862cb639b,2427,251fbd0380ea83440af7758ab5b258b8
iPoly3D/Server Room/Models/airvent.fbx,1541d550c05906d1f60720140a6e60429a0037c41949ff622b804c552c06531d,16652,
iPoly3D/Server Room/Models/airvent.fbx.meta,eb14ade782692eccc2d63668f7e04426f7a0cab4fb2fe4b2b17ff570efec1330,2427,23f52b54fe7d69e4884b5cecfc96ea21
iPoly3D/Server Room/Models/box.fbx,651a98ae26edbf030b185af711997ae7bb5769d8cc63f9999b557b5042f1a1e0,17180,
iPoly3D/Server Room/Models/box.fbx.meta,679536dabe9ea661663ce7fb415344982c0ff9b100d6882f2b32a04ecb5793a2,2427,c9c6ccaa5a4cfd34388852fcd337ddcf
iPoly3D/Server Room/Models/ceiling_light.fbx,7689f3b26b6bb95ab16f6b4fb3aa6bca6b43ec58e6e9781dcffd491bc01bdf14,11980,
iPoly3D/Server Room/Models/ceiling_light.fbx.meta,d4e120911361402f05a7647efe31557c3806d5f7d08f7a20bea6b1ac8c423458,2427,01e65b1ad671b354fae4fdd2794e2a3e
iPoly3D/Server Room/Models/ceiling_single.fbx,e2932255cf2a6f20b8215dc517e0005ad8424fd6ac8115756e7eace3555c1aac,11660,
iPoly3D/Server Room/Models/ceiling_single.fbx.meta,aa7ab003bf325f0647a3ed642b427e6e30dce8aa0775835928ad9814d02a5bd6,2427,e223518c56d468748b9c706805cf546b
iPoly3D/Server Room/Models/chair.fbx,d05c83422f5d041152ef88da68474bae90c6dbc79121d9f9602dc70a622c7b61,26700,
iPoly3D/Server Room/Models/chair.fbx.meta,2cd3c838723e1584d366c3f33add09ecadfff04462060a4615698d0b12c9bf0f,2427,020b98f52c31cc1408b7f931a6eca991
iPoly3D/Server Room/Models/coffie.fbx,de6353130eee312a3b5c16cad5b9afbd82ef1c5e12e0fc7b400d24b221e351c8,15260,
iPoly3D/Server Room/Models/coffie.fbx.meta,f5b7dc2b0be1888105933aae54951f89fbc1768d59ef9fb6c069491995266a2f,2427,b4157c7e9619751439a4e106a50965d0
iPoly3D/Server Room/Models/corner.fbx,42e991ac95dd9ad30290663c849ee74b40d16c21496d013cb68405b2ac228d57,11900,
iPoly3D/Server Room/Models/corner.fbx.meta,97e0a22f5352d06784998a871ed721cb3ca2b7e96d764f0b8b8599f0cb56f940,2427,39db49ee5060123428669cf915c4bc9b
iPoly3D/Server Room/Models/desk.fbx,66515113c28dc2601d247888943f6877ba3b3710c573c63178d6d392cf601afb,35820,
iPoly3D/Server Room/Models/desk.fbx.meta,312caab36d1b53076c4f54336b3e09b3eff645ae6da2bfcfc981849ca90d9fd1,2427,e51efe8d1427a2440b19959cf84e8e23
iPoly3D/Server Room/Models/display.001.fbx,96fc72104dfda8d319f3062da7749279f8c783e53763521d2f928913217df647,19452,
iPoly3D/Server Room/Models/display.001.fbx.meta,ad587a89dfff8e97c854c630acfefbb4901a2c703c475dc01f796a996f200d3b,2427,bf38a35bc64fc4146a483d681ae8afae
iPoly3D/Server Room/Models/display.002.fbx,281d7f6353f18839a07d23fc057d3573edc2083547bb6c5cd122d7eaf29c2b28,19468,
iPoly3D/Server Room/Models/display.002.fbx.meta,df9164320f81c29aebaad0de6440a25001e0e730107decbe3da51ae3d5014f65,2427,1b7d493c9fed04c42a0ee56876d0f8d9
iPoly3D/Server Room/Models/display.004.fbx,4b0f79aaaab2bdf156f80f961ea338e0263fbc5307c8854725cd56468ed06b44,15452,
iPoly3D/Server Room/Models/display.004.fbx.meta,a4dca4840113eb571ca6a68532914131298e5cc665a7e81b154db91f1509db9a,2427,d30cb5d26d27a5a4cbd8502a38533ea3
iPoly3D/Server Room/Models/display.fbx,c37018a6a2e6431a2b48f5ebdbad158014e137430267d12f93528605154b7991,19292,
iPoly3D/Server Room/Models/display.fbx.meta,b8891fae8351f4b122583f184eb6371c94f408e9cfd61c28bc0f2f92249373d6,2427,16ad48e461256924d91d292f869989e1
iPoly3D/Server Room/Models/electric cable.fbx,44b9cdffbf8382d75796ae86aaf6fc3a91ca5b8a81f90d7eaa2a0d6d01c3fc12,17548,
iPoly3D/Server Room/Models/electric cable.fbx.meta,eda60ec266bcf6fa271ce14405ff57c3a022583757bd2d37b09b6abbcf2dec9f,2427,ac33bc41ad2548c40be6abead6c0c63b
iPoly3D/Server Room/Models/exit_sign.fbx,44959aa9bc3a0e7621fc0878a1bc6d18aef23afc936076992a8d1cd7457227bd,13564,
iPoly3D/Server Room/Models/exit_sign.fbx.meta,bf3d401959f6d09c85f7f3e57b8d6404ae76390afe4aacc7fcf0e643de0079fb,2427,6881db6094cb72c46b8781b50bdb99c1
iPoly3D/Server Room/Models/fire_extinguisher.fbx,97911e1bccb68fe67e18747dcbeef4f7fe2603fb212bf32e14e29f8e53317d69,25788,
iPoly3D/Server Room/Models/fire_extinguisher.fbx.meta,de2bc9eb672167be7016119e23ac1ef8e749bdfb658aa3d6f26d3e9cf68d7509,2427,5b17bde83b8bf5549b577056ab462087
iPoly3D/Server Room/Models/floor.fbx,61a558baa3f503068cbfd9763ad59b05789067fc31aa8bfa54c0a47f9a760434,11644,
iPoly3D/Server Room/Models/floor.fbx.meta,8c20564ea6910a62c8dcabc5118f03b491f3e781cbcdd3e7d8c69d7d75462462,2427,361304d3fae5941428b06ae89e350aef
iPoly3D/Server Room/Models/laptop.fbx,f422b621b0ce50a9a13a12b968a8ba874786141751dd6364e1be196c72853a24,13180,
iPoly3D/Server Room/Models/laptop.fbx.meta,c4f2c31670e0278e0c365ea1e4f3c202703cac1d7881fd66b1c7821e9314e746,2427,93022fe0d96179447ad61a75d40fe493
iPoly3D/Server Room/Models/mouse.fbx,55d4e943f8b8d29997bf827eba45bb3b86b8f3c839bc0cdf13f9544ceed5abaf,14156,
iPoly3D/Server Room/Models/mouse.fbx.meta,7afb76062a9405730c227f9a2213c2b4d52a3574a5269fdd105ab873a987b158,2427,890914ced6bbf394898e4da597687956
iPoly3D/Server Room/Models/mousepad.fbx,b84eeb9898cc48b9653c67b0fc60459e21439bc583e62d8f7cbbd22187490dd9,12348,
iPoly3D/Server Room/Models/mousepad.fbx.meta,00e91f2ea6c1b5a85f76030e1873d0454eafae9d3d130a513ee4d7da8fad9842,2427,28d1dcff842471a4ebcd0baa5a16877d
iPoly3D/Server Room/Models/panel.fbx,008f11c67954da109053ca3030d805fdc5d249667916997e0f4363d84c79c54b,14012,
iPoly3D/Server Room/Models/panel.fbx.meta,8fe29f91f52f8c0fe3d48f0a70c81742ff71737ad49c97c96f205c8f15daac38,2427,6c0dccc34dccb644c92e648bd6e4e73a
iPoly3D/Server Room/Models/password_panel.fbx,52a385c9f9876b37e00878feea26e6680b2956a57fb8b90e1800a847c60adeaa,14604,
iPoly3D/Server Room/Models/password_panel.fbx.meta,b90a3e30b3ce227a586de479d74106cf551493fc7ef1cea19e26990ef034beb4,2427,d87d158441839f446a077a0b00461f87
iPoly3D/Server Room/Models/pc.fbx,7eb5965ae75124be30b9948bf2bad573dac586215849bbc1d7c3a88d87f7acdf,19788,
iPoly3D/Server Room/Models/pc.fbx.meta,7da80f1ea96fa624bcfdb41035d7f26be28a9283fde9c224f2cfa955fd0a33cd,2427,e0ee3feddac32804d9bff3c2cc4f3940
iPoly3D/Server Room/Models/pencil.fbx,73be8033d838268ead7dfd6bfc1e96e60c11872ce7155a56bfe0c8be3a92a904,12220,
iPoly3D/Server Room/Models/pencil.fbx.meta,43966bd4c0ef4bd81fcab6cc8cfdaf1f9dbfa302e1f58c3be2a48e6826e4a155,2427,d788aae496f2d8748886d0047ede1384
iPoly3D/Server Room/Models/pencilbox.fbx,6f3b89c5c7701d95370e7156e30d1adf718c16e41968b690ee3d78fc65e92321,16620,
iPoly3D/Server Room/Models/pencilbox.fbx.meta,05361e62629eb08311253c9ddc496f38543c65f71b274ecd900149304cd08ba9,2427,eb7e39bb6ef2ad4459440d2e1b336347
iPoly3D/Server Room/Models/screen.fbx,f4c09289ca8f6ad13e5d99071503bfe5b6d299f6c1d1d0c248dd6ab661417037,13228,
iPoly3D/Server Room/Models/screen.fbx.meta,5d3fe3a9111c96dae89bde1ff9a9009290c6a64924fbb85d749b89776fd478a1,2427,2f151eaa4a22d1e469db75c4ce4b35fa
iPoly3D/Server Room/Models/security_camera.fbx,be98cdbf2649c6dc368b1eeeca867cdb0056a2b16f62a039e7449951791b9c07,31228,
iPoly3D/Server Room/Models/security_camera.fbx.meta,ab8660a780834ead494435ee275812435805f3ad72609be70fd574205835787d,2427,8ecbf668e1e803b4ca2d1ae1b2a1589a
iPoly3D/Server Room/Models/server.fbx,5f15ea37101d27da3d8739a33cbdf391292588a72523849604ee8172301b83d7,33932,
iPoly3D/Server Room/Models/server.fbx.meta,b1307a8c3a541bcd9d7cc1f46159c37a33bbc3ec037009e7be8aeb6b1ccf7a5d,2427,22979a140857f8f49ad4426515414f92
iPoly3D/Server Room/Models/server_2.fbx,30a433ebf2a2d6f4e650752f935dd06d1a3bb1f9ef3816392f1017eb6ab46eab,16268,
iPoly3D/Server Room/Models/server_2.fbx.meta,c69e0af57719abbc2194caeebf8f8f4791ecbbae5ea289f9ccaab3039686e5f6,2427,a874ee794ecfbea47ba2369f459daefc
iPoly3D/Server Room/Models/tablet.fbx,0c2dd9e303be3fd1fa8cff1a32d2a837fc3025b640de7feaafee9bba288de63e,15196,
iPoly3D/Server Room/Models/tablet.fbx.meta,8a73563b1dc057fbdc905d793854a15adaa6093972be4b8498dfac20711e8369,2427,4f394708c2c904d48bb84b5389f0a9a2
iPoly3D/Server Room/Models/wall.fbx,e73c71dd83cbf6f0719ea67159d22d13e40bf420aa92803b450bec3380ccb358,11708,
iPoly3D/Server Room/Models/wall.fbx.meta,8d9cd09b77b301ece515d2fb0610ac10b815f0231a3080cec62702c38029ca20,2427,0d7740f4e5905354fbbe8fb78d75ce92
iPoly3D/Server Room/Models/wall_door.fbx,dbfb45fef0e9059b7fdab08458e58992dd51face01ec868bb226a015f92a0bed,13516,
iPoly3D/Server Room/Models/wall_door.fbx.meta,ec66fc8c2b55e22cc2fb39f2413f8e2b843ba57378245e55121e5364effa42ed,2427,df9b6c39d226c004598b50edd4b1885f
iPoly3D/Server Room/Prefabs.meta,cc41ee65519fc436769fb74b72c8ef78f5b4409471b3e8a021cf0af79abebb6c,172,7299c43b87688954182edc8a3a9abda2
iPoly3D/Server Room/Prefabs/Keyboard.prefab,bbec1778561d2bed33cec07196e28706c31b8d94d6422fc5a7469e7b85ca4162,3515,
iPoly3D/Server Room/Prefabs/Keyboard.prefab.meta,c985da95f8613065e74095b0fd8133560763e4d93b58f82c7b47729240d92bea,154,ec78088b7a0003d48ac6ee3afada669e
iPoly3D/Server Room/Prefabs/airvent.prefab,56873dfd082c12bc629e41ef258f6e6f5065012ca7f469e44391868c92afdaff,3483,
iPoly3D/Server Room/Prefabs/airvent.prefab.meta,267508d3fd8cef05a90711bdfaa1051256e254b5ebf10ec6345b92dd40e34a8d,154,d7cd5c7975835a14cae4bcbafa34bd4b
iPoly3D/Server Room/Prefabs/box.prefab,e7adeba05587a8f7340eb935e701c98a1bdfbf951936c4c9d6c62ddee5b6aaa4,3513,
iPoly3D/Server Room/Prefabs/box.prefab.meta,580463cdcc097d006a1e804728f43df170ae7a482beb4604fbb1a97337665c92,154,a15c4b10370dd354a8d5d0fb6d99e482
iPoly3D/Server Room/Prefabs/ceiling_light.prefab,f370174503e6d4ae52fb32795d6b1f8fc554b92d305fc6463f97f86baed7e732,3510,
iPoly3D/Server Room/Prefabs/ceiling_light.prefab.meta,6b6e5278dff165830c6c04f14e632e191d9d1a3b3ec524732f375d1871672703,154,c90faeda1ce307e418ee73344aa5e431
iPoly3D/Server Room/Prefabs/ceiling_single.prefab,161931fb6d71da66a1a2fe440dee41935868c3e31f327d9d7c1e70484dc7607b,3499,
iPoly3D/Server Room/Prefabs/ceiling_single.prefab.meta,b1a45d822ea670e0ddd7a47275bcce7b3cfee34e7d9e1354820fa1f425a46758,154,3f4814451272e874f9d7dc1534b22b63
iPoly3D/Server Room/Prefabs/chair.prefab,d466ec59976828aa4a8f732d4ab59db09e20f54876c1936bbf25ec0ddec86f76,3533,
iPoly3D/Server Room/Prefabs/chair.prefab.meta,dea4a7dfa0779db428482ec136019f5ebfb5bbac62e8cc13839ea487072632ad,154,3f036e691e664f447a90fa723afffeb0
iPoly3D/Server Room/Prefabs/coffie.prefab,46fa0b4e88383739b58e730f9bcd8f90e95ccaf1fb989aa0d5fda4ec3673079a,3521,
iPoly3D/Server Room/Prefabs/coffie.prefab.meta,d8fc7668085db34fad2c445f0f242fdb38c49beb0effbdec978fd20fbb39d5f4,154,a53f591064baf7f4f85f4cd31ffe3d84
iPoly3D/Server Room/Prefabs/corner.prefab,9929d2fad33e246fbbdb6eb177c543aeae70daa385b1bfb77e20e679882dc866,3523,
iPoly3D/Server Room/Prefabs/corner.prefab.meta,526930f0b9164166198d066b9f6de0b73569a2f55973e1c6c4c27b956ebd6d78,154,e1ff1d8d5ca1e744e9735e8cf3e51fb4
iPoly3D/Server Room/Prefabs/desk.prefab,dd6b89b4ac75d89b2a34fa9d960374f3771002630888fceed0586d09ce3827f2,8808,
iPoly3D/Server Room/Prefabs/desk.prefab.meta,b60fb9cdde59db862589dcad41b7921f8f3c1390e77a38525c2ec0abf1ffae75,154,0e16475e464050141a1bf64d51b46d48
iPoly3D/Server Room/Prefabs/display.001.prefab,53e5ce0ee46b74d0f4a5cfd683363907aea408dc1b8dc421c624712fec940d3c,3518,
iPoly3D/Server Room/Prefabs/display.001.prefab.meta,3710d58a51226e442b5b7a20c54a63667dcc00a1e1dffe5f39b29f2b7ef29268,154,78812a0a8603a5a4fbd5cb535a9178cd
iPoly3D/Server Room/Prefabs/display.002.prefab,1bca18d5a4da7833674c85ce5cace80d49fc98f92aff5088d4fc3347d20f93d0,3518,
iPoly3D/Server Room/Prefabs/display.002.prefab.meta,7cdc810b093ae011bbf25b6bd63a85fe72795ce29f26c71c715c18fdbdc9e9b3,154,2407d844bd13a73418ffb791ab57246c
iPoly3D/Server Room/Prefabs/display.004.prefab,0d546513e28aa665db980b6c56c1cad659dadf941207cda218837904b131e9cb,3519,
iPoly3D/Server Room/Prefabs/display.004.prefab.meta,75aa1899e527366adb7075170c86c7bf6c60536b5e241e0d62bd1498428b80fb,154,f78cb5e3a28483a41b34edc8c1b57ca1
iPoly3D/Server Room/Prefabs/display.prefab,23d5890d16cfc2284cc8f74775c03c53146a9fb56f53450b2338095666908c8e,3514,
iPoly3D/Server Room/Prefabs/display.prefab.meta,371359bfc76d6a4fdbc7df383bce3298bc35a81623f454bb13b62ab508e2d671,154,74be82cbd3349a44d90866b7cbaed00c
iPoly3D/Server Room/Prefabs/electric cable.prefab,e8842a1667a135f9705b29ae0e8036be5917f020ef1de1f5d4b381364752e98e,3520,
iPoly3D/Server Room/Prefabs/electric cable.prefab.meta,ce74865383ba0ea5e6db7059a05b4e90debdc819af160270bc364a88bad4eb40,154,62e70069d36571e41b6fa07f1eeb764b
iPoly3D/Server Room/Prefabs/exit_sign.prefab,08d442d9cf1aa06afc28c9c311ee70ce8789983b0d9baf333bd60e8e8dc12803,3489,
iPoly3D/Server Room/Prefabs/exit_sign.prefab.meta,0871990fb40c34a221449c09a6ed754e296b1e3ce34c81c159feb18b112c3663,154,01416d383f6bdc14e811adfc51255eaa
iPoly3D/Server Room/Prefabs/fire_extinguisher.prefab,5aaaa4839ae81505ae25f50c459b273b692752e7118badcc8204a9dfc492ff65,3524,
iPoly3D/Server Room/Prefabs/fire_extinguisher.prefab.meta,d4f30650e05dfc683946f9569712aace7745fd5522a2bc7cc70d0d3d4bb761bc,154,d5f927682928f9f4c89f2b971e51f3d8
iPoly3D/Server Room/Prefabs/floor.prefab,5936484823307ca0ef2f39775c22edda216e9608a32ef7737383826d8e56d088,3480,
iPoly3D/Server Room/Prefabs/floor.prefab.meta,9ba2e1d2bd90a1ed1c118536fdcaa89920b73889df5bd22d655e69deb979e12f,154,a8d819c88b06d5d479cad532c162c475
iPoly3D/Server Room/Prefabs/laptop.prefab,f15dd76dce83aec9c2eeeaea3fba049e65e2c3b4fa3d4e5259ef4e703ddb1a28,3522,
iPoly3D/Server Room/Prefabs/laptop.prefab.meta,0a86f5979f11587a8770ff182270bab5efb8904d89a293367c49c09fc3cd5fed,154,bc9cdfad65562854b86c69a063285b2f
iPoly3D/Server Room/Prefabs/mouse.prefab,2383dbff0a951e15a8d7eed2fa7c6e85fbeb47a4ede90c9a06b10195f69ddf86,3506,
iPoly3D/Server Room/Prefabs/mouse.prefab.meta,38e6a1ecd974a506d506f3408833dcf1a5d2f16a4212af29332d94430800d6f5,154,845ec86c78d2a2c448e66e3b0e30e890
iPoly3D/Server Room/Prefabs/mousepad.prefab,926043355c151c7cc72ba7c576cf0ef2258f65738fd4428ec85a70b6848b9510,3496,
iPoly3D/Server Room/Prefabs/mousepad.prefab.meta,29f56be0857874dcc08aef5cb10dd1cdc79d9498ca3b1e6303995300385d639d,154,756f878363fcf1a4f89e45fa167dd3ed
iPoly3D/Server Room/Prefabs/panel.prefab,9cc5c430af3ef1c5160bbcab215f02e515f822b15cc8718e6edfada370223325,3499,
iPoly3D/Server Room/Prefabs/panel.prefab.meta,296aaa77048f8d4e0db87536d0263f0cc263713c85581b0b5bc49303786c9b2c,154,5eb59992ccf63a945806038868d7263a
iPoly3D/Server Room/Prefabs/password_panel.prefab,aa3145b138d6149c9640672a3c58fc87dcc6200b9a05ed28af2a99f0781d6b0f,3515,
iPoly3D/Server Room/Prefabs/password_panel.prefab.meta,4614122c3164a174cd92d5e2bed390d5fcc2598bccfa4d100e93b98bf69cd6a6,154,75087ca99ecc4264ab937b89c140d230
iPoly3D/Server Room/Prefabs/pc.prefab,dc4fb75666a488e3083f68ab4f700a6d12329f088e2aa68c3713247e961030f3,3500,
iPoly3D/Server Room/Prefabs/pc.prefab.meta,5edd4e63d6827b9748a047539501877181348594d2396b64da7f0035374b0874,154,424622fb2f5ecf54b87e7c616e7ec1dd
iPoly3D/Server Room/Prefabs/pencil.prefab,703c414bc6b821e46e6a8db151616e2169e51dce3985a6e4c52d19afcd5f94ab,3513,
iPoly3D/Server Room/Prefabs/pencil.prefab.meta,b8317602b17a9028a7d255a8d46a65affc7ba3bc3615cfa6897851e80f98ce5f,154,5bce66f7433474e4ebaf06e4434835be
iPoly3D/Server Room/Prefabs/pencilbox.prefab,d91b9dff8a304f72fa730f76c83c8ac35dc88f39ad5f96fa0fabbdf77daca107,3523,
iPoly3D/Server Room/Prefabs/pencilbox.prefab.meta,6ddf8029946f97e923d32607b63a5ac0ef36a2eb3f0884e90bdeb796a8331138,154,74706bb29dd2f754f8d23c7af6e47e82
iPoly3D/Server Room/Prefabs/screen.prefab,04d59aabdb6b19a08718d08e7830c84eb79cb3221236be2897d06788bbdbe313,3499,
iPoly3D/Server Room/Prefabs/screen.prefab.meta,da548641a9aa24455cd01060cef708d7b7731c1aabf29cdd6e700b3b375804f9,154,a0aa93537ddb2224497aca7d5ddab426
iPoly3D/Server Room/Prefabs/security_camera.prefab,7c02363aceefc188c455e46e7e539a15ee0cb66fd4f2de93528da59fb1567705,3533,
iPoly3D/Server Room/Prefabs/security_camera.prefab.meta,25f7f9574f45e055336df63df61d95de1368d48d43d23ba93328eaf97b3fb399,154,beb371209ab6caa45be5c7b336aaa6f9
iPoly3D/Server Room/Prefabs/server.prefab,5ec52be29eead4eefa5baa975f581559a0af7bef2fe583661acd1c7b652f373c,4141,
iPoly3D/Server Room/Prefabs/server.prefab.meta,9c76e633e283b56669edb693f532a77ee61903161a995ac6b77f2da76634eaa4,154,2f3fe288da751a2428fc82d8e5ed9f7e
iPoly3D/Server Room/Prefabs/server_2.prefab,22a2d37b114ff3de513c6e4a2c46d6c21ffe1bb2ac05eefcb89be1d985b76ae9,3514,
iPoly3D/Server Room/Prefabs/server_2.prefab.meta,dbd9bcfdcb7665743d19c77ba2090e370b5279514e2f6e72818929b3cf459760,154,b4f729d9618a65543baedfac3b0a7311
iPoly3D/Server Room/Prefabs/tablet.prefab,6c3d082dc9158695a0b134a7210ec1a814a16bf29422a1aa19d087a88cd2ff9f,3508,
iPoly3D/Server Room/Prefabs/tablet.prefab.meta,5eb47e8d8fec15a2724f8208e865e81e9f972f511b7b5580113d920808243ad3,154,b7c323073beeb0b42a8412d881577235
iPoly3D/Server Room/Prefabs/wall.prefab,e6618a372e00746e8b0e9500f5c5070a57e445473e8aeff11582aad41bd64dc7,3503,
iPoly3D/Server Room/Prefabs/wall.prefab.meta,3a989c28b403cf94f53271b20779866693bfa25260a4c95dee42a29b9af1a125,154,80cbb9df11318004a95e198e69e78a10
iPoly3D/Server Room/Prefabs/wall_door.prefab,b0f699e23e9370b12bdc4d56f4a865c4894d91ea25ef8205cdf1489681db3fc0,3517,
iPoly3D/Server Room/Prefabs/wall_door.prefab.meta,11a9e487c66d605b95c2b42430fc3be73368ed5de814c938bbd0f35b5c3ad559,154,ba08e2e36c3186d47bb5bff407ef271e
iPoly3D/Server Room/Source Files.meta,e5f2473fde88489f55a0078f50c14b692035437d9070844a171a3054bf48b1bf,172,b723300b48dc79f4e85c848fb68f2255
iPoly3D/Server Room/Source Files/LowPoly Server Room.zip,f40363d9ee6c16c3898f8e51795a1498f2e45a25c552bf51b2cce966d56b96de,300934,
iPoly3D/Server Room/Source Files/LowPoly Server Room.zip.meta,262dd7fa31764f90005670313d157e9b98ac6a2631b26f9a51180e60423978af,155,c315eec435155c74fb8905e24224ae0d
iPoly3D/Server Room/Textures.meta,959fb3c2b2fb8c0e04956d051770ee66ee77d2a2cd88115fd249173c3959f896,172,28faa655397457142b3d0265ac7c54e0
iPoly3D/Server Room/Textures/lowpoly_server_texture.png,f158468f48e5d3bb5009f0c6286294eafa7844c3eec5236f44a74a6265c43d66,289,
iPoly3D/Server Room/Textures/lowpoly_server_texture.png.meta,ec43f557b711b70a3dfc928a335c403911824a683c040751c1848c01861e25b1,3029,44892a2cfa86ce74bbf600973facaebc
iPoly3D/Server Room/Textures/texture_glow.png,5eafcf53778ea2e75221c39d431f6b68436e385ccc7a44b861467e8decd4e38a,293,
iPoly3D/Server Room/Textures/texture_glow.png.meta,1fad5d00a686d01c872d5de02ec26f5e71c83649896ede6785d37b9529778188,2053,5bb9b2e57adc8fb4b8136a3fb0605c17
malfarie.meta,702c9d15105d788ca16c3f6418ae757ad14770aa9debc78f17b109b98086fd84,172,7cd981251eb82794cbb4249af7e028de
malfarie/3D.meta,97869ee42a15f5898c7ee1c4bb6022b7814052244aa25adddfc7db7dc0b4e065,172,15ed5f12427f5d449a461d71ddfecb5e
malfarie/3D/Cafetería.meta,e8216b18c90eed065cc9bb40ec7c5aa03f867b5ff5b780b2f62ea3ecccb926f9,172,2117a3094b69e7349bc82bbbc3d22968
malfarie/3D/Cafetería/Cafetería.meta,8969fde82bc42eeb2fed0b9581936f6a5732d3adaecb3f71a4e1b6d1229f36ef,172,b3fa34c1c87ee184ea96146d2f02e195
malfarie/3D/Cafetería/Cafetería/Cafetería.meta,226bdee03898284d850506d2bff90b6bcadc0669c3f15a5baef933e137ef4e4b,172,72fe8cfdcd68c1f4ab3e6d94c1c7aede
malfarie/3D/Cafetería/Cafetería/Cafetería/Assets Browser.meta,0eaf8b0831a5464fc0c34e980ab69614a313c4413bbc7b47f5dd853a72c3fc83,172,ce5c0b50a9453d14d852bd9706202f0b
malfarie/3D/Cafetería/Cafetería/Cafetería/Mapa3D_VF3.fbx,bfcd6b8ee4d139e040a655396d6d119501fe442de81335f9cf9c50c23cb766ae,11247004,
malfarie/3D/Cafetería/Cafetería/Cafetería/Mapa3D_VF3.fbx.meta,4d31dbf5611eca08af41b87ba115883c02da3f887f68a391dbdfaa1fbff8522c,2830,886b8da24706d9d4f8a76d14e4793875
malfarie/3D/Personaje.meta,86a4cddc1c7185f39bf8e25d85672ac64518092d8f4d8999f7a65008fc32bfc3,172,b3491598d9cb29144880015627253e8c
malfarie/3D/Personaje/Falling Idle (1).fbx,faabb5a9829e25d0bf9e2bd69f216d6dcaae3f44e06bb97183b3b552cf373ed2,1354416,
malfarie/3D/Personaje/Falling Idle (1).fbx.meta,5f9b7e3bd971588af3de18b342b63731ca9744fcf75a8a000803e9e0e5ec35e9,3634,bbc29d1ada65f1d43a1111a1083f4693
malfarie/3D/Personaje/Idle (1).fbx,695d50b0089583393c08a8f81ba42b76ef92ffa99b310a8ff4c12cf2d1fe7a6a,1429664,
malfarie/3D/Personaje/Idle (1).fbx.meta,c13507081d691701bbe62ad0e0f725392d03da5e82dc80fd9ed360c72b117955,3634,1639cd1adb063c74aa546c2c6c6aedfd
malfarie/3D/Personaje/Meshy_AI_Gadget_Scout_0831185442_texture.png,63d8c5403f1a770d0266c45eb612b35673382a4ecea6ef34f410a719a8f4dfdf,5277177,
malfarie/3D/Personaje/Meshy_AI_Gadget_Scout_0831185442_texture.png.meta,b57f8da5828b974977223f2b5ec890c974923151b22057b16314ef58e0e1b7f4,2591,bce2b2ac06a39434eab25702e1a6e66b
malfarie/3D/Personaje/New Material.mat,d52558271f9b1e644e798ba8e9278c7603da628af0d94ca01c345059596ad169,2241,
malfarie/3D/Personaje/New Material.mat.meta,beab68fd52e66715a9d88b6bbd7312f608ef32d2f22e0bbe1313f68bef6f443a,188,587e53c1b8ce66546b991c5e2fc23b7a
malfarie/3D/Personaje/Running (1).fbx,a9e2c0f796cb579e99c714c4b6e04610229a48c6be841999e38eabd2f5e7e3b5,1353872,
malfarie/3D/Personaje/Running (1).fbx.meta,98543dcc0f0efe7dc5377d7401b2ab246a0fed10d75cc03cdb54023884920d80,3636,53de8693f7fbe9845b22ee40ddd34474
malfarie/3D/Personaje/Template 1.overrideController,ebfc7581bd2ba8ca2092663861dc24b08bef3c1e06d89eb7b1df8a6f19325150,1076,
malfarie/3D/Personaje/Template 1.overrideController.meta,9137417a27e55a93d2313c66fcf8ef552b0e5564da8bbd218de99caff6a7e2eb,189,cf70d89b526653d4e86ef46442d265e9
malfarie/3D/Personaje/Walking (1).fbx,3f20ab42a3daebad82424ce8301b76cad22d7e7a35539327fb6253b06cb9ad12,1374224,
malfarie/3D/Personaje/Walking (1).fbx.meta,012278a59ab33efa93e122dfd48ff65d4b9e8e5551db593fe62b36a1eedba443,3637,e25d556473b9be4409d002b2ea5c4372
malfarie/Levels.meta,317f59ff956b0f72bbc9a6cce291bf3852fefa14f68a22db9996a913be11215e,172,b28b93c303975634bab0d7db594e28c8
malfarie/Levels/Level1.unity,ef965a25a8faca998222b9f297175be4e513ab0bef154621a28a1fd08502a66a,7534628,
malfarie/Levels/Level1.unity.meta,9a65c8663d914b48b61dcfdce607730d2ed486cff5c0e2d68bd9b0bc5a33698c,155,6d0f24edd038d3447a775e9fd496f48b
malfarie/Materials.meta,18b99020fde1b983722495d7d4230e0cdaca44b60d1787443fd2bb2b2c3932de,172,78e6803999e7e6b48b99ebbf1abb360c
nappin.meta,959e8b5117fa51bc6de667dd36afdfef04763d2b75d349fb3f230c68a6baf819,172,9a5fb88130b4f214fa23aec6e41134f0
nappin/OfficeEssentialsPack.meta,5fedc227aa82d7af331bd0bec485c9b463fc5fb460b0d1be6cf0d5bd2e88fc0c,172,840384f76e0ba6143986b2d0c6c50094
nappin/OfficeEssentialsPack/Materials.meta,47dd6e5d0eee71798e954fc3f33b1c3db32fbe899263f3013f64a6f92a72dfee,172,8346b0716c35bf246987d3dd20022f13
nappin/OfficeEssentialsPack/Materials/(Mat)EmissiveWarm.mat,af97a31f925c2666ec02d6e0b520368fc48c14a6620a2718da0e8528d4cb0d94,3476,
nappin/OfficeEssentialsPack/Materials/(Mat)EmissiveWarm.mat.meta,f9c5879a11edc60ad989656e5b031c537d6e20abde9e7972dcd0a5c9c6e662f2,188,ad2591d1028f32d4a8bae13135f480f7
nappin/OfficeEssentialsPack/Materials/(Mat)Floor.mat,0c6492d3356d35d7584c5134b97532e45404bc7322ca27cce33f89702391b255,3478,
nappin/OfficeEssentialsPack/Materials/(Mat)Floor.mat.meta,7e30c05bd304e4a42564ced402bc4e0141fd25a1216a6bd7bf101072176a30e5,188,d06cbe6bddb870d438765bf1f774411d
nappin/OfficeEssentialsPack/Materials/(Mat)Glass.mat,8b7dd394da0c2bf0bae9b2920dc1511d34eac91773e080e43893ad7a5bfaa518,3682,
nappin/OfficeEssentialsPack/Materials/(Mat)Glass.mat.meta,26460a1c8eaca819705598b6b7af6042f1cc626d9f10accbb8fc5b1406000cc7,188,a3a530523bec0cc41aed4f3a4d9da936
nappin/OfficeEssentialsPack/Materials/(Mat)GradientBeige.mat,39ff3b205a19c7c7189591575375a2f8ff7be7e61d04ed2ff116dc37d087bb67,3507,
nappin/OfficeEssentialsPack/Materials/(Mat)GradientBeige.mat.meta,d523a675edceb04743492dc2ebd2d98c707cb29da422cbd1476221507b40aa97,188,eb0f168ce60c9424896bd8c33ac3f2c9
nappin/OfficeEssentialsPack/Materials/(Mat)GradientBlack.mat,70272bea78b630b6200a762f9bbb71d67216ec18549a62a431af710a41841a58,3508,
nappin/OfficeEssentialsPack/Materials/(Mat)GradientBlack.mat.meta,b6563126b4e7b904068c77097c363c294e2e17abfe822b6c0bca395897322ddf,188,7f64eac4bd640ef44ae0187dbfcb4089
nappin/OfficeEssentialsPack/Materials/(Mat)GradientBlue.mat,0eaad890aa12953ff0aa08e30b14c608d05c6b762f29a3bff22bf7a56b20105c,3507,
nappin/OfficeEssentialsPack/Materials/(Mat)GradientBlue.mat.meta,35494db6863261f51724edc3436b36bf70572ce7564db4194a3b979797acebb4,188,35261150e5398c0439d6fd7481f62b62
nappin/OfficeEssentialsPack/Materials/(Mat)GradientBrown.mat,6d31673d74f4e322f0f6eae57f568303f06646a399eb09f1565871bd339625db,3508,
nappin/OfficeEssentialsPack/Materials/(Mat)GradientBrown.mat.meta,b219c158e19fb4727bdab4c5b1f832df7043753c19fa9f2f2cfc88e985952023,188,c0999236ab32ad94fb08c06e6694fa49
nappin/OfficeEssentialsPack/Materials/(Mat)GradientDarkBrown.mat,77ada5519212871b660b63f0f28b79610ff23ea332d76ec2a44bbd3fa8ae3120,3512,
nappin/OfficeEssentialsPack/Materials/(Mat)GradientDarkBrown.mat.meta,f111e93281d523ac35dbfc2e53481b89a78f746685d06ee8a54f668aa8dac6ea,188,5f00a35557dee5b499cf97dda42339c0
nappin/OfficeEssentialsPack/Materials/(Mat)GradientDarkGreen.mat,ddba35871e43e32516368d69f5596cc3083528c51cf95561df5510b48d8f17a5,3512,
nappin/OfficeEssentialsPack/Materials/(Mat)GradientDarkGreen.mat.meta,c85be5773308c8c5d25426c21c27c65bbccc8ec6ff107e7dda3f45ef4fc963e8,188,95d691d1ae476e049b3ca1db2f7b4c0d
nappin/OfficeEssentialsPack/Materials/(Mat)GradientDarkGrey.mat,fff543e8e6e501980f39d1a5a139345b9728762ff1019feb1b09ec4a1af0f891,3511,
nappin/OfficeEssentialsPack/Materials/(Mat)GradientDarkGrey.mat.meta,ffd397cc688b77fb40a24aae5c7df5e97677787345ab0821a060e507a22558ed,188,eecaa3198cbebd74e8cd79d0f71765cc
nappin/OfficeEssentialsPack/Materials/(Mat)GradientDarkRed.mat,08be012673fdfc35481dc30050d0362599cfdf78854249c45ba2c50bfd47e25f,3511,
nappin/OfficeEssentialsPack/Materials/(Mat)GradientDarkRed.mat.meta,e4f3042594725e3981d7b40478f5055a1cf7da80e28b9b2176b9fa4b71e7ee8c,188,11ed21415b661da499e94e4e9e5c47f4
nappin/OfficeEssentialsPack/Materials/(Mat)GradientGreen.mat,f4efa2432169226bd24fc59691b84375765db31ee9e2f19d4c3f88f0dfd7c975,3509,
nappin/OfficeEssentialsPack/Materials/(Mat)GradientGreen.mat.meta,900199138a7e7d8c421c61ae44e191c6ae27010ab376705a88538019bfc93060,188,e3681f2feac05f94888039c51ba9b321
nappin/OfficeEssentialsPack/Materials/(Mat)GradientGrey.mat,0ae0251be94f7b82877d991ad5c0c5ce9417f24dfd9598eb43de301144e8ecb0,3507,
nappin/OfficeEssentialsPack/Materials/(Mat)GradientGrey.mat.meta,6bb197b3a8ca39c09630f63c5921c23522af0033f836beb3fd8d43dff5439ef4,188,3441f6441092d3c459a48c3c48ea63c6
nappin/OfficeEssentialsPack/Materials/(Mat)GradientOrange.mat,de5a5afa3fd6aa7351f2a67b3cea0fc99a11d26e11465e9a4572b1926be05262,3509,
nappin/OfficeEssentialsPack/Materials/(Mat)GradientOrange.mat.meta,f45df9cfaa2d0686d3964401a893ab9d72aeb98f46971cd3afe0d83db426aef3,188,fb698345bbbc4d74ba2ca7b2bb59eb9d
nappin/OfficeEssentialsPack/Materials/(Mat)GradientRed.mat,d46fc9b68edbc2c92c8d6ba393a8e216b63562810f06a2efd4cb39561234c1f3,3507,
nappin/OfficeEssentialsPack/Materials/(Mat)GradientRed.mat.meta,dff169150395fd488991eb2181f97504dc078d1686fb3ff2921cc0b009521e71,188,fac6997ebfb39364db1173ae4a1c49e6
nappin/OfficeEssentialsPack/Materials/(Mat)GradientYellow.mat,9e94533c114e53e71c227544d53a98ac618ae6f3bea4416f362862f9884411e0,3510,
nappin/OfficeEssentialsPack/Materials/(Mat)GradientYellow.mat.meta,6f95286d3672acb7407612c46f1fc897a017f699ece6b6a89ae00daeacadfb53,188,e03c61940200c9b428ea54b9134ba0a7
nappin/OfficeEssentialsPack/Materials/(Mat)MetallicBlack.mat,00825a1105163d231af1c012d025e15e24bc5ff04956cb38c893027ec8fcbe2a,3453,
nappin/OfficeEssentialsPack/Materials/(Mat)MetallicBlack.mat.meta,70e3e99ebb244f691b49a2d7ee3c8153e0b4428da752cf92e8c9545d46630dd6,188,31e87d42f3ffa2546b1f527e7a0a4b9d
nappin/OfficeEssentialsPack/Materials/(Mat)Skybox.mat,13b8007b34209f04fa372d04de29d865e3f444f2bfec262d66ab34c933193f26,2341,
nappin/OfficeEssentialsPack/Materials/(Mat)Skybox.mat.meta,3a088e843dfddb29e9af6046963268f0036d4932d7b00321e0da2b31dfef2607,188,f5b880b2bccf7364cbc645f81894becd
nappin/OfficeEssentialsPack/Models.meta,d888c42e304a617f206b6a6331e3d7191bc16cbb2cb682b0fc7772de37d4ae95,172,6a642b983faa510488983f38c651038d
nappin/OfficeEssentialsPack/Models/(Msh)BigDrawer.fbx,8dc9acca5d69b64adcab504de2895fe6900384f58387bdc07cc0f7fbc0e38b13,219596,
nappin/OfficeEssentialsPack/Models/(Msh)BigDrawer.fbx.meta,4b28a903700435c894bf6da14878d3668a997635360766b0dadcf9b6261f19ba,2602,49c0e5468435e4f4c947e2e2d0c5c6cf
nappin/OfficeEssentialsPack/Models/(Msh)BookOpen.fbx,e5efcaba015c5942dae64257caef4e98a9725c325b1c342b625d6f9ad4044379,494300,
nappin/OfficeEssentialsPack/Models/(Msh)BookOpen.fbx.meta,53df1063cb450bf042cf726f80637939cb4e2c8c343cf569d1570ea8e7f2a6d6,2602,f99126b2de167a44f84adc255bb688c5
nappin/OfficeEssentialsPack/Models/(Msh)BookPile1.fbx,afa33c10289d6f86170a61a8bf63c771d83bfb2a6482cc41b0996adc8f3c8bba,176972,
nappin/OfficeEssentialsPack/Models/(Msh)BookPile1.fbx.meta,9658806b8498a348cc4b3075367dbba813e1cf8a494c7d70948ec064b7034c51,2602,a271b7bf9ed385c42928c5c8b77e1053
nappin/OfficeEssentialsPack/Models/(Msh)BookPile2.fbx,2889a18d6f49221a0cacfada207c6b26ed63b86f4bdc715f0ca949ff44edea46,627324,
nappin/OfficeEssentialsPack/Models/(Msh)BookPile2.fbx.meta,2f2f0cfe045a89c8a663e6097c1c1d9ad96ad97a41b9d5e57924ba13f44da665,2602,cd6f234e68e2c5545a2b10a72f898445
nappin/OfficeEssentialsPack/Models/(Msh)BookPile3.fbx,fe3bf95e8a976a8d1976c3ad88f7c9f9fb9d8040314951f45cd537a8a05a8fd4,1231452,
nappin/OfficeEssentialsPack/Models/(Msh)BookPile3.fbx.meta,fbd81912fd53ad5abf886f351eb403f68baf3e669fe7b73aab1399f1ac1245af,2602,cc31666f2d3c78648838b47abbc333f8
nappin/OfficeEssentialsPack/Models/(Msh)BookPile4.fbx,b9680a670e34f1db6a92a42bbcd84bc5321939dbd9ab9e66626ae65064ce5f8c,633452,
nappin/OfficeEssentialsPack/Models/(Msh)BookPile4.fbx.meta,9b24608bef33057c1ff4204232c9d67cb99a9a12ad5e54e1d2d61a515a37f231,2602,898aea206a1830c41bd91fa0978f4c35
nappin/OfficeEssentialsPack/Models/(Msh)BookPile5.fbx,c201f9e547cf46b9e2df8bc4f51285ab7586ca3acc828aa92ba9066bc06a1fa0,1265020,
nappin/OfficeEssentialsPack/Models/(Msh)BookPile5.fbx.meta,c87027260ed5d360d58b210f3d4800c3247b11ddd905a0728abb879ebfe8ecaa,2602,d30e7e864c6f0f44fa1d73fa877e268f
nappin/OfficeEssentialsPack/Models/(Msh)BookPile6.fbx,a25b50f7cfec18f54432cfca20c573df3821b5ac989e48b2b212be6ef5400a5b,2569356,
nappin/OfficeEssentialsPack/Models/(Msh)BookPile6.fbx.meta,3a28d04588b3bdd5c0ac1f38f9b623ec6f09e34fd980eb25b7fe313dcf1d74cb,2602,6234a3511ba58734dab033286d60136a
nappin/OfficeEssentialsPack/Models/(Msh)BookPile7.fbx,36713192fa000674cd1df99399b79d15e4206f48edb5e557d50fd15d89527a21,2633516,
nappin/OfficeEssentialsPack/Models/(Msh)BookPile7.fbx.meta,9fbcd6e04bf60cba0481af7f2e674a1ed442a8822a5143197cea08c08e779d86,2602,74ced1ff4cc446444b88042df966c736
nappin/OfficeEssentialsPack/Models/(Msh)CeilingFan.fbx,c64321f5fef351b4c253f6d744fc8d611cd87c67c8d31769ed2a89775a5d87f6,340252,
nappin/OfficeEssentialsPack/Models/(Msh)CeilingFan.fbx.meta,ffdf77b04aff8a4407df0e4be76f44721be8913f24720421ad9ffea6682ac51c,2602,b8382dad890a52e499e640be2fba6e18
nappin/OfficeEssentialsPack/Models/(Msh)CeilingLight1.fbx,6bb891095f20618af5d86644912f02ca1978b1a65152608b779acbbf24e747bb,85116,
nappin/OfficeEssentialsPack/Models/(Msh)CeilingLight1.fbx.meta,ff5cb2a301aaeb9a2c14756cc09ac04b9bd8702ffa975e0d76e6d89c29010826,2602,a3391ff75e6a3d847a21fe59dccd4a8a
nappin/OfficeEssentialsPack/Models/(Msh)CeilingLight2.fbx,06592a17ca9f2d726de138c0793646b555b7822494e8477401ef095fdd5ce742,85148,
nappin/OfficeEssentialsPack/Models/(Msh)CeilingLight2.fbx.meta,4978525a9ab52a2b22228b973722869c7d999f1e3facdf5aba1e793139b1394c,2602,db6ea0fd984528c49ab939f5eb5d660e
nappin/OfficeEssentialsPack/Models/(Msh)Clock.fbx,6b72f7b7af6e5801ba20543a157a3c0f85b0067f05d0315a7f1ea1270fb65e94,818652,
nappin/OfficeEssentialsPack/Models/(Msh)Clock.fbx.meta,a9685ee7915b958400dc2a5c37dac20809cfe4034526ff64d7e5c88dd46756ed,2602,538ebcc8575799746881a05c02d1ae04
nappin/OfficeEssentialsPack/Models/(Msh)CoffePot.fbx,4487a9f92e9bdd0733d3f4f3ecad31d1b834d138d4ef8d9c433844be492687c6,338396,
nappin/OfficeEssentialsPack/Models/(Msh)CoffePot.fbx.meta,192e03132a9135f40b1a24eca6bb7aaa32c912c5fb1bb5f58280e65affec9be7,2602,77936498f95548e4f81bd32e9a802098
nappin/OfficeEssentialsPack/Models/(Msh)CoffeTable.fbx,46f434f998c4482a189a85528f2ff37c8a04628f92dd11b84db7154b7a57ebeb,79388,
nappin/OfficeEssentialsPack/Models/(Msh)CoffeTable.fbx.meta,8de94a898495f58bb7dd8b4e840159e83785c43de6b9b03e6dd89b11999d9099,2602,586fd122a459a1040aaa87eda129f418
nappin/OfficeEssentialsPack/Models/(Msh)ConferenceTable.fbx,4a2878c510e4582a6de92c4ad466bb9d5a747b041ba8ad05a3dca32e061197ac,215452,
nappin/OfficeEssentialsPack/Models/(Msh)ConferenceTable.fbx.meta,5441922032cfff699f22b92f7a5da446d9c5986074d0c1ed5cf49115afd63c88,2602,1e6adf612247ece438ca7fa180d6e18e
nappin/OfficeEssentialsPack/Models/(Msh)Desk1.fbx,ad187d280dcd3023ee8124a6a17bfce7104a87153e9ab96301fbf6736bfd2969,54716,
nappin/OfficeEssentialsPack/Models/(Msh)Desk1.fbx.meta,8bdf897fde08bb0271aa142437772b2dd7e8ba69cfbbc374c46d99b984160b15,2602,aa1df8bdfe3b61943a5cbb2344613612
nappin/OfficeEssentialsPack/Models/(Msh)Desk2.fbx,58cf30e0c84f2a24db5c88b052d9965b50120ab31aca40427917e732b44a3659,124892,
nappin/OfficeEssentialsPack/Models/(Msh)Desk2.fbx.meta,09ce90153c37d1a63a38c6107ea9b944a3de2ca700325e81427a8485f1aaa942,2602,e0d31913657846c4e9344974cc7f73dd
nappin/OfficeEssentialsPack/Models/(Msh)DeskLight.fbx,90cf3271e554c9f46caeb3b0a3108faae4adce55cca0daf0da92ab0e1085eb10,310764,
nappin/OfficeEssentialsPack/Models/(Msh)DeskLight.fbx.meta,99cea6d2a311d43a51ad23486d6dada438d6db5370e81c4dcd5b96213bb4dabe,2602,6742d9d0591e16e48b701a5fd806e2ad
nappin/OfficeEssentialsPack/Models/(Msh)DeskPlant.fbx,1c398844964da9ac46ce3f7f959598755491e39e8e2afcc8d9f52b0bf62e2c70,820188,
nappin/OfficeEssentialsPack/Models/(Msh)DeskPlant.fbx.meta,0dfb8cb0fe251a8785fb4f438f9bc4077b205a6e1b5b05981fd9bb3b31e58bf2,2602,3978e0eca0f17684d8cd75e9959471bb
nappin/OfficeEssentialsPack/Models/(Msh)DeskPrinter.fbx,fd446c3d96867327b6eee61a24df407f3a87a166997d051751fe1130536eb2e8,145692,
nappin/OfficeEssentialsPack/Models/(Msh)DeskPrinter.fbx.meta,77fc61bb56c51f26bb8e8d83bb917e0e36e3fa65346b2049e690fbb0dddcd50e,2602,92df708222820ea4ea7635007b379d57
nappin/OfficeEssentialsPack/Models/(Msh)DocumentHolder.fbx,e5d01188bd80a93dff63ff877776996c15aac31f8c3ff0e2b1cc4fb99e5c2d61,125884,
nappin/OfficeEssentialsPack/Models/(Msh)DocumentHolder.fbx.meta,05dbe66063d5830bff15ea03baa4e6034bda9febeb4858cab74c47ae474da2c0,2602,f79a2c7c74ed86945916baca4abd128c
nappin/OfficeEssentialsPack/Models/(Msh)Drawer1.fbx,1ab962b56f7f4b18a7d1b1d052a06ef7abdf1360dd9f05fab5eb73f2c52277aa,137292,
nappin/OfficeEssentialsPack/Models/(Msh)Drawer1.fbx.meta,02870dfbee947c4e21a8e9a138036962509c0b36100d898bad4013d600a3b4dd,2602,c2433cdade6af034d875648a6e47c001
nappin/OfficeEssentialsPack/Models/(Msh)Drawer2.fbx,fd52c7b9924fe0ae3ae84e41686ea251d3da9cb479d9e9d06bd573fafe233b1a,143468,
nappin/OfficeEssentialsPack/Models/(Msh)Drawer2.fbx.meta,59d15cc55bfda241815385e8630788a89f5fe5b11e77d3d37256cc112c1b9d6c,2602,cf1dfec5e0b6df84697e78615469e93b
nappin/OfficeEssentialsPack/Models/(Msh)Drawer3.fbx,b7938ace35832a5ef2577afb33c221a5d52707110a8c1d28e58c4bf14b6e6ecf,183644,
nappin/OfficeEssentialsPack/Models/(Msh)Drawer3.fbx.meta,7ef11e46ec326a88fc8081384ae07eec48d78c0de16910bdca6c7e8ebb51a938,2602,2a975253b89f03147813702ebc3dfa98
nappin/OfficeEssentialsPack/Models/(Msh)Fatboy.fbx,9e659faa2bd290647b90cdc4d586025fc083fc4db918edc2910e1856a374dd98,841932,
nappin/OfficeEssentialsPack/Models/(Msh)Fatboy.fbx.meta,d8fe87b068ea614d525881e78467e22162f20e377b5631db76d99258089b2d05,2602,28502d19c68219d44abc46f748d642ea
nappin/OfficeEssentialsPack/Models/(Msh)KitchenModule.fbx,aa8aa49b8713611a0c477853e57634407e50c91adab04db0fe812e82ada3e1f3,524524,
nappin/OfficeEssentialsPack/Models/(Msh)KitchenModule.fbx.meta,bc04cd09701467283e0f82760c8fafd2248d25d49542d65788e33d7b4f5f2dd4,2602,4339f93ff4f1c4f4ca6000d384de14bd
nappin/OfficeEssentialsPack/Models/(Msh)LoungeChair.fbx,99aceed133dbdade349d45924c0521aeaa023ca579d2969e2c955f6d70ee394b,106460,
nappin/OfficeEssentialsPack/Models/(Msh)LoungeChair.fbx.meta,5d844c02863b784d3fcfb069f211e10b4345dfc9bf250a00540272b1b4f5009f,2602,d0f06f9715b791a4596af29b5bbb56d0
nappin/OfficeEssentialsPack/Models/(Msh)Microwave.fbx,a0c8f7fcade2fae8c50e829b3c97e9dd77f4bab91682e5eb97b37038ff9bfe08,154268,
nappin/OfficeEssentialsPack/Models/(Msh)Microwave.fbx.meta,be30087a403cc624ffb731e000772bff46d2cd59c25ac24fd9f7a24cb1e51f74,2602,f9bb1fe475c1d144cb7676c5b119fbfe
nappin/OfficeEssentialsPack/Models/(Msh)Mug.fbx,fb147c005deba6910141090eb86266c920e5d830685b64c572b7e5f19da3a397,281580,
nappin/OfficeEssentialsPack/Models/(Msh)Mug.fbx.meta,d1e90c3875b2d7117bd40aa054fe4268c259eefc75095ae7f2d2ff65f7662bfb,2602,d283a93eb62894849b3a3aea9ca0c8fb
nappin/OfficeEssentialsPack/Models/(Msh)OfficeChair.fbx,9b2e274a25130cc704731ee2e876dd1071371c15cb5f756a160587479f74b672,857980,
nappin/OfficeEssentialsPack/Models/(Msh)OfficeChair.fbx.meta,c369798db878f343ae26a7ed99f01300e0865d0e6c1a0883d6765f3698f97571,2602,bf186ae0c211e3b46b8c3cf9bc7b1d27
nappin/OfficeEssentialsPack/Models/(Msh)PC.fbx,7dc2446a508f7abdc4061c7e6d6536ef05b26b154ddc84f6729d25ddbdc8cdee,480908,
nappin/OfficeEssentialsPack/Models/(Msh)PC.fbx.meta,d75182e362283bbe11d7158c1f89ffcbcce341b0a395a9db4d42b6852bc8b902,2602,18566a61b75973749b7a37b617d7fa4b
nappin/OfficeEssentialsPack/Models/(Msh)PCCase.fbx,6be7836810f107d52ae3b19088676ea37fef3d5dac5c11fbdbb6f72ed6abab87,97212,
nappin/OfficeEssentialsPack/Models/(Msh)PCCase.fbx.meta,4255d0711cbb3fa832b04f03c049a9ea1289230532e253c71b53545b26957d85,2602,63434af8d15cb5840a1965b4ee99f420
nappin/OfficeEssentialsPack/Models/(Msh)PenHolder.fbx,938148df8a06e99de9472f0901a2829986e25ec86a8854a9fcc756643b81af1d,1104204,
nappin/OfficeEssentialsPack/Models/(Msh)PenHolder.fbx.meta,a366762bf8780ce0b903504b57920787321b9836ed33123c4710469baf600437,2602,3a3cfcf7e16d943438d2bae99ffa6534
nappin/OfficeEssentialsPack/Models/(Msh)Plant1.fbx,e1e8c407019af84b9c1394fcb6fcd992975cd1eea4101c9686312984e299a32e,1036332,
nappin/OfficeEssentialsPack/Models/(Msh)Plant1.fbx.meta,265c0dec5f25b8c583512e8abe313c56d367c0a925959308bbd588228606dd71,2602,7b03297d5fa5a384aa16d9aabd94ff93
nappin/OfficeEssentialsPack/Models/(Msh)Plant2.fbx,d2cbe40274d5f9e4541e9834ae6c312de5f80da882ff42fcd9bbb812ce2d22f4,1633196,
nappin/OfficeEssentialsPack/Models/(Msh)Plant2.fbx.meta,ccf2cf24c49efb65117bca07be8e0e0349ccf13fedae0a08e8a09ce577e3c21b,2602,53a390c2e7417fc4881f4a9c5cc4078a
nappin/OfficeEssentialsPack/Models/(Msh)PlantBox.fbx,a0a2413166d51f4a1e1567bff37b220fafb321e0d6728340d9328c921fe04641,2352684,
nappin/OfficeEssentialsPack/Models/(Msh)PlantBox.fbx.meta,30fcd475639c757462738bb76e3e5f121857044aa7a1c640282cb8d33840080f,2602,6a55ccc8cef577442974555021f41a1b
nappin/OfficeEssentialsPack/Models/(Msh)Printer.fbx,7d3baa598de02dfa0be655dd94d3818338b76edd922ee198f6cb2acdc0960667,928764,
nappin/OfficeEssentialsPack/Models/(Msh)Printer.fbx.meta,6ef43669f3e143fdae3114145b523c3ed5aa7e0ff1505016b995d6a0bb385e8d,2602,2f30491044634fa4d8b267131f5216fe
nappin/OfficeEssentialsPack/Models/(Msh)Projector.fbx,bfcf12e33a9a98bbf9fd5ce8df65b4383399ab5d147d560c89c9674ad1e64b9f,1261308,
nappin/OfficeEssentialsPack/Models/(Msh)Projector.fbx.meta,1737152f7192c792e111cb640702ab98b226ec95eec90abb76eec3b1bdba6785,2602,662d757e856cbf044a5037efe162c6f3
nappin/OfficeEssentialsPack/Models/(Msh)Separator.fbx,0b511e37bd4f7897c3d6f8133824fb6a3a2e18f2a4084bcd986ba2b9c9a1ed2e,24812,
nappin/OfficeEssentialsPack/Models/(Msh)Separator.fbx.meta,61047d2be5a2813773c5557afb1dc1cbefe9a489cdfa6bfb897dd3c85b549d81,2602,b4770c72ef9ca574a8fc2f08b8e7cb17
nappin/OfficeEssentialsPack/Models/(Msh)SeparatorDoor.fbx,3d78e88716ca152367b51b11fdf2993946233d49c401f0110833fcb3906ed490,121436,
nappin/OfficeEssentialsPack/Models/(Msh)SeparatorDoor.fbx.meta,0dde41f31833a22f5f929878f5e85486d6b542a7200ae0159695253fc0e3d725,2602,1fefd438eeac9ee4f82ea1039559dbcb
nappin/OfficeEssentialsPack/Models/(Msh)Shelves1.fbx,1c75558f69f333375c7cefdfc16534dbc21805a236256771d23dd717a7df67e6,124812,
nappin/OfficeEssentialsPack/Models/(Msh)Shelves1.fbx.meta,62b8cca3681228c3d20138f01ca1b894d51defa565a490dea0b1d09f92e34f31,2602,cab363a401b518845bbac7b1c89c7a23
nappin/OfficeEssentialsPack/Models/(Msh)Shelves2.fbx,72ab750becd9ada0702341ce743db24f5e804622e25fa34626ac54a234a83a86,147244,
nappin/OfficeEssentialsPack/Models/(Msh)Shelves2.fbx.meta,bc90116086498381164a11e9f42688ec1c42978318ca63d009cb67cb0ea0a554,2602,9c2b74f6542c6ff45ac65189228585cb
nappin/OfficeEssentialsPack/Models/(Msh)Shelves3.fbx,772220d79828455598daf2117d713026bb9aed29189952bc9a38b8b0ce4a5c93,338028,
nappin/OfficeEssentialsPack/Models/(Msh)Shelves3.fbx.meta,d91244704ffe985de766a43840326c031dcb944fcfc251aad34cc1653dfab43a,2602,4a83103d843ef4d43abfd3b25ad47b44
nappin/OfficeEssentialsPack/Models/(Msh)SmokeDetector.fbx,f89c019fbe661f4cc532b6a50468b80c947072c0d4bcc10804a6629a0dd2ab16,160812,
nappin/OfficeEssentialsPack/Models/(Msh)SmokeDetector.fbx.meta,49531ec5f7005b5d25a8a53136a5d7e86fd08e5c845041bf2cdd926640c95b80,2602,301abaee6ba74544ab12d31480dcbb27
nappin/OfficeEssentialsPack/Models/(Msh)Sofa1.fbx,79fff74ecba4de2f600e4172fc1b5ec1f3d4cb6a919b5248c1e07f68645efce5,255132,
nappin/OfficeEssentialsPack/Models/(Msh)Sofa1.fbx.meta,baf7e03a28174810cc2b279ae0ec25bd9d46f20ce7783837f4d09372a839da00,2602,26b7a36227bffc347bb1b7276bd65892
nappin/OfficeEssentialsPack/Models/(Msh)Sofa2.fbx,2f38e5beb53264ccd5cadf94ba3f84bf71c5eec0f42d053c56b4e3945d96773c,232076,
nappin/OfficeEssentialsPack/Models/(Msh)Sofa2.fbx.meta,a9ffa422083931164c6bc069b445f1d2089b4c39144a4bb5f92d0b81caab828e,2602,b2ea3a81a047dab439905bfb53997287
nappin/OfficeEssentialsPack/Models/(Msh)Sofa3.fbx,2c98a992128dc89db185dcb808de41d420ac97f91f1c66a0ef71915fd00ec678,231404,
nappin/OfficeEssentialsPack/Models/(Msh)Sofa3.fbx.meta,ac0c328a97a94844a073996769b6aac79cdc6bd13d6b06502347d31c0cf3803c,2602,a2926ab1cfa2245478d20ad4f0331477
nappin/OfficeEssentialsPack/Models/(Msh)Stapler.fbx,595d6a728d02755afa52482e6e677e8c648c5f947a79c2508003c98feb89bd04,130604,
nappin/OfficeEssentialsPack/Models/(Msh)Stapler.fbx.meta,58922f9d64e1284b13de9dfd58f3a301cf301ace0ce094cacb790402602636ac,2602,dfe416dbdccccb0449425356461d7c67
nappin/OfficeEssentialsPack/Models/(Msh)TrashCan.fbx,e46febab409d4b71906f09c74d164a2592b9fb0096d3bc3cc7783f062aa67bf1,246428,
nappin/OfficeEssentialsPack/Models/(Msh)TrashCan.fbx.meta,41cbdcaeae686c44fe405d72af611014aa885ed4dbb004118e3466fa67ff5967,2602,b9f59c5a0fa9eec4698152c59791ae76
nappin/OfficeEssentialsPack/Models/(Msh)VendingMachine.fbx,d753fd6176e79a356f1e4f2181563838f4fc8f8218afaf69fd6a75928c2fd1a3,2340108,
nappin/OfficeEssentialsPack/Models/(Msh)VendingMachine.fbx.meta,9fd96bf4d5e1e5275d4f085a26bb1ba743ed95830095165d3c536a727385a39c,2602,7ab63061358801f488d75d9c35dc8b26
nappin/OfficeEssentialsPack/Models/(Msh)WaterDispenser.fbx,33b5b3fca45291674cc3a2d22afc7ad7d4c7ca06200d6f2d5640ca3e6755c0ab,292924,
nappin/OfficeEssentialsPack/Models/(Msh)WaterDispenser.fbx.meta,d91156cc3b3cdb906d792795359065987d73573b30e581ea4004412cfc2e6d69,2602,d31ae3b3f8108284bba44064ed9dff1c
nappin/OfficeEssentialsPack/Models/(Msh)Window.fbx,94126c856439f89cd0e31608a6dadc4d87cbc0e594d01b9e26afa443240bbfef,54236,
nappin/OfficeEssentialsPack/Models/(Msh)Window.fbx.meta,2c9f85b0d2628c490df2842b5829db6a7558567466b9ce8f95ed889489cd7e33,2602,d0c678f5c21191e4aadd685b22906f70
nappin/OfficeEssentialsPack/Models/(Msh)YogaBall.fbx,1e3dd7f25d7b941a2b17965c02a307fe6ab56b5046c56722b6ae3a8c0fbc00db,131612,
nappin/OfficeEssentialsPack/Models/(Msh)YogaBall.fbx.meta,057531a00fa548b9e293c1deadcc64df24df05734e624b3a5b42b30ac152bcf9,2602,ecce3f1d808befa47abc1b334d5016f8
nappin/OfficeEssentialsPack/OfficeEssentialsPack.unity,d83ab0f1baf9b83f9a9b209000594c5a6e4782eb164cab1f4e90aab3b36d9d54,167021,
nappin/OfficeEssentialsPack/OfficeEssentialsPack.unity.meta,c0037a4a0f2303c6e708642a87f48e76067f333ae3590f82bf5aadc44330582d,155,e22c66b44c8796e45bf1e4f19720006e
nappin/OfficeEssentialsPack/Prefabs.meta,ccc235a9c31058e067d7d9c833c64374160a5499a9225805437582abe569e096,172,bb1ccfd70f690b8419e4e6b9d65f678a
nappin/OfficeEssentialsPack/Prefabs/(Prb)BigDrawer.prefab,d940df2d9716c86ee8771bb89c699736c68aacb7981959396f07457e7b4777d7,32023,
nappin/OfficeEssentialsPack/Prefabs/(Prb)BigDrawer.prefab.meta,de8c02751c7dec2872efbe6350a1961a5160950d6452ee6c8f9bcaf11e6eac56,154,c53fe300edecc524f9f511dc58792d47
nappin/OfficeEssentialsPack/Prefabs/(Prb)BookOpen.prefab,f8ece06d91cfa4317132e4dc33a09d7ab02fd79dc5c9c840a724fdddb9a124ca,3917,
nappin/OfficeEssentialsPack/Prefabs/(Prb)BookOpen.prefab.meta,1a4dd122f1996531f674a5f827d93679b6b41160ea6c36dc5d9fb2fbf9c4c492,154,c2f17a2926fbc774d990dd6e286d4fad
nappin/OfficeEssentialsPack/Prefabs/(Prb)BookPile1.prefab,fc4461e525e2107c51d0c10fb20999fed130566f071469ca668db1cd08f7e95c,3964,
nappin/OfficeEssentialsPack/Prefabs/(Prb)BookPile1.prefab.meta,995aabc884c9d61812700f43f467b082d97b7e56583a694ab5eab31c80e138ee,154,7695c0d2e92da0e4f8d08c7909230b47
nappin/OfficeEssentialsPack/Prefabs/(Prb)BookPile2.prefab,9f55f6496ab80ea5a4bd4e320baf2b21a4c8240bbd5a186b7b30e5888fcf628f,29034,
nappin/OfficeEssentialsPack/Prefabs/(Prb)BookPile2.prefab.meta,d9e4e09e8829c3625bcd49b770ca879f59473fb691f34e5a4ada7e49bde19b3c,154,009ac3bc89a8c994aaa64e90fed60ab2
nappin/OfficeEssentialsPack/Prefabs/(Prb)BookPile3.prefab,c2a6bbbf19109ead3c7714b77772a7b0d50c82aae7ea3351d186ddcad40ba1cc,56287,
nappin/OfficeEssentialsPack/Prefabs/(Prb)BookPile3.prefab.meta,21cdeec410072d24fa17233405971d87d9f9f38deac0a5a9f73f5d654690b2dd,154,20fb32c38fa4cf14c98f0e754db93073
nappin/OfficeEssentialsPack/Prefabs/(Prb)BookPile4.prefab,1958fbc22fd964cfb6048bacc6b16002a9104906ed5948c6aa0b79a3c03024da,29578,
nappin/OfficeEssentialsPack/Prefabs/(Prb)BookPile4.prefab.meta,cb25a11f44bf5969f9f51b266d6a59ba355b6b6853dd304c71a9545d7768e414,154,26a2420e41111fa4384c8adc35b250b1
nappin/OfficeEssentialsPack/Prefabs/(Prb)BookPile5.prefab,8329021be2fed5424545f53151b81bfc51611ed69baedbf49a8474273f01fbb7,56557,
nappin/OfficeEssentialsPack/Prefabs/(Prb)BookPile5.prefab.meta,86db774e29a4da84230720b464c4a6a8dda71eed867c4f64fb691437e048d9e5,154,91c8c6751f26bcc4a9425c9fc23fd227
nappin/OfficeEssentialsPack/Prefabs/(Prb)BookPile6.prefab,639400269f10e2a506cc218487cdbcf2b3e7eb6dfdce50c951292fdd31a15cc7,116990,
nappin/OfficeEssentialsPack/Prefabs/(Prb)BookPile6.prefab.meta,eed4fe98e680231c05153015ff36dc58acce9a472a66e0266b3d35ee42270c91,154,57addd97d1055424daebeb70d461be6d
nappin/OfficeEssentialsPack/Prefabs/(Prb)BookPile7.prefab,f5499ddb32578f32c8534ea654d597fd8cc9ab1c2c9433e52d5cd1fca90bd3d9,117463,
nappin/OfficeEssentialsPack/Prefabs/(Prb)BookPile7.prefab.meta,9ec31e99eff850be8e00006a60364baa0a57a2f0ea22cfc0bb033e2556ad90a1,154,cffe7cb1f1e958f4bb79310e7b1d96e5
nappin/OfficeEssentialsPack/Prefabs/(Prb)CeilingFan.prefab,571fa17513a26741a80f388db2618a7b1cc15b06ec00bcec314b0e32f7a7b5ee,7848,
nappin/OfficeEssentialsPack/Prefabs/(Prb)CeilingFan.prefab.meta,50d2349f4482d84fb7985a903a2a7be704c9a0e5eeb5afc0244d868ee0a428e7,154,7df07a42d42030b49a881233f734958a
nappin/OfficeEssentialsPack/Prefabs/(Prb)CeilingLight1.prefab,b881da10284777ce073a893555e278307748e456bf4d41fce52bd0f57431d245,3965,
nappin/OfficeEssentialsPack/Prefabs/(Prb)CeilingLight1.prefab.meta,896f78329ce58f39cc91e22bdfea1974e8193bacc655cd5acf012a389053f650,154,0b7123567dcb2a14e931f2bfcecef8ff
nappin/OfficeEssentialsPack/Prefabs/(Prb)CeilingLight2.prefab,deda137dd2273e479a127ee4251d9d6f809ecee42a5019e6664efa0fe19c1d2b,3960,
nappin/OfficeEssentialsPack/Prefabs/(Prb)CeilingLight2.prefab.meta,9a16a9b7a109d112a0a5437d828e307dab3f05caa81427e31eca60675fa518ed,154,fc0dfbc5d3b0784439b0dd1fb69c4b12
nappin/OfficeEssentialsPack/Prefabs/(Prb)Clock.prefab,c0f0d7df4119d614b9525663ea599f6472cb899486c15ad837e8030080d06e7c,13828,
nappin/OfficeEssentialsPack/Prefabs/(Prb)Clock.prefab.meta,52f8682ddb6ad157027f4a489c9bce0f3e00e4f352a45b8711d607dc49d46150,154,b2baa11c7e87fe941afe32f3c50cc082
nappin/OfficeEssentialsPack/Prefabs/(Prb)CoffePot.prefab,379ddf2490ec38b56b866ffe0aed75d40cfe0d491af689a41f25332a8a4a661f,7809,
nappin/OfficeEssentialsPack/Prefabs/(Prb)CoffePot.prefab.meta,51eb293bd7693d7d2ef5ade770cfc8549d04b439e178235b5a9fb8481cbc3e85,154,7c525024ae8431e45b357520bb8407a6
nappin/OfficeEssentialsPack/Prefabs/(Prb)CoffeTable.prefab,57bb27e17ead68c8ae2c416598f80f2e648f6f2409b9aa10c7a4802851bca076,3893,
nappin/OfficeEssentialsPack/Prefabs/(Prb)CoffeTable.prefab.meta,7fd664e3f1936811b0b112aef02e1eccfe556f2b3a04d439c763e88f6665ab67,154,b235c805f008f6f4da469f7364846b10
nappin/OfficeEssentialsPack/Prefabs/(Prb)ConferenceTable.prefab,0c2be9508b6a182009ebf41fafd5d2eb75c66f0df9c5f6a2ce2f2df266a768fd,4046,
nappin/OfficeEssentialsPack/Prefabs/(Prb)ConferenceTable.prefab.meta,66db64529f2aaa94423f368f404a32d3851f6b51232c2142d2769225cc880ba8,154,900432286b70dd3448b0884c911e1f6d
nappin/OfficeEssentialsPack/Prefabs/(Prb)Desk1.prefab,9a97b877080f1defa2798b887ce147bd3f915bfd0c3220658b15bb7331649261,3888,
nappin/OfficeEssentialsPack/Prefabs/(Prb)Desk1.prefab.meta,e20ea2d4f8937bbc50ccbf333c3ed887554a9874d956d812b6e8ac4069a1e278,154,eba40b33cd75dfc4e86e9604170d19f9
nappin/OfficeEssentialsPack/Prefabs/(Prb)Desk2.prefab,3e5abb29750b09b2ea37dd47305df6c87e8f5d81de2d61912105cd1f229e1ae7,14712,
nappin/OfficeEssentialsPack/Prefabs/(Prb)Desk2.prefab.meta,0f04967353c507626e88ca40ce6e0f577427fb2db9a185607cbbe21b6947168b,154,067fb86e8e4f5744a82f28c508805f86
nappin/OfficeEssentialsPack/Prefabs/(Prb)DeskLight.prefab,588aa06e7b19918648367bdb78c29acd0d29022fd5cf941843ebe1caff18ec82,13769,
nappin/OfficeEssentialsPack/Prefabs/(Prb)DeskLight.prefab.meta,86cfa2f8dfb9b98a9be48b9a87a57c33f9f1a38ba7bb967e7d97b63401fc7e9c,154,e0a309163f5d1ef4e81367371dba0804
nappin/OfficeEssentialsPack/Prefabs/(Prb)DeskPlant.prefab,139faaaac8b5162680a3b3b71460bd521310ea3e758bad9da3d3d8c1f11b0204,3964,
nappin/OfficeEssentialsPack/Prefabs/(Prb)DeskPlant.prefab.meta,a9aede3dbc90692f33efea62680c3917023ade70e15ce676b7c4ff558cacd44d,154,c02a999a44edfa048a0420775c83cf3d
nappin/OfficeEssentialsPack/Prefabs/(Prb)DeskPrinter.prefab,1bd7c938f910fc3c3277724fbe6b1a44bce5e27f29f55de64db657abccb8123b,4180,
nappin/OfficeEssentialsPack/Prefabs/(Prb)DeskPrinter.prefab.meta,ed9b32cd601bf8f098f152cbf138d4913bd747ffccee7d484fda3cffb317bf12,154,cc05ee3ee5dd90e47863e933663f5eba
nappin/OfficeEssentialsPack/Prefabs/(Prb)DocumentHolder.prefab,88a26208f573b4d976aeacde8851781d097a4a3061e00a0d58e2493979a1e889,3827,
nappin/OfficeEssentialsPack/Prefabs/(Prb)DocumentHolder.prefab.meta,77a9427b7697e3b6a4fb71585d1cc726c9f3985d844b9c62b4c710d4c3dd1f4e,154,6f7b9206e8634ed49be22ce24b106709
nappin/OfficeEssentialsPack/Prefabs/(Prb)Drawer1.prefab,d13fbeecc266115d44a41494f4a03e2bbbd62145e10bbb2a54e0ab0457f370d8,10842,
nappin/OfficeEssentialsPack/Prefabs/(Prb)Drawer1.prefab.meta,d4d663b9765e02616f794c0ba311e02cb4a91a98ed0e91121668ef63ea0b08c8,154,676edecf7cf6d7645a15b3550dce3e70
nappin/OfficeEssentialsPack/Prefabs/(Prb)Drawer2.prefab,ddc4f957e9899411ec341e1a1dca4a94a8571841bd1cedf94ec06856134f8791,10959,
nappin/OfficeEssentialsPack/Prefabs/(Prb)Drawer2.prefab.meta,417ed69765164caa5481aa5711a90d49d76fd3d7e067a178c598ffd57df40907,154,8ff4ad687e8a081468b81cfdd2d710e4
nappin/OfficeEssentialsPack/Prefabs/(Prb)Drawer3.prefab,24911ea551b56df33645f02d650231a6c26e3f6dc3d960348aefd7957a0d6898,10839,
nappin/OfficeEssentialsPack/Prefabs/(Prb)Drawer3.prefab.meta,a83c227af5e255cfc48f4c50a588e0c84d86d4625fe19445e3d0fc03dfd4db52,154,1eba6e825e1b0ba4db1d042de5c08e44
nappin/OfficeEssentialsPack/Prefabs/(Prb)Fatboy.prefab,d48f7f63e81ff18210a814127194438cd24247c5441aa62e053812d5642a77af,3842,
nappin/OfficeEssentialsPack/Prefabs/(Prb)Fatboy.prefab.meta,7bc1df48fd28212e1090149277213362f5ed239b62e9423a178a659fa8d11ae7,154,2c6803eaefbe99844936e0fdb90f45b0
nappin/OfficeEssentialsPack/Prefabs/(Prb)KitchenModule.prefab,645b3f28d1a0bfea624914282c8515651dffd392d5ea07c2a38923047189ec83,4031,
nappin/OfficeEssentialsPack/Prefabs/(Prb)KitchenModule.prefab.meta,311ceb9884a72f9f91ccaeec43ca3b915080ceb614c7c48c0a3b426765654e81,154,ed097709fffbe46488ab5df91f69939c
nappin/OfficeEssentialsPack/Prefabs/(Prb)LoungeChair.prefab,afd58f953d263bbf4c948e74766ff6e10f566566b5ce03c4c536bdb14a505c28,3892,
nappin/OfficeEssentialsPack/Prefabs/(Prb)LoungeChair.prefab.meta,12f577add7b8b395837a644ce290c2e7412d4fdf67de1177ef1331fd97901a00,154,3461c8d14bc13bb4384505ad2b8b974f
nappin/OfficeEssentialsPack/Prefabs/(Prb)Microwave.prefab,933e37bc9d10025509257391d1c8ddcf0dfe4c182c537d925e36ddbc6b02f82d,4036,
nappin/OfficeEssentialsPack/Prefabs/(Prb)Microwave.prefab.meta,b21bc9ad212a28c85ac216fbeb1f7d74058f5a8b12342202aa9088ef81f028c1,154,52d6dcae9530f6f4e9af1bb2b9a6c1fc
nappin/OfficeEssentialsPack/Prefabs/(Prb)Mug.prefab,a33bbac0243493d9fb91c9e491e6e0ff450867d727968da46637282ceb3ad1ea,7819,
nappin/OfficeEssentialsPack/Prefabs/(Prb)Mug.prefab.meta,681ec51844d6ef26a0f53dc2ae2baec69b14f838c879077fab3be0e2674995dc,154,494d1072afe81fe449dc0c5b43fb5099
nappin/OfficeEssentialsPack/Prefabs/(Prb)OfficeChair.prefab,765789938af290b302d0737c515c03c59202ab7a9b9212b998a594287e31ee3c,3968,
nappin/OfficeEssentialsPack/Prefabs/(Prb)OfficeChair.prefab.meta,ab98686bc1e87fc38efc006e163c4db6b3aefd10d0f1516f75af1f2366493c03,154,3713613c4ffcd6945900432c53af79b8
nappin/OfficeEssentialsPack/Prefabs/(Prb)PC.prefab,11c688e46dda46cf3d37164aab060580a170c697a5145aff4bf98b2fa20d8f01,13684,
nappin/OfficeEssentialsPack/Prefabs/(Prb)PC.prefab.meta,c85cb435cbaa2d32c6d4921703889c56922d6838e2ee790be76206d0777b4b9a,154,a5ac041b79f79364ca8481b503332787
nappin/OfficeEssentialsPack/Prefabs/(Prb)PCCase.prefab,24a15cc7665ad763d42551a23310a12deb85bbf17705b4bdef085f343c7b0b44,3956,
nappin/OfficeEssentialsPack/Prefabs/(Prb)PCCase.prefab.meta,a7a76a2ca29b234a142c3f5e6c9ae7a31e455a024af62ca6cc3c2611c901d846,154,3e20fca3c99e79e478de1650318e27f1
nappin/OfficeEssentialsPack/Prefabs/(Prb)PenHolder.prefab,72645f11d9065a179fcff3911c9fc250db0298b1909f8cfcce673164f6edf0b8,14120,
nappin/OfficeEssentialsPack/Prefabs/(Prb)PenHolder.prefab.meta,dcf2313ac28d6254f9c80543f99247f68045655892e3889b23cba871cb3545b5,154,0177ee00efab698438288ebb753747ce
nappin/OfficeEssentialsPack/Prefabs/(Prb)Plant1.prefab,1153e68a29cc08abcf8fa6ba8513f23575f53a865a8595301a0113e779eb0785,3957,
nappin/OfficeEssentialsPack/Prefabs/(Prb)Plant1.prefab.meta,a3b529e105d5647f947e367891fcb66a51ab12bc434cdce1d53b986de68a8441,154,09786b2145094304f8e76c50e272040f
nappin/OfficeEssentialsPack/Prefabs/(Prb)Plant2.prefab,ecbf5f89b82f0fb271dd0e10fb2ef81e34103abfaa5e6f75234fbfa03416358e,3955,
nappin/OfficeEssentialsPack/Prefabs/(Prb)Plant2.prefab.meta,5c5993278c997579047780ebaa0f528981fe90caaec79228d6b8e73ccfd00c3d,154,2db51a3ce7d7fe34a934d68f0c488f54
nappin/OfficeEssentialsPack/Prefabs/(Prb)PlantBox.prefab,0402a76ca06d629e8ad39389e40cd5eb4b8ba7a4a92d69b8149f568a922d420c,3954,
nappin/OfficeEssentialsPack/Prefabs/(Prb)PlantBox.prefab.meta,54837b7d1763c066f0563e5d78fa2902daa8fc1754f8a8366c36170a6c595cd0,154,a2e6444451e398844bfa41ba8f0ebfb2
nappin/OfficeEssentialsPack/Prefabs/(Prb)Printer.prefab,1a7d7c95c2cd05824e55564c8a1af1ddea62b4cc9eacd5431013e6e221eaeb74,4114,
nappin/OfficeEssentialsPack/Prefabs/(Prb)Printer.prefab.meta,42447fc2db68f9d81c573fbefb245747fc73b63fd9157eef71ae8fb8217e2d7a,154,aae064ec06860f04787f3ee19de1c0c1
nappin/OfficeEssentialsPack/Prefabs/(Prb)Projector.prefab,a1de7b19e9858e25c98c3151d37319759e3fe9571f5554a35c2211a5412eb510,3965,
nappin/OfficeEssentialsPack/Prefabs/(Prb)Projector.prefab.meta,48e01428b96a2af37dcd99448f62458ed9a25b8c100d2256b06912a1ca8d6ca0,154,c4769332a3574e543a8455feae3cc05d
nappin/OfficeEssentialsPack/Prefabs/(Prb)Separator.prefab,8739283f95de5989f71e424324a0def0fb60c573c4070aa5a78aafc1ec1a8463,3882,
nappin/OfficeEssentialsPack/Prefabs/(Prb)Separator.prefab.meta,25ded5101e35a8ba21279920351bc352164e9aabcc17dd8d042e455e141bbd60,154,00054b7f105fdce479315a0b18b079e7
nappin/OfficeEssentialsPack/Prefabs/(Prb)SeparatorDoor.prefab,7262718ac48c1a7741d110c4df7673184d9fcb18db30a4f808bd94c47f4baf8e,8002,
nappin/OfficeEssentialsPack/Prefabs/(Prb)SeparatorDoor.prefab.meta,d46f161e3c956755f04d5b188bfb8516eec83502e396834322a375e4f6a0ac58,154,fd9a0b6c96158cf4291ea793dcd09c5e
nappin/OfficeEssentialsPack/Prefabs/(Prb)Shelves1.prefab,797f6d5556a2ad54dcdf3087b5931b0b1a7812994220e1377b7207949d3e8566,3884,
nappin/OfficeEssentialsPack/Prefabs/(Prb)Shelves1.prefab.meta,f98eeab678e7dc5e8479f65d781ce0bc162664fbd942001e79322ffcc8610750,154,fa8eb2eb998ad8c489fe86794b62dfe1
nappin/OfficeEssentialsPack/Prefabs/(Prb)Shelves2.prefab,b937fd82d4b670802ad58e727a4ea0b141c2efd390d148a4d8e1f278fc8e7772,3885,
nappin/OfficeEssentialsPack/Prefabs/(Prb)Shelves2.prefab.meta,e7739af3be8cfc817c5504756d377e5b4170c6c5b4e6f52eff7e24d0d5803683,154,5c3e1f6875120eb49a705fe9d38e51e9
nappin/OfficeEssentialsPack/Prefabs/(Prb)Shelves3.prefab,b0424ae724bbaf32e8e06056900610b5e7e332e03d09ef39ae96c59a454ecf43,3817,
nappin/OfficeEssentialsPack/Prefabs/(Prb)Shelves3.prefab.meta,3488f17aefe7459f272a9aec27236c5b8d0a4b8dcc0402b1451cd52c4cf1e466,154,f149402989451fe4ab69bfd1ceb5124f
nappin/OfficeEssentialsPack/Prefabs/(Prb)SmokeDetector.prefab,de4033684576cc3f24e7656ae95d52dbbb259ab17bfa681888c9d908c85cb2a7,3807,
nappin/OfficeEssentialsPack/Prefabs/(Prb)SmokeDetector.prefab.meta,b2d56993ea8e945b9337290128d73c43662b3933308b32ea517408fab4cd0989,154,76a7e6c2e588e024d85efa115fe688c2
nappin/OfficeEssentialsPack/Prefabs/(Prb)Sofa1.prefab,b82455f4835392216ce65e399b8bcec1e518255f8efcde16f0c1bfcb90a82f36,3881,
nappin/OfficeEssentialsPack/Prefabs/(Prb)Sofa1.prefab.meta,16d092dafccbe4584da937f4f0008f72f5d0913714ca4a9030f70c22cc2c9483,154,744fdfc5e08624943b22ba3c3e353e07
nappin/OfficeEssentialsPack/Prefabs/(Prb)Sofa2.prefab,feca813fe316771026c4a8bbcb8571e211a3133c198be61aac750ffdafa79b5e,3883,
nappin/OfficeEssentialsPack/Prefabs/(Prb)Sofa2.prefab.meta,f35f8a5e44ce2b673d92bf1d40dfd85adae0cd3c5d08d84463d39f0c3bf7c83c,154,9cf94939f3dfab54eb62e181bdc60594
nappin/OfficeEssentialsPack/Prefabs/(Prb)Sofa3.prefab,0ffa987a3e82fb515dcb137556a0f7e615ffc3808c3a6aff199965d7c1d0be06,3886,
nappin/OfficeEssentialsPack/Prefabs/(Prb)Sofa3.prefab.meta,f11e4a86611b1d099f5f22d4d512648c09a5736fbc0aef0dcc83ab81a87d3c26,154,4c2b4033ea200a340bdf5dd2b0145174
nappin/OfficeEssentialsPack/Prefabs/(Prb)Stapler.prefab,ab2d3bd88f9a0ea45e6439384ab16ed3b0cfb2475f11529e89797e88658f7eee,3970,
nappin/OfficeEssentialsPack/Prefabs/(Prb)Stapler.prefab.meta,6da37ad730a403fe4841cf2dd9ad8f32cab65ba01048a0700254225143e58a30,154,39ce2aae8ff6f9148acb0e82db36ee1d
nappin/OfficeEssentialsPack/Prefabs/(Prb)TrashCan.prefab,7b31c799da075ba3e20c1e487141ff501e5c779399eaa0425ae453abb1fd8699,10689,
nappin/OfficeEssentialsPack/Prefabs/(Prb)TrashCan.prefab.meta,27137aa5c45e81ffe229b97cf637fb2b77cf46d6e66813022c6994587a14c9f6,154,458271fb06e38ef4abfe60d080c61a94
nappin/OfficeEssentialsPack/Prefabs/(Prb)VendingMachine.prefab,d8aef065abe8052d427fe0f0573c08284a76fc9378c73dfef9ab6ad44803c978,531743,
nappin/OfficeEssentialsPack/Prefabs/(Prb)VendingMachine.prefab.meta,1a547c97100939f500f1cc2609dd202d9bebea845815a21f4d16651ffe29bf7e,154,5fab3d9a08a16ed429bbc510962997d8
nappin/OfficeEssentialsPack/Prefabs/(Prb)WaterDispenser.prefab,d1dcc7c789f4db8b06f458cf7070d2798f0b5c9be0e6289be665786ade024a6f,4118,
nappin/OfficeEssentialsPack/Prefabs/(Prb)WaterDispenser.prefab.meta,fcb4788f012b1e2ba8a6b7c0c89fb61242da0e1c165d54fcb27d235cafa1dfd5,154,135f561a417209449aa3f0e15225613e
nappin/OfficeEssentialsPack/Prefabs/(Prb)Window.prefab,855feb40dee441a168cd4ff4854b40682f990f934e76f5f647b3202ffeb2eec9,7865,
nappin/OfficeEssentialsPack/Prefabs/(Prb)Window.prefab.meta,4375cf8e1ffdf4511c52064a85b580f2c18619742a2754399a70d17482e54a27,154,89cfaf2600805bd4f9562f6e545966f7
nappin/OfficeEssentialsPack/Prefabs/(Prb)YogaBall.prefab,03db2b9a4abf01a95166547b851096f2ec5fe575ec0f5e1f2f27ec56a96e2110,3771,
nappin/OfficeEssentialsPack/Prefabs/(Prb)YogaBall.prefab.meta,29f12e32b1ce8193394225a54d7a2df3ca5ee474dad30b7e3cd6ebf43628473b,154,c1b661568473d8448ab9c3fa53457a08
nappin/OfficeEssentialsPack/Textures.meta,88c03e90095cd5608cdb44198307a2ed0c58761882713570f22c2713f51657ba,172,2a0ec94554cb3e2428234720c5b19ea5
nappin/OfficeEssentialsPack/Textures/(Txt)GradientBeige.png,372cfdbac63822f64dc5e37b30122a9c5d5db2abbfd12b58b16e26fa997582ab,17145,
nappin/OfficeEssentialsPack/Textures/(Txt)GradientBeige.png.meta,dd4ef442e85c55d038d8f795ee468b4607037beeba0f1128998d8b80e8aeb522,2773,ce207ba7fd9e7f047867bbf272711c24
nappin/OfficeEssentialsPack/Textures/(Txt)GradientBlack.png,c68b935fe6d2b26bd99207f298f642c8bc174d9e7e0cb3bf2433f11e716030da,13835,
nappin/OfficeEssentialsPack/Textures/(Txt)GradientBlack.png.meta,6d5df34e35a845634a6d52019f3a54a59d0310753be0139a5b6de6ae94508c53,2773,b817c21b3dd3f2e449f88957c9cb76f4
nappin/OfficeEssentialsPack/Textures/(Txt)GradientBlue.png,0c9b5a6391fed0b537fa9598cd49b79cecb9f33f9c6649a2b9ab92cd88b3fc15,16241,
nappin/OfficeEssentialsPack/Textures/(Txt)GradientBlue.png.meta,474e5d647072f45454fabadd10ec8669874d1456d91209bb3cb331e885ebdd13,2773,bbea79d6aa038d54bab0fbdb23379cc8
nappin/OfficeEssentialsPack/Textures/(Txt)GradientBrown.png,75779f29fbe66fb3a6d1ea08ecdfc71891f8550eb426c7ccb8005f61500f5fba,16137,
nappin/OfficeEssentialsPack/Textures/(Txt)GradientBrown.png.meta,6c2ca12e766354d7d97ef84346d6a34dbc93e018ba8b141a8bad26f16dc3e57d,2773,a5fbcf512e323074384f3d7eb1b798f5
nappin/OfficeEssentialsPack/Textures/(Txt)GradientDarkbrown.png,4a17cf44b51e7ef5e89e6676fde18eab09125262adb1d2d40574b27e6ea93da5,16535,
nappin/OfficeEssentialsPack/Textures/(Txt)GradientDarkbrown.png.meta,927af659ec9f50b7e34e88a50c3ac7f1c9fa4279e2c9186d8963e6ad8177090a,2773,a350ac53491e75b4e843bb6e1705a1d4
nappin/OfficeEssentialsPack/Textures/(Txt)GradientDarkgreen.png,a5418e9c0b77490ebb02ff4cd9761d0138828344dcde7e2b6c31a1348d14a1d3,16883,
nappin/OfficeEssentialsPack/Textures/(Txt)GradientDarkgreen.png.meta,c45ab2968ad0f6182411b577901508f682a5db705144123cf43ed6692e020a00,2773,8ade6825967f29e4e9447897ae3c8878
nappin/OfficeEssentialsPack/Textures/(Txt)GradientDarkgrey.png,027ea64e6dad7fef051a2718c3de6763686fbb7972f6ffa1c913392f977548b9,16098,
nappin/OfficeEssentialsPack/Textures/(Txt)GradientDarkgrey.png.meta,45a80239c0c805ac7a12bd73c24ae1e5c7c459fbcd67bf5f3291bf273bd148b8,2773,77f399026e807f748b4cebba73b4426c
nappin/OfficeEssentialsPack/Textures/(Txt)GradientDarkred.png,1357294506bd89093f00bd2468a6d00ac26c673754ba0c32406934c46ccb3b36,16129,
nappin/OfficeEssentialsPack/Textures/(Txt)GradientDarkred.png.meta,8ff88a423745b2bf59c169267ed95214a1538eb09678e669b30953bb4070211b,2773,2cd3259f9019fbf4baa0566e469b5cc2
nappin/OfficeEssentialsPack/Textures/(Txt)GradientGreen.png,8c3ac62c8893ff5e621914e46f5e3b401b53c15bb3ed01a0b43a7f1272676929,16249,
nappin/OfficeEssentialsPack/Textures/(Txt)GradientGreen.png.meta,2e87300db37213664760e1fa9adf20464af07c7ddcb8df774f0257a444fbbb5d,2773,b3d2d9ac8c50c0743af991b469817ddc
nappin/OfficeEssentialsPack/Textures/(Txt)GradientGrey.png,90aca084dd4f1a0c51c940f97feda0523626be81ac77f8bcb4b4270f6ed9cfa6,15930,
nappin/OfficeEssentialsPack/Textures/(Txt)GradientGrey.png.meta,5ae87867cadc569d0ecdd17ad025382935bbb2045c5111b268ba3c294d16dcc7,2773,df845f1b1122f644ab4fbfbd3b3c763f
nappin/OfficeEssentialsPack/Textures/(Txt)GradientOrange.png,aa501084668d4fea1f56451185baed9b0fbe1c48d785e49a094fb4f3f0bbf870,16224,
nappin/OfficeEssentialsPack/Textures/(Txt)GradientOrange.png.meta,4aa1a05420c0c7ec499dfda8126ad5c52751c0d7b030f8c891d71f97f5fb451a,2773,1be709cd9dfa27c48a678cdacc829f7e
nappin/OfficeEssentialsPack/Textures/(Txt)GradientRed.png,96b40f1f9881844d4c4da4dcd587af7b2f34c365865a5395bdf2c78538036c3c,16158,
nappin/OfficeEssentialsPack/Textures/(Txt)GradientRed.png.meta,02d080dd25f5be66af0229f85d2402e3bac5f85ab095877e2e687ed7a4bf86a2,2773,eeb4d406c95b0424ca51a9f6cb36ac3d
nappin/OfficeEssentialsPack/Textures/(Txt)GradientYellow.png,03d06c94148d0caa57719cb28e53469400f28b237ce1c3f24dcbe88631a1df80,16253,
nappin/OfficeEssentialsPack/Textures/(Txt)GradientYellow.png.meta,654fee53e559c1331d474c6503f363e85341b17f2d3bf9aeba30e06a4bcd8217,2773,da405f481770b8a4a8592cf2f2eeb50d
nappin/OfficeEssentialsPack/readme.txt,3d01f6014972c7142df945608f28ccdc712ca920463bb4385014a059e22af46c,168,
nappin/OfficeEssentialsPack/readme.txt.meta,5d7bf3bab0000d7f864c1f76f6698b52f41c97111c028402794f6f2abe6dd446,158,c6d6a7c580195fe44a44bda65534cc89
